75.000000,100.000000,100.000000,100.000000,100.000000,100.000000,100.000000,100.000000,100.000000,100.000000,100.000000,100.000000,100.000000,100.000000,100.000000,100.000000,100.000000,100.000000,100.000000,100.000000,100.000000,100.000000,100.000000,100.000000,100.000000,100.000000,100.000000,100.000000,100.000000,100.000000,100.000000,100.000000,100.000000,100.000000,100.000000,100.000000,100.000000,100.000000,100.000000,100.000000,100.000000,100.000000,100.000000,100.000000,100.000000,100.000000,100.000000,100.000000,100.000000,100.000000,100.000000,100.000000,100.000000,100.000000,100.000000,100.000000,100.000000,100.000000,100.000000,100.000000,100.000000,100.000000,100.000000,100.000000,100.000000,100.000000,100.000000,100.000000,100.000000,100.000000,100.000000,100.000000,100.000000,100.000000,100.000000,100.000000,100.000000,100.000000,100.000000,100.000000,100.000000,100.000000,100.000000,100.000000,100.000000,100.000000,100.000000,100.000000,100.000000,100.000000,100.000000,100.000000,100.000000,100.000000,100.000000,100.000000,100.000000,100.000000,100.000000,100.000000,100.000000,100.000000,100.000000,100.000000,100.000000,100.000000,100.000000,100.000000,100.000000,100.000000,100.000000,100.000000,100.000000,100.000000,100.000000,100.000000,100.000000,100.000000,100.000000,100.000000,100.000000,100.000000,100.000000,100.000000,100.000000,100.000000,100.000000,50.000000
75.000000,24.403225,18.106956,13.991031,11.204580,9.251434,7.835967,6.777883,5.964472,5.323434,4.807176,4.383533,4.030230,3.731455,3.475736,3.254573,3.061547,2.891730,2.741275,2.607139,2.486885,2.378537,2.280476,2.191365,2.110089,2.035709,1.967434,1.904586,1.846587,1.792937,1.743203,1.697009,1.654025,1.613961,1.576563,1.541605,1.508886,1.478227,1.449471,1.422473,1.397106,1.373255,1.350815,1.329693,1.309805,1.291073,1.273428,1.256807,1.241151,1.226410,1.212536,1.199485,1.187219,1.175701,1.164902,1.154790,1.145340,1.136530,1.128337,1.120744,1.113734,1.107293,1.101410,1.096074,1.091278,1.087015,1.083281,1.080073,1.077392,1.075237,1.073614,1.072525,1.071980,1.071986,1.072555,1.073701,1.075439,1.077789,1.080770,1.084408,1.088728,1.093763,1.099546,1.106115,1.113513,1.121789,1.130994,1.141190,1.152442,1.164824,1.178418,1.193319,1.209628,1.227464,1.246957,1.268256,1.291530,1.316969,1.344791,1.375245,1.408620,1.445246,1.485508,1.529856,1.578817,1.633015,1.693193,1.760241,1.835236,1.919496,2.014646,2.122712,2.246257,2.388568,2.553923,2.747986,2.978408,3.255726,3.594794,4.017051,4.554226,5.254519,6.193069,7.490075,9.342620,12.081483,16.273907,50.000000
75.000000,45.319733,34.133545,26.708395,21.607489,17.983431,15.325275,13.317530,11.760515,10.524569,9.523319,8.697772,8.006634,7.420339,6.917255,6.481250,6.100063,5.764229,5.466329,5.200473,4.961924,4.746832,4.552039,4.374925,4.213304,4.065334,3.929456,3.804337,3.688836,3.581967,3.482875,3.390814,3.305134,3.225262,3.150691,3.080973,3.015714,2.954556,2.897185,2.843317,2.792698,2.745099,2.700313,2.658155,2.618455,2.581061,2.545834,2.512648,2.481390,2.451955,2.424248,2.398186,2.373689,2.350687,2.329116,2.308918,2.290043,2.272442,2.256075,2.240905,2.226899,2.214030,2.202273,2.191610,2.182024,2.173501,2.166035,2.159621,2.154256,2.149945,2.146692,2.144508,2.143408,2.143409,2.144534,2.146810,2.150268,2.154946,2.160884,2.168132,2.176743,2.186778,2.198305,2.211401,2.226150,2.242648,2.261000,2.281326,2.303755,2.328436,2.355533,2.385231,2.417733,2.453273,2.492112,2.534543,2.580899,2.631559,2.686954,2.747578,2.813998,2.886867,2.966944,3.055115,3.152418,3.260075,3.379546,3.512572,3.661259,3.828170,4.016462,4.230060,4.473911,4.754319,5.079457,5.460083,5.910616,6.450762,7.108051,7.921814,8.949627,10.277931,12.039849,14.445700,17.836128,22.776047,30.223326,50.000000
75.000000,60.286152,46.563999,37.194382,30.586708,25.780521,22.182585,19.417629,17.242420,15.495399,14.066621,12.879497,11.879481,11.026901,10.292335,9.653567,9.093562,8.599043,8.159529,7.766644,7.413618,7.094921,6.805995,6.543050,6.302915,6.082905,5.880748,5.694497,5.522474,5.363238,5.215529,5.078253,4.950449,4.831270,4.719972,4.615893,4.518445,4.427103,4.341400,4.260917,4.185275,4.114133,4.047188,3.984161,3.924802,3.868883,3.816200,3.766564,3.719806,3.675771,3.634320,3.595323,3.558665,3.524241,3.491957,3.461726,3.433470,3.407121,3.382617,3.359901,3.338928,3.319654,3.302044,3.286069,3.271704,3.258932,3.247740,3.238119,3.230069,3.223593,3.218701,3.215409,3.213736,3.213709,3.215363,3.218737,3.223879,3.230842,3.239691,3.250495,3.263335,3.278303,3.295498,3.315035,3.337040,3.361654,3.389035,3.419359,3.452819,3.489636,3.530052,3.574340,3.622805,3.675790,3.733680,3.796910,3.865973,3.941424,4.023901,4.114130,4.212943,4.321300,4.440311,4.571274,4.715698,4.875372,5.052404,5.249320,5.469154,5.715589,5.993139,6.307384,6.665309,7.075761,7.550102,8.103133,8.754471,9.530560,10.467767,11.617143,13.051987,14.880008,17.263351,20.452200,24.842049,31.073195,40.206036,50.000000
75.000000,68.515999,54.815422,45.018085,37.822659,32.404045,28.227987,24.941053,22.304438,20.153366,18.371826,16.876524,15.606562,14.516624,13.572450,12.747740,12.022034,11.379197,10.806362,10.293160,9.831142,9.413363,9.034067,8.688452,8.372463,8.082683,7.816182,7.570461,7.343359,7.133006,6.937774,6.756239,6.587153,6.429413,6.282047,6.144193,6.015078,5.894021,5.780405,5.673682,5.573355,5.478977,5.390148,5.306504,5.227712,5.153475,5.083522,5.017605,4.955502,4.897007,4.841937,4.790122,4.741409,4.695659,4.652747,4.612559,4.574993,4.539958,4.507370,4.477158,4.449258,4.423615,4.400182,4.378919,4.359795,4.342784,4.327872,4.315048,4.304308,4.295660,4.289114,4.284690,4.282417,4.282330,4.284472,4.288898,4.295668,4.304855,4.316543,4.330823,4.347803,4.367601,4.390352,4.416203,4.445323,4.477897,4.514132,4.554258,4.598533,4.647241,4.700704,4.759278,4.823364,4.893410,4.969919,5.053457,5.144670,5.244280,5.353116,5.472120,5.602370,5.745106,5.901768,6.074012,6.263788,6.473375,6.705463,6.963255,7.250581,7.572071,7.933350,8.341331,8.804592,9.333879,9.942835,10.648990,11.475182,12.451615,13.618895,15.032537,16.769890,18.940802,21.704472,25.296518,30.073111,36.584309,45.697685,50.000000
75.000000,70.960793,59.289776,50.315804,43.328281,37.814014,33.402687,29.826092,26.888786,24.447104,22.394424,20.650757,19.155422,17.861889,16.734056,15.743621,14.868173,14.089755,13.393885,12.768746,12.204626,11.693478,11.228592,10.804321,10.415892,10.059245,9.730894,9.427856,9.147535,8.887691,8.646352,8.421801,8.212530,8.017200,7.834628,7.663763,7.503667,7.353506,7.212527,7.080059,6.955492,6.838280,6.727931,6.623996,6.526071,6.433786,6.346809,6.264836,6.187592,6.114823,6.046302,5.981821,5.921191,5.864241,5.810814,5.760772,5.713988,5.670347,5.629749,5.592104,5.557333,5.525368,5.496150,5.469631,5.445771,5.424541,5.405918,5.389892,5.376459,5.365624,5.357404,5.351823,5.348914,5.348722,5.351301,5.356716,5.365043,5.376372,5.390804,5.408454,5.429454,5.453950,5.482106,5.514107,5.550156,5.590483,5.635342,5.685015,5.739816,5.800099,5.866252,5.938715,6.017974,6.104577,6.199137,6.302347,6.414984,6.537930,6.672184,6.818888,6.979338,7.155031,7.347681,7.559279,7.792138,8.048961,8.332922,8.647784,8.998015,9.388972,9.827132,10.320361,10.878318,11.512964,12.239241,13.076013,14.047342,15.184253,16.527189,18.129473,20.062197,22.421120,25.336552,28.987268,33.620171,39.577381,47.332626,50.000000
75.000000,69.789200,61.111160,53.659515,47.384045,42.137794,37.754539,34.080315,30.983562,28.356207,26.111177,24.178963,22.504194,21.042727,19.759226,18.625261,17.617840,16.718214,15.911024,15.183583,14.525352,13.927509,13.382642,12.884467,12.427638,12.007584,11.620368,11.262586,10.931288,10.623903,10.338172,10.072118,9.823992,9.592250,9.375521,9.172579,8.982338,8.803823,8.636152,8.478541,8.330280,8.190729,8.059306,7.935486,7.818793,7.708795,7.605098,7.507345,7.415208,7.328393,7.246630,7.169672,7.097296,7.029300,6.965499,6.905731,6.849839,6.797695,6.749177,6.704177,6.662604,6.624375,6.589421,6.557685,6.529120,6.503690,6.481369,6.462144,6.446011,6.432976,6.423058,6.416285,6.412697,6.412345,6.415295,6.421623,6.431418,6.444787,6.461849,6.482739,6.507613,6.536642,6.570020,6.607965,6.650716,6.698542,6.751742,6.810647,6.875626,6.947091,7.025501,7.111364,7.205250,7.307798,7.419722,7.541824,7.675009,7.820293,7.978834,8.151940,8.341105,8.548039,8.774699,9.023350,9.296600,9.597499,9.929601,10.297090,10.704902,11.158912,11.666140,12.235038,12.875850,13.601061,14.426003,15.369619,16.455463,17.712969,19.179041,20.900013,22.933939,25.352863,28.244480,31.711458,35.864571,40.801815,46.556656,50.000000
75.000000,67.515297,61.665962,55.813366,50.408585,45.601109,41.401314,37.761059,34.612461,31.885887,29.517462,27.451578,25.641125,24.046745,22.635744,21.381065,20.260265,19.254684,18.348770,17.529497,16.785915,16.108755,15.490151,14.923391,14.402717,13.923175,13.480475,13.070895,12.691185,12.338506,12.010359,11.704538,11.419100,11.152315,10.902643,10.668715,10.449303,10.243303,10.049730,9.867686,9.696371,9.535057,9.383085,9.239856,9.104828,8.977508,8.857450,8.744241,8.637507,8.536917,8.442157,8.352943,8.269024,8.190167,8.116159,8.046810,7.981949,7.921421,7.865088,7.812828,7.764532,7.720108,7.679476,7.642570,7.609335,7.579731,7.553726,7.531307,7.512466,7.497214,7.485569,7.477563,7.473244,7.472670,7.475914,7.483064,7.494224,7.509512,7.529068,7.553044,7.581618,7.614988,7.653373,7.697021,7.746206,7.801234,7.862443,7.930212,8.004957,8.087151,8.177304,8.276000,8.383878,8.501658,8.630145,8.770242,8.922955,9.089429,9.270947,9.468968,9.685149,9.921371,10.179794,10.462887,10.773503,11.114939,11.491022,11.906224,12.365781,12.875864,13.443770,14.078176,14.789452,15.590023,16.494844,17.521971,18.693169,20.034685,21.577927,23.359955,25.423355,27.814545,30.578770,33.748142,37.315712,41.181839,45.045792,50.000000
75.000000,66.125778,62.127972,57.473286,52.814754,48.448029,44.485828,40.950111,37.820419,35.058865,32.622631,30.470058,28.563105,26.868299,25.356720,24.003628,22.787979,21.691895,20.700209,19.800014,18.980289,18.231642,17.545982,16.916365,16.336777,15.802016,15.307543,14.849399,14.424110,14.028626,13.660256,13.316614,12.995584,12.695291,12.414048,12.150358,11.902874,11.670379,11.451788,11.246117,11.052474,10.870056,10.698129,10.536033,10.383163,10.238970,10.102955,9.974662,9.853675,9.739614,9.632135,9.530926,9.435695,9.346188,9.262160,9.183406,9.109729,9.040954,8.976928,8.917514,8.862591,8.812054,8.765809,8.723786,8.685923,8.652172,8.622500,8.596891,8.575337,8.557847,8.544442,8.535158,8.530048,8.529179,8.532628,8.540499,8.552901,8.569974,8.591866,8.618755,8.650834,8.688324,8.731467,8.780544,8.835859,8.897750,8.966591,9.042806,9.126857,9.219256,9.320581,9.431466,9.552619,9.684830,9.828982,9.986059,10.157166,10.343543,10.546589,10.767878,11.009192,11.272558,11.560272,11.874975,12.219676,12.597834,13.013453,13.471159,13.976325,14.535219,15.155176,15.844790,16.614176,17.475241,18.442019,19.530979,20.761414,22.155636,23.738981,25.539248,27.584957,29.901367,32.502110,35.372559,38.437557,41.500011,44.124538,50.000000
75.000000,66.528915,63.140022,59.081463,54.900730,50.876434,47.137398,43.730553,40.659611,37.906769,35.444836,33.243687,31.273695,29.507339,27.919821,26.489271,25.196568,24.025091,22.960484,21.990307,21.103815,20.291712,19.545925,18.859434,18.226128,17.640667,17.098362,16.595114,16.127291,15.691686,15.285467,14.906113,14.551373,14.219243,13.907928,13.615821,13.341469,13.083570,12.840945,12.612533,12.397367,12.194572,12.003355,11.822993,11.652828,11.492262,11.340747,11.197784,11.062919,10.935736,10.815855,10.702931,10.596651,10.496726,10.402896,10.314928,10.232607,10.155741,10.084162,10.017715,9.956266,9.899703,9.847923,9.800844,9.758399,9.720535,9.687218,9.658423,9.634148,9.614396,9.599195,9.588582,9.582616,9.581367,9.584927,9.593402,9.606915,9.625618,9.649675,9.679279,9.714643,9.756004,9.803638,9.857840,9.918942,9.987318,10.063376,10.147573,10.240409,10.342448,10.454308,10.576675,10.710315,10.856078,11.014911,11.187870,11.376131,11.581021,11.804023,12.046800,12.311231,12.599442,12.913834,13.257142,13.632470,14.043376,14.493923,14.988778,15.533314,16.133722,16.797174,17.531929,18.347572,19.255167,20.267462,21.399033,22.666395,24.087902,25.683300,27.472668,29.474131,31.699545,34.146439,36.783516,39.524910,42.184845,44.398365,50.000000
75.000000,68.492889,64.746361,60.769371,56.806629,53.006725,49.450024,46.171780,43.179260,40.463379,38.006367,35.786537,33.781143,31.968010,30.326426,28.837498,27.484289,26.251751,25.126598,24.097151,23.153166,22.285650,21.486715,20.749443,20.067739,19.436241,18.850216,18.305475,17.798309,17.325418,16.883865,16.471035,16.084579,15.722411,15.382631,15.063550,14.763632,14.481501,14.215906,13.965714,13.729899,13.507521,13.297734,13.099766,12.912905,12.736511,12.569995,12.412815,12.264487,12.124559,11.992622,11.868299,11.751255,11.641175,11.537778,11.440805,11.350034,11.265246,11.186264,11.112917,11.045061,10.982573,10.925340,10.873273,10.826297,10.784358,10.747415,10.715442,10.688434,10.666398,10.649362,10.637364,10.630469,10.628754,10.632313,10.641266,10.655746,10.675910,10.701944,10.734049,10.772456,10.817424,10.869244,10.928237,10.994761,11.069213,11.152032,11.243707,11.344775,11.455832,11.577538,11.710625,11.855906,12.014276,12.186734,12.374396,12.578499,12.800424,13.041717,13.304109,13.589540,13.900199,14.238546,14.607359,15.009779,15.449377,15.930199,16.456860,17.034588,17.669390,18.368076,19.138432,19.989298,20.930710,21.973949,23.131603,24.417486,25.846361,27.433390,29.193029,31.137136,33.271744,35.592003,38.074406,40.665401,43.265903,45.712761,50.000000
75.000000,71.030861,66.562508,62.426998,58.538441,54.886494,51.479660,48.324673,45.420883,42.760502,40.330585,38.115082,36.096573,34.257442,32.580688,31.050327,29.651644,28.371294,27.197243,26.118753,25.126228,24.211161,23.365990,22.584003,21.859251,21.186440,20.560863,19.978333,19.435106,18.927856,18.453587,18.009619,17.593552,17.203217,16.836664,16.492134,16.168032,15.862920,15.575481,15.304538,15.049004,14.807893,14.580312,14.365437,14.162526,13.970889,13.789908,13.619005,13.457661,13.305398,13.161777,13.026397,12.898897,12.778943,12.666234,12.560493,12.461473,12.368954,12.282731,12.202630,12.128495,12.060189,11.997593,11.940610,11.889162,11.843187,11.802641,11.767498,11.737749,11.713403,11.694488,11.681047,11.673146,11.670867,11.674312,11.683606,11.698895,11.720343,11.748145,11.782520,11.823712,11.871997,11.927682,11.991110,12.062658,12.142747,12.231842,12.330459,12.439160,12.558577,12.689402,12.832400,12.988421,13.158401,13.343377,13.544506,13.763069,14.000486,14.258347,14.538414,14.842669,15.173323,15.532850,15.924030,16.349993,16.814245,17.320751,17.873976,18.478933,19.141315,19.867487,20.664614,21.540695,22.504639,23.566235,24.736126,26.025663,27.446571,29.010462,30.728024,32.607895,34.655251,36.870529,39.249245,41.785698,44.486790,47.409798,50.000000
75.000000,73.015266,68.076881,63.848251,60.035927,56.520435,53.256088,50.225140,47.418240,44.826683,42.440155,40.246605,38.232723,36.384693,34.688789,33.131702,31.700897,30.384739,29.172535,28.054556,27.021994,26.066914,25.182203,24.361444,23.598921,22.889488,22.228539,21.611942,21.036001,20.497366,19.993050,19.520344,19.076822,18.660271,18.268703,17.900314,17.553467,17.226679,16.918591,16.627968,16.353697,16.094751,15.850191,15.619160,15.400877,15.194627,14.999750,14.815645,14.641764,14.477600,14.322695,14.176622,14.039000,13.909473,13.787725,13.673462,13.566421,13.466364,13.373081,13.286385,13.206102,13.132095,13.064235,13.002418,12.946558,12.896590,12.852469,12.814164,12.781665,12.754982,12.734142,12.719195,12.710204,12.707259,12.710467,12.719957,12.735884,12.758424,12.787778,12.824176,12.867879,12.919175,12.978385,13.045868,13.122021,13.207283,13.302141,13.407130,13.522842,13.649926,13.789104,13.941168,14.106994,14.287546,14.483892,14.697208,14.928809,15.180139,15.452798,15.748573,16.069447,16.417620,16.795561,17.205992,17.651987,18.136942,18.664682,19.239452,19.865995,20.549587,21.296093,22.111988,23.004389,23.981054,25.050335,26.221077,27.502451,28.903652,30.433531,32.100140,33.910347,35.869946,37.985161,40.267822,42.748409,45.506500,48.737808,50.000000
75.000000,73.735878,68.940132,64.879395,61.247478,57.907276,54.800171,51.901558,49.199924,46.687508,44.356579,42.198372,40.203022,38.359921,36.658180,35.086933,33.635670,32.294392,31.053757,29.905083,28.840401,27.852444,26.934559,26.080757,25.285589,24.544127,23.851933,23.204977,22.599628,22.032610,21.500944,21.001932,20.533150,20.092373,19.677591,19.286980,18.918871,18.571753,18.244240,17.935068,17.643087,17.367235,17.106548,16.860146,16.627209,16.406998,16.198826,16.002069,15.816154,15.640553,15.474785,15.318403,15.171011,15.032232,14.901736,14.779210,14.664385,14.557006,14.456851,14.363723,14.277443,14.197858,14.124838,14.058268,13.998064,13.944151,13.896483,13.855026,13.819769,13.790720,13.767912,13.751388,13.741221,13.737501,13.740341,13.749876,13.766265,13.789694,13.820371,13.858538,13.904461,13.958445,14.020821,14.091963,14.172282,14.262234,14.362319,14.473091,14.595160,14.729196,14.875935,15.036191,15.210857,15.400914,15.607450,15.831656,16.074850,16.338486,16.624168,16.933672,17.268961,17.632210,18.025824,18.452459,18.915079,19.416941,19.961664,20.553246,21.196091,21.895046,22.655413,23.482956,24.383915,25.364943,26.433027,27.595411,28.859356,30.231913,31.719669,33.328453,35.063412,36.929714,38.935036,41.095776,43.451004,46.092125,49.223267,50.000000
75.000000,73.174011,69.122185,65.507576,62.179180,59.066086,56.137642,53.381493,50.792358,48.366631,46.100079,43.987156,42.021019,40.193821,38.497139,36.922268,35.460552,34.103539,32.843136,31.671732,30.582214,29.567974,28.622944,27.741524,26.918625,26.149578,25.430147,24.756456,24.124989,23.532551,22.976219,22.453341,21.961504,21.498507,21.062338,20.651163,20.263306,19.897242,19.551565,19.224998,18.916357,18.624571,18.348642,18.087675,17.840824,17.607334,17.386496,17.177660,16.980236,16.793680,16.617491,16.451206,16.294409,16.146715,16.007776,15.877268,15.754906,15.640427,15.533601,15.434216,15.342090,15.257060,15.178989,15.107760,15.043281,14.985474,14.934288,14.889688,14.851665,14.820224,14.795396,14.777227,14.765795,14.761188,14.763525,14.772944,14.789612,14.813718,14.845479,14.885144,14.932992,14.989327,15.054498,15.128888,15.212919,15.307056,15.411818,15.527768,15.655522,15.795773,15.949266,16.116817,16.299345,16.497829,16.713358,16.947136,17.200470,17.474812,17.771746,18.093019,18.440559,18.816481,19.223101,19.662998,20.138981,20.654133,21.211855,21.815853,22.470160,23.179174,23.947628,24.780590,25.683441,26.661797,27.721439,28.868151,30.107553,31.444862,32.884624,34.430546,36.085445,37.851719,39.732876,41.737156,43.884995,46.223606,48.853764,50.000000
75.000000,71.915863,68.890800,65.862183,62.901760,60.043045,57.303844,54.694599,52.221222,49.886345,47.689732,45.629002,43.699970,41.897160,40.214283,38.644497,37.180794,35.816128,34.543594,33.356583,32.248837,31.214403,30.247778,29.343849,28.497868,27.705481,26.962673,26.265762,25.611378,24.996420,24.418076,23.873743,23.361057,22.877840,22.422113,21.992046,21.585974,21.202366,20.839806,20.497013,20.172789,19.866049,19.575794,19.301092,19.041098,18.795029,18.562168,18.341846,18.133463,17.936447,17.750296,17.574528,17.408714,17.252453,17.105385,16.967184,16.837547,16.716204,16.602911,16.497456,16.399643,16.309307,16.226303,16.150511,16.081829,16.020182,15.965508,15.917782,15.876982,15.843120,15.816221,15.796338,15.783545,15.777935,15.779629,15.788770,15.805525,15.830091,15.862691,15.903579,15.953034,16.011379,16.078962,16.156179,16.243456,16.341269,16.450138,16.570639,16.703405,16.849121,17.008539,17.182495,17.371887,17.577707,17.801043,18.043079,18.305117,18.588575,18.895016,19.226135,19.583813,19.970076,20.387159,20.837496,21.323753,21.848816,22.415829,23.028198,23.689587,24.403921,25.175383,26.008375,26.907480,27.877380,28.922752,30.048140,31.257746,32.555199,33.943275,35.423588,36.996239,38.659523,40.409466,42.239098,44.136547,46.079479,48.020058,50.000000
75.000000,70.794182,68.648987,66.143089,63.520378,60.899364,58.339405,55.871269,53.511181,51.267376,49.143227,47.138935,45.252525,43.480488,41.818279,40.260681,38.802048,37.436611,36.158581,34.962265,33.842182,32.793072,31.809994,30.888277,30.023582,29.211863,28.449358,27.732594,27.058371,26.423731,25.825953,25.262533,24.731161,24.229719,23.756254,23.308966,22.886204,22.486450,22.108303,21.750463,21.411751,21.091064,20.787397,20.499815,20.227453,19.969526,19.725304,19.494108,19.275320,19.068365,18.872725,18.687904,18.513468,18.349001,18.194138,18.048540,17.911896,17.783930,17.664391,17.553055,17.449726,17.354223,17.266411,17.186152,17.113342,17.047911,16.989792,16.938948,16.895367,16.859055,16.830034,16.808365,16.794113,16.787384,16.788292,16.796984,16.813633,16.838436,16.871622,16.913448,16.964199,17.024200,17.093807,17.173418,17.263464,17.364428,17.476837,17.601269,17.738348,17.888771,18.053297,18.232748,18.428017,18.640093,18.870045,19.119043,19.388359,19.679380,19.993624,20.332737,20.698507,21.092884,21.517990,21.976124,22.469761,23.001595,23.574501,24.191566,24.856102,25.571575,26.341640,27.170076,28.060732,29.017462,30.043991,31.143816,32.319942,33.574707,34.909431,36.323963,37.816059,39.380207,41.005604,42.671707,44.338974,45.928387,47.277313,50.000000
75.000000,70.458702,68.727303,66.521774,64.128334,61.690292,59.280895,56.938622,54.684082,52.528252,50.476498,48.530743,46.690552,44.953899,43.317627,41.777824,40.330093,38.969715,37.691887,36.491764,35.364597,34.305763,33.310890,32.375740,31.496380,30.669073,29.890335,29.156923,28.465816,27.814211,27.199507,26.619305,26.071369,25.553644,25.064234,24.601379,24.163452,23.748955,23.356499,22.984810,22.632700,22.299076,21.982929,21.683319,21.399387,21.130337,20.875423,20.633974,20.405354,20.188984,19.984331,19.790905,19.608250,19.435955,19.273634,19.120947,18.977575,18.843235,18.717672,18.600655,18.491980,18.391466,18.298962,18.214342,18.137491,18.068335,18.006802,17.952858,17.906488,17.867695,17.836506,17.812973,17.797173,17.789198,17.789173,17.797243,17.813589,17.838402,17.871918,17.914394,17.966116,18.027420,18.098654,18.180223,18.272562,18.376152,18.491520,18.619246,18.759958,18.914339,19.083143,19.267187,19.467356,19.684618,19.920017,20.174707,20.449917,20.746994,21.067392,21.412701,21.784620,22.185003,22.615839,23.079273,23.577614,24.113327,24.689034,25.307518,25.971706,26.684666,27.449541,28.269547,29.147890,30.087692,31.091887,32.163071,33.303341,34.514034,35.795441,37.146282,38.562954,40.038151,41.558113,43.097218,44.606575,45.990673,47.058697,50.000000
75.000000,71.084541,69.234863,67.066551,64.770226,62.447224,60.152519,57.916752,55.757397,53.684464,51.703415,49.816727,48.024857,46.326782,44.720413,43.202869,41.770760,40.420284,39.147507,37.948326,36.818684,35.754581,34.752083,33.807476,32.917156,32.077744,31.286028,30.538984,29.833797,29.167822,28.538599,27.943830,27.381390,26.849287,26.345688,25.868879,25.417286,24.989428,24.583952,24.199593,23.835176,23.489626,23.161932,22.851160,22.556456,22.277008,22.012093,21.761015,21.523140,21.297890,21.084721,20.883139,20.692682,20.512932,20.343502,20.184038,20.034225,19.893772,19.762411,19.639914,19.526070,19.420698,19.323639,19.234764,19.153954,19.081129,19.016226,18.959200,18.910034,18.868734,18.835323,18.809856,18.792404,18.783068,18.781961,18.789242,18.805080,18.829672,18.863258,18.906094,18.958467,19.020710,19.093176,19.176264,19.270416,19.376106,19.493860,19.624252,19.767904,19.925497,20.097767,20.285517,20.489620,20.711016,20.950727,21.209867,21.489628,21.791298,22.116280,22.466074,22.842291,23.246681,23.681103,24.147543,24.648127,25.185085,25.760813,26.377771,27.038567,27.745838,28.502308,29.310667,30.173555,31.093477,32.072697,33.113110,34.216125,35.382408,36.611633,37.902168,39.250336,40.649487,42.087959,43.545300,44.984879,46.339134,47.480984,50.000000
75.000000,72.340828,70.034241,67.725418,65.431618,63.172081,60.963139,58.817272,56.743568,54.748337,52.835617,51.007637,49.265186,47.607845,46.034283,44.542446,43.129730,41.793167,40.529510,39.335358,38.207275,37.141766,36.135426,35.184940,34.287071,33.438759,32.637074,31.879225,31.162592,30.484716,29.843262,29.236059,28.661087,28.116449,27.600365,27.111193,26.647396,26.207544,25.790300,25.394440,25.018806,24.662334,24.324020,24.002949,23.698267,23.409170,23.134926,22.874851,22.628309,22.394720,22.173534,21.964251,21.766411,21.579596,21.403406,21.237492,21.081530,20.935215,20.798294,20.670527,20.551699,20.441622,20.340139,20.247116,20.162434,20.086008,20.017775,19.957685,19.905722,19.861885,19.826206,19.798727,19.779530,19.768703,19.766375,19.772686,19.787813,19.811962,19.845356,19.888260,19.940956,20.003780,20.077082,20.161255,20.256739,20.364004,20.483572,20.616007,20.761923,20.921982,21.096916,21.287504,21.494598,21.719109,21.962027,22.224422,22.507435,22.812313,23.140369,23.493032,23.871822,24.278364,24.714375,25.181700,25.682270,26.218119,26.791365,27.404224,28.058943,28.757837,29.503178,30.297232,31.142153,32.039906,32.992218,34.000454,35.065491,36.187595,37.366234,38.599930,39.885963,41.220135,42.596386,44.006386,45.439251,46.882141,48.323544,50.000000
75.000000,73.606949,70.838287,68.369339,66.058105,63.845699,61.710125,59.645164,57.650906,55.729389,53.882824,52.112846,50.420246,48.805008,47.266335,45.802818,44.412518,43.093109,41.841991,40.656357,39.533283,38.469810,37.462948,36.509792,35.607460,34.753181,33.944309,33.178276,32.452679,31.765198,31.113686,30.496090,29.910484,29.355068,28.828152,28.328150,27.853579,27.403053,26.975288,26.569078,26.183290,25.816885,25.468880,25.138363,24.824497,24.526487,24.243605,23.975166,23.720545,23.479155,23.250446,23.033928,22.829130,22.635632,22.453041,22.281000,22.119175,21.967278,21.825035,21.692204,21.568573,21.453957,21.348188,21.251125,21.162666,21.082705,21.011177,20.948046,20.893280,20.846889,20.808887,20.779327,20.758282,20.745852,20.742146,20.747316,20.761538,20.785007,20.817951,20.860632,20.913334,20.976377,21.050116,21.134945,21.231287,21.339611,21.460430,21.594290,21.741798,21.903610,22.080425,22.273005,22.482172,22.708809,22.953867,23.218367,23.503408,23.810162,24.139874,24.493885,24.873619,25.280575,25.716352,26.182627,26.681150,27.213751,27.782324,28.388809,29.035162,29.723354,30.455320,31.232918,32.057880,32.931717,33.855751,34.830887,35.857651,36.936073,38.065578,39.245087,40.473129,41.748329,43.070648,44.444195,45.883633,47.428253,49.172661,50.000000
75.000000,74.308495,71.370285,68.868027,66.591324,64.444824,62.387375,60.402645,58.485500,56.635384,54.853325,53.140526,51.497829,49.925491,48.423153,46.989914,45.624359,44.324741,43.088974,41.914776,40.799698,39.741230,38.736797,37.783833,36.879799,36.022224,35.208710,34.436916,33.704632,33.009743,32.350220,31.724144,31.129705,30.565214,30.029041,29.519690,29.035721,28.575827,28.138744,27.723301,27.328409,26.953045,26.596256,26.257143,25.934877,25.628687,25.337843,25.061672,24.799555,24.550901,24.315178,24.091885,23.880556,23.680771,23.492138,23.314289,23.146906,22.989687,22.842360,22.704681,22.576441,22.457445,22.347528,22.246550,22.154394,22.070967,21.996199,21.930042,21.872477,21.823498,21.783129,21.751417,21.728432,21.714270,21.709045,21.712904,21.726015,21.748581,21.780821,21.822989,21.875370,21.938282,22.012074,22.097128,22.193859,22.302731,22.424246,22.558931,22.707390,22.870241,23.048176,23.241924,23.452284,23.680096,23.926275,24.191788,24.477678,24.785057,25.115095,25.469030,25.848204,26.253990,26.687849,27.151314,27.645962,28.173428,28.735378,29.333511,29.969530,30.645092,31.361813,32.121212,32.924644,33.773304,34.668095,35.609612,36.598091,37.633358,38.714840,39.841732,41.013332,42.230022,43.495232,44.819794,46.231194,47.792984,49.645374,50.000000
75.000000,74.198837,71.503296,69.158661,67.002480,64.958725,62.993565,61.093208,59.253265,57.473343,55.754482,54.098007,52.504951,50.975883,49.510799,48.109230,46.770226,45.492474,44.274364,43.114048,42.009510,40.958622,39.959164,39.008942,38.105698,37.247242,36.431400,35.656067,34.919231,34.218941,33.553307,32.920567,32.319016,31.747042,31.203131,30.685844,30.193827,29.725798,29.280560,28.856981,28.454008,28.070644,27.705965,27.359085,27.029200,26.715546,26.417414,26.134140,25.865107,25.609732,25.367491,25.137880,24.920448,24.714764,24.520441,24.337126,24.164476,24.002205,23.850039,23.707731,23.575069,23.451859,23.337936,23.233152,23.137403,23.050575,22.972609,22.903458,22.843086,22.791500,22.748718,22.714785,22.689766,22.673756,22.666866,22.669241,22.681049,22.702482,22.733763,22.775135,22.826885,22.889318,22.962774,23.047628,23.144299,23.253220,23.374886,23.509819,23.658588,23.821800,24.000116,24.194250,24.404953,24.633028,24.879353,25.144844,25.430485,25.737305,26.066416,26.418964,26.796185,27.199337,27.629759,28.088825,28.577967,29.098616,29.652252,30.240349,30.864344,31.525656,32.225613,32.965427,33.746159,34.568703,35.433643,36.341297,37.291672,38.284374,39.318726,40.393787,41.508907,42.664318,43.862965,45.114014,46.440033,47.891697,49.577312,50.000000
75.000000,73.454659,71.312325,69.274109,67.307648,65.397148,63.536335,61.723976,59.961254,58.250256,56.593208,54.991962,53.448009,51.962185,50.534878,49.165928,47.854790,46.600544,45.401936,44.257526,43.165653,42.124546,41.132328,40.187073,39.286819,38.429626,37.613575,36.836750,36.097309,35.393482,34.723534,34.085815,33.478748,32.900826,32.350613,31.826750,31.327948,30.852989,30.400726,29.970074,29.560011,29.169577,28.797871,28.444038,28.107296,27.786892,27.482140,27.192375,26.917000,26.655437,26.407173,26.171707,25.948593,25.737404,25.537754,25.349287,25.171677,25.004627,24.847862,24.701141,24.564249,24.436991,24.319202,24.210739,24.111479,24.021328,23.940216,23.868086,23.804918,23.750704,23.705463,23.669239,23.642094,23.624119,23.615423,23.616152,23.626461,23.646544,23.676615,23.716915,23.767723,23.829332,23.902081,23.986334,24.082485,24.190977,24.312269,24.446882,24.595346,24.758263,24.936260,25.130016,25.340248,25.567728,25.813280,26.077763,26.362108,26.667280,26.994303,27.344246,27.718229,28.117420,28.543026,28.996279,29.478451,29.990820,30.534668,31.111261,31.721828,32.367554,33.049522,33.768677,34.525856,35.321625,36.156395,37.030220,37.942871,38.893734,39.881847,40.905956,41.964577,43.056309,44.180370,45.337559,46.532082,47.774437,49.086220,50.000000
75.000000,72.553764,71.021614,69.320480,67.558357,65.786659,64.031029,62.305248,60.617523,58.973202,57.376003,55.828583,54.332821,52.889908,51.500500,50.164757,48.882412,47.652901,46.475281,45.348434,44.271027,43.241589,42.258526,41.320194,40.424892,39.570908,38.756527,37.980034,37.239792,36.534145,35.861534,35.220425,34.609360,34.026913,33.471752,32.942608,32.438240,31.957500,31.499296,31.062586,30.646397,30.249788,29.871906,29.511917,29.169064,28.842607,28.531874,28.236227,27.955076,27.687862,27.434057,27.193193,26.964819,26.748508,26.543888,26.350601,26.168324,25.996763,25.835644,25.684729,25.543798,25.412661,25.291149,25.179117,25.076452,24.983047,24.898836,24.823763,24.757797,24.700941,24.653198,24.614616,24.585257,24.565205,24.554567,24.553486,24.562107,24.580620,24.609238,24.648199,24.697756,24.758213,24.829887,24.913139,25.008348,25.115931,25.236351,25.370085,25.517664,25.679653,25.856651,26.049307,26.258305,26.484365,26.728273,26.990833,27.272913,27.575411,27.899273,28.245493,28.615080,29.009104,29.428648,29.874819,30.348745,30.851543,31.384329,31.948183,32.544151,33.173191,33.836197,34.533897,35.266884,36.035542,36.840046,37.680275,38.555782,39.465767,40.408970,41.383625,42.387230,43.416229,44.465157,45.524796,46.578053,47.590672,48.490635,50.000000
75.000000,72.013229,70.881142,69.419334,67.814796,66.158333,64.494972,62.848015,61.230122,59.648834,58.108875,56.613445,55.164684,53.764046,52.412403,51.110100,49.857201,48.653324,47.497833,46.389896,45.328426,44.312229,43.339981,42.410286,41.521641,40.672585,39.861576,39.087109,38.347675,37.641804,36.968048,36.325012,35.711346,35.125725,34.566906,34.033680,33.524910,33.039486,32.576382,32.134594,31.713194,31.311293,30.928051,30.562681,30.214432,29.882603,29.566528,29.265600,28.979227,28.706871,28.448017,28.202198,27.968975,27.747929,27.538692,27.340912,27.154266,26.978458,26.813229,26.658331,26.513556,26.378706,26.253614,26.138140,26.032166,25.935583,25.848322,25.770332,25.701578,25.642057,25.591778,25.550777,25.519117,25.496880,25.484167,25.481110,25.487860,25.504601,25.531527,25.568874,25.616898,25.675882,25.746130,25.827993,25.921833,26.028063,26.147116,26.279453,26.425581,26.586037,26.761395,26.952267,27.159294,27.383171,27.624617,27.884398,28.163305,28.462183,28.781900,29.123365,29.487503,29.875269,30.287642,30.725609,31.190159,31.682274,32.202911,32.752983,33.333382,33.944866,34.588154,35.263786,35.972187,36.713566,37.487919,38.294979,39.134155,40.004490,40.904533,41.832161,42.784203,43.755653,44.738033,45.715828,46.659004,47.507065,48.135307,50.000000
75.000000,72.127380,71.039551,69.646240,68.116203,66.533585,64.940994,63.360897,61.805710,60.282883,58.797081,57.351505,55.948349,54.589130,53.274849,52.006035,50.782906,49.605293,48.472824,47.384838,46.340530,45.338917,44.378895,43.459290,42.578831,41.736214,40.930096,40.159149,39.422005,38.717342,38.043854,37.400249,36.785282,36.197742,35.636463,35.100319,34.588230,34.099171,33.632145,33.186222,32.760502,32.354145,31.966337,31.596327,31.243387,30.906841,30.586052,30.280416,29.989368,29.712376,29.448944,29.198616,28.960951,28.735554,28.522045,28.320089,28.129366,27.949589,27.780485,27.621826,27.473391,27.334997,27.206470,27.087675,26.978483,26.878799,26.788544,26.707666,26.636133,26.573936,26.521078,26.477604,26.443562,26.419031,26.404116,26.398933,26.403637,26.418396,26.443405,26.478889,26.525089,26.582281,26.650763,26.730869,26.822943,26.927383,27.044596,27.175037,27.319178,27.477526,27.650631,27.839067,28.043447,28.264412,28.502636,28.758831,29.033737,29.328127,29.642797,29.978573,30.336292,30.716829,31.121046,31.549814,32.004005,32.484478,32.992050,33.527473,34.091496,34.684734,35.307724,35.960892,36.644482,37.358578,38.103039,38.877495,39.681293,40.513397,41.372334,42.256001,43.161221,44.083080,45.013290,45.936855,46.825336,47.622719,48.216412,50.000000
75.000000,72.835373,71.476860,69.996803,68.463943,66.915703,65.372978,63.848042,62.348576,60.879658,59.444927,58.047031,56.687965,55.369202,54.091747,52.856258,51.663025,50.512112,49.403278,48.336086,47.309898,46.323971,45.377388,44.469135,43.598167,42.763332,41.963451,41.197365,40.463852,39.761715,39.089771,38.446854,37.831799,37.243511,36.680897,36.142906,35.628544,35.136818,34.666817,34.217655,33.788464,33.378445,32.986839,32.612900,32.255959,31.915333,31.590427,31.280649,30.985455,30.704327,30.436785,30.182373,29.940672,29.711287,29.493856,29.288038,29.093529,28.910034,28.737301,28.575094,28.423195,28.281424,28.149607,28.027607,27.915297,27.812588,27.719393,27.635660,27.561359,27.496469,27.441011,27.394999,27.358496,27.331575,27.314327,27.306877,27.309361,27.321943,27.344814,27.378185,27.422293,27.477398,27.543787,27.621769,27.711699,27.813927,27.928862,28.056921,28.198561,28.354267,28.524548,28.709942,28.911022,29.128399,29.362690,29.614561,29.884691,30.173790,30.482588,30.811827,31.162279,31.534706,31.929890,32.348595,32.791580,33.259583,33.753292,34.273346,34.820366,35.394817,35.997112,36.627541,37.286228,37.973156,38.688107,39.430630,40.200047,40.995380,41.815285,42.657982,43.521091,44.401169,45.293106,46.188744,47.074116,47.924286,48.693428,50.000000
75.000000,73.775764,72.026413,70.395279,68.824532,67.290947,65.786453,64.309364,62.860622,61.442089,60.055805,58.703648,57.387245,56.107906,54.866646,53.664127,52.500813,51.376816,50.292057,49.246288,48.239033,47.269688,46.337521,45.441708,44.581356,43.755478,42.963036,42.203018,41.474335,40.775909,40.106686,39.465584,38.851574,38.263607,37.700699,37.161884,36.646206,36.152767,35.680676,35.229107,34.797253,34.384354,33.989670,33.612503,33.252197,32.908119,32.579674,32.266304,31.967482,31.682699,31.411491,31.153421,30.908077,30.675074,30.454052,30.244688,30.046675,29.859732,29.683599,29.518049,29.362881,29.217892,29.082930,28.957844,28.842522,28.736858,28.640781,28.554234,28.477171,28.409586,28.351486,28.302893,28.263855,28.234446,28.214756,28.204887,28.204988,28.215208,28.235729,28.266752,28.308502,28.361229,28.425213,28.500744,28.588148,28.687777,28.800005,28.925234,29.063894,29.216436,29.383343,29.565125,29.762314,29.975468,30.205173,30.452032,30.716679,30.999758,31.301933,31.623880,31.966280,32.329834,32.715210,33.123089,33.554134,34.008957,34.488163,34.992279,35.521782,36.077026,36.658348,37.265900,37.899712,38.559696,39.245552,39.956825,40.692818,41.452686,42.235302,43.039440,43.863712,44.706882,45.568348,46.449184,47.354809,48.300705,49.325371,50.000000
75.000000,74.488441,72.469482,70.738503,69.150146,67.638069,66.172882,64.742455,63.342484,61.972263,60.632511,59.324440,58.049385,56.808479,55.602718,54.432804,53.299225,52.202221,51.141850,50.117943,49.130215,48.178185,47.261292,46.378826,45.530071,44.714146,43.930210,43.177322,42.454536,41.760902,41.095455,40.457241,39.845280,39.258656,38.696438,38.157726,37.641647,37.147343,36.674007,36.220852,35.787106,35.372047,34.974991,34.595253,34.232212,33.885273,33.553856,33.237427,32.935471,32.647503,32.373077,32.111755,31.863146,31.626879,31.402601,31.189991,30.988756,30.798615,30.619324,30.450645,30.292379,30.144341,30.006371,29.878325,29.760086,29.651554,29.552649,29.463312,29.383512,29.313225,29.252457,29.201231,29.159592,29.127602,29.105352,29.092939,29.090498,29.098175,29.116144,29.144592,29.183737,29.233818,29.295092,29.367842,29.452377,29.549028,29.658146,29.780121,29.915344,30.064243,30.227278,30.404909,30.597641,30.805994,31.030502,31.271725,31.530239,31.806631,32.101509,32.415474,32.749138,33.103127,33.478020,33.874416,34.292892,34.733959,35.198124,35.685806,36.197399,36.733166,37.293331,37.877956,38.487007,39.120327,39.777561,40.458241,41.161720,41.887199,42.633823,43.400757,44.187519,44.994598,45.824837,46.686333,47.598675,48.606102,49.805531,50.000000
75.000000,74.653954,72.650040,70.951118,69.405159,67.940926,66.525772,65.145569,63.794830,62.472046,61.177528,59.912216,58.677315,57.473900,56.302906,55.165104,54.061020,52.990978,51.955132,50.953426,49.985668,49.051544,48.150593,47.282261,46.445923,45.640850,44.866318,44.121513,43.405594,42.717716,42.057022,41.422626,40.813675,40.229301,39.668671,39.130936,38.615303,38.120972,37.647179,37.193180,36.758270,36.341755,35.942982,35.561310,35.196148,34.846909,34.513065,34.194077,33.889477,33.598778,33.321548,33.057373,32.805882,32.566692,32.339489,32.123928,31.919743,31.726658,31.544428,31.372824,31.211653,31.060728,30.919895,30.789007,30.667952,30.556623,30.454947,30.362867,30.280338,30.207348,30.143892,30.089989,30.045681,30.011026,29.986109,29.971025,29.965895,29.970860,29.986082,30.011744,30.048046,30.095215,30.153500,30.223164,30.304495,30.397816,30.503450,30.621759,30.753119,30.897928,31.056606,31.229597,31.417353,31.620363,31.839115,32.074123,32.325920,32.595032,32.882000,33.187366,33.511692,33.855503,34.219326,34.603676,35.009041,35.435863,35.884537,36.355434,36.848816,37.364906,37.903820,38.465557,39.050026,39.656998,40.286098,40.936848,41.608589,42.300587,43.012077,43.742382,44.491344,45.259930,46.051792,46.876400,47.755459,48.736507,49.920864,50.000000
75.000000,74.247772,72.551216,71.023033,69.584335,68.197456,66.845032,65.519859,64.219460,62.943672,61.693329,60.469616,59.273727,58.106823,56.969875,55.863651,54.788738,53.745522,52.734226,51.754913,50.807480,49.891716,49.007248,48.153679,47.330471,46.537029,45.772709,45.036816,44.328606,43.647346,42.992271,42.362568,41.757481,41.176216,40.617996,40.082069,39.567669,39.074070,38.600552,38.146435,37.711040,37.293732,36.893875,36.510868,36.144150,35.793163,35.457409,35.136360,34.829567,34.536575,34.256962,33.990326,33.736309,33.494545,33.264713,33.046501,32.839634,32.643848,32.458904,32.284580,32.120686,31.967033,31.823471,31.689863,31.566086,31.452044,31.347658,31.252867,31.167637,31.091938,31.025770,30.969156,30.922119,30.884722,30.857037,30.839159,30.831198,30.833288,30.845583,30.868254,30.901487,30.945499,31.000526,31.066814,31.144640,31.234293,31.336084,31.450354,31.577446,31.717743,31.871634,32.039509,32.221821,32.418991,32.631477,32.859756,33.104282,33.365562,33.644077,33.940304,34.254742,34.587860,34.940098,35.311920,35.703728,36.115894,36.548733,37.002548,37.477528,37.973812,38.491447,39.030415,39.590508,40.171516,40.772980,41.394440,42.035191,42.694515,43.371563,44.065552,44.775951,45.502861,46.247902,47.015938,47.818459,48.680672,49.655109,50.000000
75.000000,73.537186,72.296730,71.011810,69.714874,68.421021,67.137825,65.869698,64.619621,63.389915,62.182533,60.999130,59.841137,58.709785,57.606079,56.530853,55.484718,54.468113,53.481339,52.524513,51.597622,50.700542,49.833023,48.994732,48.185246,47.404072,46.650654,45.924404,45.224686,44.550816,43.902126,43.277912,42.677475,42.100079,41.545052,41.011654,40.499226,40.007072,39.534542,39.080971,38.645744,38.228252,37.827904,37.444141,37.076420,36.724213,36.387028,36.064400,35.755867,35.460999,35.179398,34.910675,34.654480,34.410469,34.178322,33.957733,33.748447,33.550201,33.362759,33.185917,33.019474,32.863251,32.717098,32.580887,32.454483,32.337807,32.230778,32.133324,32.045403,31.967001,31.898109,31.838736,31.788923,31.748705,31.718161,31.697376,31.686455,31.685518,31.694714,31.714199,31.744156,31.784782,31.836296,31.898935,31.972954,32.058632,32.156242,32.266125,32.388588,32.523972,32.672657,32.835014,33.011417,33.202309,33.408062,33.629116,33.865910,34.118870,34.388443,34.675049,34.979115,35.301071,35.641300,36.000175,36.378044,36.775227,37.191959,37.628479,38.084911,38.561348,39.057770,39.574078,40.110088,40.665504,41.239891,41.832684,42.443230,43.070686,43.714130,44.372425,45.044281,45.728149,46.422047,47.123035,47.826038,48.521061,49.186413,50.000000
75.000000,72.930130,72.080704,71.009979,69.841255,68.633484,67.415359,66.201401,64.999344,63.813801,62.647705,61.503185,60.381874,59.285061,58.213802,57.168941,56.151134,55.160862,54.198471,53.264141,52.357929,51.479794,50.629562,49.806976,49.011700,48.243351,47.501438,46.785469,46.094887,45.429100,44.787506,44.169487,43.574394,43.001595,42.450443,41.920303,41.410515,40.920479,40.449558,39.997169,39.562717,39.145630,38.745369,38.361378,37.993172,37.640240,37.302116,36.978340,36.668499,36.372173,36.088963,35.818516,35.560478,35.314526,35.080353,34.857677,34.646229,34.445751,34.256031,34.076855,33.908039,33.749401,33.600800,33.462093,33.333172,33.213943,33.104309,33.004238,32.913658,32.832558,32.760925,32.698769,32.646122,32.603020,32.569530,32.545734,32.531727,32.527626,32.533558,32.549679,32.576153,32.613182,32.660942,32.719677,32.789616,32.871017,32.964149,33.069309,33.186794,33.316914,33.460022,33.616447,33.786568,33.970737,34.169334,34.382748,34.611359,34.855572,35.115761,35.392319,35.685608,35.996002,36.323833,36.669422,37.033058,37.414989,37.815411,38.234478,38.672279,39.128876,39.604168,40.098049,40.610268,41.140518,41.688347,42.253178,42.834316,43.430897,44.041824,44.665688,45.300518,45.943287,46.588795,47.227375,47.839909,48.387096,48.786743,50.000000
75.000000,72.760513,72.065216,71.096397,70.002121,68.854118,67.687714,66.520645,65.362328,64.218109,63.091240,61.983994,60.898064,59.834743,58.795090,57.779945,56.789978,55.825710,54.887520,53.975620,53.090164,52.231133,51.398434,50.591892,49.811241,49.056164,48.326279,47.621143,46.940281,46.283192,45.649323,45.038124,44.449039,43.881470,43.334846,42.808571,42.302063,41.814751,41.346058,40.895432,40.462318,40.046200,39.646542,39.262852,38.894653,38.541458,38.202839,37.878361,37.567616,37.270206,36.985764,36.713932,36.454388,36.206814,35.970909,35.746399,35.533031,35.330559,35.138763,34.957447,34.786423,34.625523,34.474598,34.333519,34.202171,34.080463,33.968307,33.865654,33.772438,33.688648,33.614273,33.549305,33.493778,33.447731,33.411217,33.384304,33.367096,33.359688,33.362213,33.374805,33.397621,33.430836,33.474621,33.529217,33.594822,33.671680,33.760040,33.860168,33.972351,34.096882,34.234062,34.384209,34.547653,34.724739,34.915798,35.121166,35.341225,35.576283,35.826721,36.092850,36.374992,36.673489,36.988613,37.320625,37.669769,38.036243,38.420193,38.821712,39.240883,39.677666,40.131969,40.603630,41.092403,41.597927,42.119762,42.657333,43.209919,43.776688,44.356487,44.947826,45.548504,46.154976,46.761005,47.354713,47.912598,48.386822,48.678677,50.000000
75.000000,73.121094,72.298965,71.296669,70.211090,69.090523,67.959412,66.830528,65.710945,64.604874,63.515045,62.443455,61.391602,60.360733,59.351822,58.365730,57.403095,56.464470,55.550236,54.660675,53.795944,52.956104,52.141125,51.350887,50.585197,49.843796,49.126362,48.432529,47.761906,47.114040,46.488457,45.884666,45.302162,44.740406,44.198887,43.677074,43.174419,42.690395,42.224495,41.776176,41.344948,40.930298,40.531754,40.148842,39.781120,39.428116,39.089436,38.764652,38.453400,38.155285,37.869957,37.597088,37.336342,37.087433,36.850071,36.623981,36.408932,36.204681,36.011017,35.827747,35.654678,35.491665,35.338554,35.195217,35.061550,34.937435,34.822815,34.717621,34.621796,34.535332,34.458195,34.390408,34.331955,34.282906,34.243294,34.213192,34.192669,34.181839,34.180805,34.189705,34.208687,34.237892,34.277519,34.327744,34.388783,34.460838,34.544163,34.638977,34.745575,34.864189,34.995132,35.138676,35.295120,35.464775,35.647934,35.844929,36.056061,36.281643,36.521969,36.777344,37.048054,37.334347,37.636494,37.954700,38.289146,38.640003,39.007381,39.391323,39.791847,40.208912,40.642399,41.092106,41.557770,42.039017,42.535431,43.046421,43.571346,44.109379,44.659504,45.220413,45.790283,46.366295,46.943775,47.514179,48.061211,48.552727,48.924088,50.000000
75.000000,73.826988,72.697639,71.572731,70.451454,69.335701,68.227997,67.130661,66.045822,64.975266,63.920559,62.883114,61.864147,60.864712,59.885746,58.928024,57.992203,57.078812,56.188271,55.320877,54.476826,53.656216,52.859074,52.085331,51.334854,50.607441,49.902836,49.220726,48.560780,47.922604,47.305798,46.709911,46.134506,45.579109,45.043236,44.526413,44.028145,43.547943,43.085335,42.639843,42.210979,41.798294,41.401344,41.019657,40.652847,40.300461,39.962120,39.637440,39.326038,39.027576,38.741703,38.468094,38.206459,37.956509,37.717949,37.490540,37.274040,37.068230,36.872887,36.687832,36.512897,36.347916,36.192745,36.047256,35.911346,35.784920,35.667892,35.560211,35.461819,35.372681,35.292793,35.222149,35.160755,35.108643,35.065868,35.032478,35.008553,34.994183,34.989475,34.994541,35.009518,35.034554,35.069809,35.115471,35.171707,35.238739,35.316772,35.406033,35.506756,35.619202,35.743603,35.880234,36.029377,36.191284,36.366257,36.554550,36.756454,36.972244,37.202179,37.446514,37.705502,37.979362,38.268311,38.572517,38.892120,39.227253,39.577976,39.944321,40.326279,40.723740,41.136593,41.564602,42.007511,42.464954,42.936478,43.421574,43.919628,44.429924,44.951649,45.483898,46.025600,46.575569,47.132416,47.694565,48.260384,48.828598,49.399754,50.000000
75.000000,74.522293,73.093117,71.845543,70.686302,69.572815,68.486130,67.418312,66.366379,65.329742,64.308792,63.304268,62.317108,61.348213,60.398384,59.468388,58.558857,57.670296,56.803143,55.957714,55.134232,54.332844,53.553604,52.796501,52.061447,51.348270,50.656788,49.986748,49.337864,48.709801,48.102207,47.514683,46.946854,46.398277,45.868538,45.357193,44.863796,44.387905,43.929077,43.486866,43.060848,42.650581,42.255638,41.875629,41.510136,41.158764,40.821163,40.496941,40.185749,39.887276,39.601177,39.327148,39.064911,38.814175,38.574680,38.346191,38.128464,37.921295,37.724472,37.537823,37.361164,37.194351,37.037254,36.889721,36.751675,36.623005,36.503647,36.393520,36.292583,36.200798,36.118153,36.044640,35.980263,35.925060,35.879055,35.842304,35.814888,35.796871,35.788368,35.789459,35.800289,35.820992,35.851719,35.892601,35.943855,36.005638,36.078167,36.161617,36.256241,36.362236,36.479839,36.609303,36.750847,36.904747,37.071236,37.250561,37.442959,37.648693,37.867977,38.101025,38.348076,38.609299,38.884861,39.174911,39.479561,39.798893,40.132950,40.481724,40.845169,41.223175,41.615597,42.022205,42.442711,42.876774,43.323940,43.783752,44.255642,44.739006,45.233261,45.737896,46.252651,46.777927,47.315720,47.871338,48.457420,49.102356,49.868340,50.000000
75.000000,74.869461,73.323463,72.037697,70.878990,69.784782,68.726212,67.690353,66.671806,65.668625,64.680588,63.708065,62.751820,61.812595,60.891190,59.988297,59.104504,58.240353,57.396263,56.572575,55.769539,54.987320,54.226002,53.485619,52.766117,52.067394,51.389301,50.731621,50.094131,49.476532,48.878525,48.299774,47.739933,47.198624,46.675442,46.170021,45.681946,45.210800,44.756195,44.317711,43.894958,43.487518,43.095024,42.717068,42.353294,42.003323,41.666809,41.343399,41.032768,40.734596,40.448586,40.174427,39.911861,39.660606,39.420422,39.191074,38.972340,38.764008,38.565891,38.377804,38.199585,38.031090,37.872173,37.722721,37.582626,37.451801,37.330154,37.217628,37.114189,37.019775,36.934376,36.857986,36.790611,36.732262,36.682983,36.642811,36.611813,36.590069,36.577644,36.574650,36.581207,36.597416,36.623428,36.659393,36.705467,36.761810,36.828609,36.906052,36.994331,37.093658,37.204224,37.326267,37.459991,37.605621,37.763378,37.933479,38.116146,38.311577,38.519993,38.741562,38.976479,39.224884,39.486916,39.762703,40.052319,40.355808,40.673180,41.004433,41.349476,41.708191,42.080410,42.465885,42.864353,43.275448,43.698772,44.133842,44.580177,45.037235,45.504559,45.981869,46.469353,46.968307,47.482319,48.020023,48.600708,49.266041,50.104847,50.000000
75.000000,74.722054,73.316124,72.113609,71.012283,69.963547,68.944748,67.945686,66.962067,65.992500,65.036865,64.095627,63.169479,62.259197,61.365486,60.489067,59.630497,58.790329,57.968971,57.166771,56.384010,55.620869,54.877457,54.153847,53.450020,52.765900,52.101383,51.456310,50.830479,50.223656,49.635590,49.065968,48.514484,47.980812,47.464596,46.965504,46.483143,46.017166,45.567184,45.132839,44.713745,44.309536,43.919861,43.544350,43.182655,42.834435,42.499348,42.177082,41.867325,41.569763,41.284126,41.010117,40.747486,40.495968,40.255329,40.025349,39.805809,39.596519,39.397274,39.207920,39.028286,38.858238,38.697632,38.546360,38.404312,38.271397,38.147545,38.032684,37.926758,37.829742,37.741596,37.662327,37.591927,37.530407,37.477806,37.434155,37.399506,37.373924,37.357498,37.350304,37.352444,37.364040,37.385208,37.416077,37.456799,37.507530,37.568424,37.639648,37.721390,37.813828,37.917149,38.031555,38.157227,38.294369,38.443176,38.603840,38.776566,38.961494,39.158844,39.368748,39.591373,39.826828,40.075230,40.336666,40.611183,40.898819,41.199554,41.513355,41.840115,42.179707,42.531944,42.896587,43.273365,43.661907,44.061829,44.472675,44.893974,45.325211,45.765926,46.215832,46.674984,47.144363,47.626820,48.129158,48.666527,49.271301,50.011650,50.000000
75.000000,74.193092,73.122360,72.096542,71.096893,70.114265,69.144440,68.185928,67.238480,66.302528,65.378799,64.468086,63.571278,62.689171,61.822506,60.971954,60.138103,59.321480,58.522507,57.741543,56.978863,56.234669,55.509113,54.802280,54.114174,53.444775,52.794014,52.161747,51.547817,50.952045,50.374195,49.814007,49.271217,48.745537,48.236645,47.744236,47.267971,46.807526,46.362545,45.932697,45.517635,45.117027,44.730530,44.357807,43.998539,43.652393,43.319073,42.998264,42.689682,42.393024,42.108032,41.834446,41.571991,41.320454,41.079590,40.849186,40.629040,40.418972,40.218784,40.028313,39.847412,39.675941,39.513771,39.360779,39.216869,39.081951,38.955944,38.838787,38.730427,38.630829,38.539955,38.457802,38.384365,38.319645,38.263676,38.216488,38.178127,38.148643,38.128117,38.116623,38.114246,38.121090,38.137276,38.162910,38.198135,38.243088,38.297897,38.362732,38.437752,38.523117,38.618999,38.725563,38.842991,38.971447,39.111111,39.262161,39.424740,39.599010,39.785133,39.983227,40.193436,40.415821,40.650501,40.897530,41.156940,41.428722,41.712864,42.009293,42.317905,42.638557,42.971050,43.315159,43.670578,44.036980,44.413956,44.801075,45.197845,45.603737,46.018185,46.440666,46.870686,47.307976,47.752689,48.205910,48.670391,49.152287,49.664089,50.000000
75.000000,73.587929,72.886452,72.054726,71.165314,70.252548,69.333076,68.415237,67.503448,66.600357,65.707657,64.826645,63.958374,63.103695,62.263378,61.438107,60.628475,59.834965,59.058022,58.298000,57.555199,56.829834,56.122044,55.431965,54.759632,54.105030,53.468132,52.848831,52.247009,51.662506,51.095123,50.544647,50.010853,49.493465,48.992218,48.506824,48.036991,47.582413,47.142784,46.717773,46.307091,45.910412,45.527428,45.157818,44.801292,44.457546,44.126289,43.807232,43.500099,43.204620,42.920551,42.647621,42.385597,42.134262,41.893387,41.662773,41.442215,41.231541,41.030571,40.839146,40.657116,40.484352,40.320721,40.166119,40.020435,39.883587,39.755497,39.636101,39.525337,39.423183,39.329601,39.244564,39.168079,39.100136,39.040768,38.989998,38.947865,38.914410,38.889706,38.873814,38.866817,38.868813,38.879890,38.900169,38.929752,38.968765,39.017349,39.075638,39.143768,39.221893,39.310154,39.408714,39.517723,39.637321,39.767677,39.908936,40.061218,40.224686,40.399437,40.585598,40.783276,40.992527,41.213425,41.446014,41.690300,41.946274,42.213875,42.493046,42.783649,43.085556,43.398544,43.722397,44.056805,44.401447,44.755939,45.119812,45.492599,45.873695,46.262432,46.657967,47.059158,47.464275,47.870369,48.271919,48.657837,49.005222,49.265751,50.000000
75.000000,73.240753,72.768417,72.064888,71.254333,70.396286,69.519493,68.638191,67.759613,66.887703,66.024803,65.172478,64.331833,63.503834,62.689217,61.888638,61.102692,60.331871,59.576603,58.837250,58.114090,57.407383,56.717278,56.043900,55.387333,54.747578,54.124645,53.518440,52.928875,52.355831,51.799137,51.258625,50.734062,50.225250,49.731934,49.253853,48.790756,48.342354,47.908379,47.488537,47.082539,46.690098,46.310936,45.944752,45.591270,45.250214,44.921299,44.604271,44.298866,44.004829,43.721912,43.449894,43.188530,42.937614,42.696926,42.466290,42.245506,42.034409,41.832817,41.640575,41.457561,41.283623,41.118652,40.962528,40.815166,40.676464,40.546356,40.424774,40.311657,40.206978,40.110687,40.022785,39.943245,39.872063,39.809273,39.754871,39.708920,39.671432,39.642479,39.622116,39.610409,39.607449,39.613319,39.628109,39.651936,39.684891,39.727100,39.778702,39.839790,39.910522,39.991024,40.081417,40.181847,40.292442,40.413349,40.544662,40.686523,40.839058,41.002335,41.176468,41.361530,41.557587,41.764656,41.982800,42.211979,42.452164,42.703323,42.965336,43.238102,43.521458,43.815186,44.119064,44.432800,44.756073,45.088497,45.429649,45.779011,46.135990,46.499847,46.869537,47.243526,47.619209,47.991760,48.351742,48.679955,48.936760,49.039421,50.000000
75.000000,73.341431,72.860855,72.172226,71.386223,70.556534,69.709404,68.857933,68.008873,67.165939,66.331345,65.506554,64.692680,63.890568,63.100971,62.324520,61.561779,60.813225,60.079269,59.360279,58.656540,57.968311,57.295765,56.639027,55.998207,55.373329,54.764400,54.171398,53.594223,53.032803,52.486984,51.956627,51.441540,50.941536,50.456402,49.985905,49.529812,49.087875,48.659843,48.245445,47.844425,47.456516,47.081459,46.718987,46.368824,46.030724,45.704433,45.389694,45.086262,44.793903,44.512394,44.241501,43.981010,43.730724,43.490437,43.259960,43.039124,42.827763,42.625698,42.432800,42.248920,42.073940,41.907726,41.750198,41.601234,41.460762,41.328697,41.204975,41.089550,40.982376,40.883408,40.792637,40.710033,40.635612,40.569370,40.511318,40.461498,40.419930,40.386665,40.361755,40.345268,40.337257,40.337814,40.347027,40.364967,40.391754,40.427479,40.472256,40.526192,40.589394,40.661983,40.744083,40.835808,40.937275,41.048576,41.169853,41.301178,41.442665,41.594379,41.756413,41.928810,42.111603,42.304844,42.508530,42.722618,42.947105,43.181889,43.426895,43.681973,43.946968,44.221680,44.505863,44.799259,45.101536,45.412331,45.731243,46.057774,46.391361,46.731308,47.076633,47.425873,47.776577,48.124256,48.460197,48.766922,49.008682,49.111691,50.000000
75.000000,73.841911,73.143257,72.368210,71.557640,70.732231,69.902679,69.074776,68.251770,67.435692,66.627983,65.829681,65.041702,64.264771,63.499577,62.746693,62.006657,61.279942,60.566956,59.868034,59.183483,58.513542,57.858414,57.218246,56.593121,55.983116,55.388252,54.808502,54.243835,53.694157,53.159367,52.639347,52.133923,51.642952,51.166225,50.703560,50.254711,49.819496,49.397659,48.988976,48.593201,48.210094,47.839409,47.480892,47.134319,46.799438,46.476006,46.163803,45.862587,45.572144,45.292252,45.022705,44.763294,44.513828,44.274120,44.043999,43.823277,43.611801,43.409424,43.215996,43.031391,42.855476,42.688145,42.529293,42.378822,42.236641,42.102688,41.976891,41.859196,41.749557,41.647942,41.554310,41.468670,41.390984,41.321274,41.259548,41.205822,41.160122,41.122498,41.092983,41.071629,41.058502,41.053673,41.057201,41.069176,41.089687,41.118809,41.156651,41.203308,41.258869,41.323441,41.397137,41.480030,41.572243,41.673866,41.784985,41.905674,42.036034,42.176109,42.325977,42.485664,42.655190,42.834591,43.023834,43.222889,43.431725,43.650253,43.878349,44.115910,44.362743,44.618675,44.883442,45.156818,45.438469,45.728054,46.025192,46.329460,46.640373,46.957333,47.279667,47.606441,47.936325,48.267147,48.595097,48.913071,49.207279,49.450508,50.000000
75.000000,74.487679,73.495834,72.596642,71.742325,70.911270,70.093964,69.286530,68.487617,67.697060,66.915161,66.142509,65.379654,64.627220,63.885838,63.155998,62.438229,61.732944,61.040565,60.361412,59.695801,59.043964,58.406116,57.782391,57.172909,56.577751,55.996964,55.430534,54.878433,54.340614,53.816998,53.307449,52.811878,52.330105,51.861996,51.407356,50.966003,50.537724,50.122341,49.719601,49.329315,48.951248,48.585175,48.230881,47.888119,47.556698,47.236362,46.926922,46.628136,46.339828,46.061768,45.793774,45.535637,45.287186,45.048241,44.818623,44.598179,44.386753,44.184200,43.990383,43.805164,43.628433,43.460083,43.300003,43.148106,43.004307,42.868526,42.740707,42.620789,42.508724,42.404472,42.308018,42.219318,42.138382,42.065197,41.999771,41.942116,41.892254,41.850216,41.816040,41.789772,41.771458,41.761158,41.758934,41.764851,41.778992,41.801422,41.832241,41.871517,41.919334,41.975788,42.040958,42.114944,42.197807,42.289646,42.390526,42.500511,42.619675,42.748066,42.885719,43.032661,43.188911,43.354465,43.529312,43.713394,43.906654,44.109024,44.320366,44.540565,44.769444,45.006813,45.252449,45.506081,45.767445,46.036209,46.312016,46.594505,46.883286,47.177948,47.478188,47.783783,48.094887,48.412395,48.738956,49.080902,49.452690,49.886211,50.000000
75.000000,74.954865,73.764252,72.784164,71.905609,71.077385,70.275772,69.489937,68.715218,67.949760,67.193169,66.445488,65.707169,64.978676,64.260544,63.553242,62.857273,62.173035,61.500916,60.841255,60.194336,59.560406,58.939659,58.332283,57.738380,57.158035,56.591312,56.038219,55.498760,54.972878,54.460522,53.961609,53.476006,53.003628,52.544292,52.097878,51.664200,51.243084,50.834343,50.437782,50.053200,49.680401,49.319176,48.969315,48.630604,48.302853,47.985847,47.679375,47.383247,47.097263,46.821236,46.554974,46.298302,46.051041,45.813019,45.584080,45.364067,45.152840,44.950245,44.756153,44.570454,44.393021,44.223747,44.062542,43.909298,43.763950,43.626404,43.496616,43.374523,43.260071,43.153221,43.053951,42.962219,42.878033,42.801361,42.732224,42.670620,42.616562,42.570080,42.531204,42.499958,42.476398,42.460575,42.452522,42.452309,42.460007,42.475666,42.499374,42.531174,42.571167,42.619415,42.675987,42.740963,42.814404,42.896385,42.986954,43.086182,43.194103,43.310749,43.436169,43.570351,43.713329,43.865063,44.025543,44.194698,44.372482,44.558800,44.753517,44.956532,45.167637,45.386681,45.613430,45.847630,46.089024,46.337303,46.592171,46.853264,47.120304,47.393032,47.671398,47.955723,48.247272,48.549164,48.868633,49.221558,49.642071,50.202892,50.000000
75.000000,75.019615,73.840668,72.878967,72.022675,71.218887,70.442703,69.682671,68.933693,68.193756,67.462250,66.739143,66.024857,65.319771,64.624397,63.939178,63.264576,62.601006,61.948818,61.308342,60.679867,60.063641,59.459862,58.868698,58.290276,57.724697,57.172020,56.632290,56.105495,55.591618,55.090618,54.602413,54.126938,53.664066,53.213688,52.775658,52.349838,51.936062,51.534164,51.143978,50.765308,50.397987,50.041805,49.696583,49.362133,49.038265,48.724770,48.421474,48.128197,47.844742,47.570934,47.306591,47.051552,46.805649,46.568714,46.340607,46.121178,45.910275,45.707779,45.513554,45.327480,45.149448,44.979359,44.817097,44.662598,44.515774,44.376541,44.244843,44.120621,44.003822,43.894405,43.792339,43.697594,43.610153,43.530006,43.457146,43.391571,43.333298,43.282345,43.238720,43.202469,43.173611,43.152199,43.138268,43.131866,43.133049,43.141869,43.158382,43.182655,43.214748,43.254707,43.302616,43.358505,43.422466,43.494530,43.574726,43.663147,43.759777,43.864670,43.977829,44.099274,44.228973,44.366920,44.513081,44.667397,44.829781,45.000149,45.178391,45.364372,45.557919,45.758842,45.966946,46.181992,46.403709,46.631832,46.866066,47.106087,47.351658,47.602551,47.858772,48.120773,48.389931,48.669662,48.967648,49.300476,49.703506,50.251293,50.000000
75.000000,74.671570,73.718590,72.877258,72.091591,71.334839,70.594482,69.864784,69.143364,68.429443,67.722885,67.024055,66.333313,65.651161,64.978058,64.314476,63.660866,63.017574,62.384991,61.763420,61.153152,60.554417,59.967430,59.392349,58.829323,58.278442,57.739792,57.213409,56.699303,56.197472,55.707893,55.230507,54.765251,54.312019,53.870720,53.441235,53.023426,52.617165,52.222290,51.838650,51.466076,51.104412,50.753479,50.413097,50.083088,49.763287,49.453506,49.153580,48.863323,48.582573,48.311157,48.048912,47.795670,47.551289,47.315601,47.088470,46.869755,46.659321,46.457043,46.262791,46.076462,45.897938,45.727116,45.563915,45.408237,45.260006,45.119148,44.985592,44.859291,44.740189,44.628235,44.523411,44.425663,44.334984,44.251358,44.174770,44.105228,44.042721,43.987270,43.938877,43.897575,43.863392,43.836346,43.816486,43.803841,43.798450,43.800373,43.809650,43.826324,43.850445,43.882076,43.921238,43.968014,44.022423,44.084507,44.154320,44.231876,44.317204,44.410313,44.511219,44.619904,44.736374,44.860565,44.992470,45.132000,45.279095,45.433632,45.595531,45.764633,45.940788,46.123817,46.313511,46.509659,46.711990,46.920258,47.134155,47.353409,47.577694,47.806797,48.040516,48.278950,48.522671,48.773300,49.034653,49.315163,49.632675,50.024536,50.000000
75.000000,74.114677,73.494110,72.824387,72.133720,71.435448,70.736061,70.038864,69.345680,68.657753,67.975914,67.300850,66.633209,65.973480,65.322205,64.679855,64.046791,63.423447,62.810150,62.207199,61.614902,61.033459,60.463078,59.903954,59.356216,58.819962,58.295284,57.782230,57.280823,56.791088,56.312984,55.846481,55.391525,54.948040,54.515942,54.095127,53.685471,53.286865,52.899174,52.522247,52.155949,51.800117,51.454597,51.119225,50.793846,50.478294,50.172401,49.876007,49.588951,49.311073,49.042213,48.782215,48.530937,48.288219,48.053928,47.827915,47.610054,47.400215,47.198277,47.004120,46.817635,46.638721,46.467274,46.303204,46.146427,45.996868,45.854443,45.719093,45.590763,45.469398,45.354950,45.247383,45.146667,45.052769,44.965672,44.885368,44.811844,44.745090,44.685123,44.631950,44.585571,44.546024,44.513321,44.487484,44.468548,44.456551,44.451527,44.453510,44.462540,44.478642,44.501877,44.532272,44.569862,44.614700,44.666782,44.726151,44.792835,44.866840,44.948166,45.036816,45.132774,45.236023,45.346519,45.464214,45.589058,45.720936,45.859779,46.005463,46.157856,46.316803,46.482136,46.653652,46.831127,47.014343,47.203030,47.396912,47.595673,47.798969,48.006443,48.217640,48.432014,48.648827,48.866871,49.083973,49.295837,49.493637,49.658585,50.000000
75.000000,73.657043,73.313889,72.790146,72.182404,71.536728,70.875259,70.208794,69.542747,68.879967,68.222122,67.570251,66.925133,66.287354,65.657455,65.035866,64.423027,63.819256,63.224930,62.640350,62.065758,61.501411,60.947495,60.404179,59.871613,59.349911,58.839149,58.339397,57.850693,57.373051,56.906464,56.450897,56.006325,55.572674,55.149876,54.737843,54.336472,53.945656,53.565289,53.195229,52.835346,52.485508,52.145554,51.815361,51.494770,51.183632,50.881794,50.589096,50.305401,50.030552,49.764404,49.506817,49.257637,49.016739,48.783970,48.559216,48.342331,48.133209,47.931725,47.737778,47.551243,47.372036,47.200050,47.035202,46.877407,46.726585,46.582664,46.445580,46.315277,46.191692,46.074791,45.964520,45.860851,45.763752,45.673206,45.589180,45.511673,45.440681,45.376190,45.318218,45.266750,45.221809,45.183418,45.151581,45.126335,45.107685,45.095676,45.090324,45.091663,45.099724,45.114529,45.136112,45.164494,45.199699,45.241768,45.290684,45.346481,45.409149,45.478699,45.555103,45.638355,45.728428,45.825272,45.928829,46.039043,46.155819,46.279068,46.408672,46.544498,46.686413,46.834244,46.987793,47.146862,47.311214,47.480621,47.654778,47.833389,48.016068,48.202335,48.391529,48.582577,48.773617,48.961079,49.137802,49.289070,49.384205,49.358849,50.000000
75.000000,73.549057,73.298103,72.832253,72.265388,71.652084,71.018661,70.377922,69.736320,69.097145,68.462296,67.832878,67.209702,66.593338,65.984375,65.383171,64.790115,64.205627,63.629986,63.063484,62.506393,61.958920,61.421288,60.893646,60.376141,59.868900,59.372005,58.885521,58.409508,57.943966,57.488911,57.044327,56.610199,56.186455,55.773041,55.369896,54.976913,54.594021,54.221096,53.858028,53.504707,53.160995,52.826775,52.501904,52.186253,51.879669,51.582031,51.293186,51.013000,50.741337,50.478050,50.223003,49.976070,49.737110,49.506004,49.282627,49.066853,48.858566,48.657650,48.464012,48.277531,48.098125,47.925697,47.760147,47.601410,47.449398,47.304050,47.165291,47.033062,46.907314,46.787987,46.675053,46.568462,46.468193,46.374210,46.286480,46.205002,46.129765,46.060757,45.997963,45.941395,45.891060,45.846954,45.809097,45.777504,45.752182,45.733154,45.720451,45.714073,45.714046,45.720394,45.733139,45.752293,45.777866,45.809883,45.848339,45.893238,45.944576,46.002354,46.066544,46.137135,46.214058,46.297306,46.386787,46.482456,46.584229,46.691994,46.805645,46.925083,47.050129,47.180626,47.316422,47.457306,47.603054,47.753445,47.908207,48.067020,48.229542,48.395245,48.563435,48.732899,48.901463,49.064877,49.214664,49.333309,49.384453,49.292259,50.000000
75.000000,73.854370,73.478264,72.966354,72.390511,71.785492,71.168327,70.547455,69.927231,69.309937,68.696991,68.089256,67.487419,66.891998,66.303482,65.722244,65.148689,64.583130,64.025894,63.477222,62.937382,62.406616,61.885075,61.372959,60.870415,60.377537,59.894436,59.421177,58.957809,58.504375,58.060883,57.627316,57.203667,56.789894,56.385944,55.991768,55.607281,55.232399,54.867035,54.511082,54.164448,53.827000,53.498638,53.179222,52.868641,52.566769,52.273476,51.988621,51.712093,51.443737,51.183449,50.931076,50.686520,50.449635,50.220322,49.998440,49.783882,49.576542,49.376308,49.183079,48.996761,48.817245,48.644451,48.478294,48.318687,48.165565,48.018841,47.878468,47.744370,47.616501,47.494804,47.379242,47.269764,47.166340,47.068943,46.977528,46.892097,46.812626,46.739086,46.671490,46.609818,46.554070,46.504246,46.460358,46.422401,46.390392,46.364334,46.344238,46.330124,46.322002,46.319878,46.323761,46.333664,46.349606,46.371555,46.399540,46.433552,46.473579,46.519596,46.571598,46.629536,46.693382,46.763081,46.838558,46.919781,47.006638,47.099041,47.196877,47.300037,47.408363,47.521732,47.639969,47.762867,47.890247,48.021885,48.157539,48.296944,48.439781,48.585613,48.733925,48.883801,49.033764,49.180962,49.319805,49.439034,49.515446,49.501240,50.000000
75.000000,74.419891,73.782494,73.158791,72.542038,71.929733,71.321075,70.716087,70.115021,69.518303,68.926392,68.339691,67.758690,67.183746,66.615311,66.053703,65.499252,64.952332,64.413200,63.882103,63.359318,62.845028,62.339447,61.842724,61.355003,60.876408,60.407021,59.946938,59.496204,59.054859,58.622921,58.200390,57.787258,57.383511,56.989090,56.603954,56.228035,55.861263,55.503563,55.154831,54.814980,54.483921,54.161533,53.847710,53.542339,53.245300,52.956470,52.675739,52.402988,52.138081,51.880909,51.631351,51.389297,51.154606,50.927193,50.706921,50.493702,50.287415,50.087959,49.895245,49.709175,49.529640,49.356575,49.189884,49.029484,48.875317,48.727299,48.585365,48.449455,48.319523,48.195496,48.077335,47.965012,47.858475,47.757683,47.662617,47.573238,47.489540,47.411495,47.339085,47.272312,47.211155,47.155609,47.105675,47.061352,47.022640,46.989544,46.962059,46.940193,46.923958,46.913345,46.908360,46.909012,46.915295,46.927204,46.944729,46.967857,46.996582,47.030876,47.070709,47.116043,47.166840,47.223061,47.284611,47.351448,47.423492,47.500637,47.582775,47.669804,47.761578,47.857967,47.958809,48.063946,48.173176,48.286308,48.403137,48.523426,48.646961,48.773483,48.902714,49.034439,49.168419,49.304520,49.442780,49.583775,49.729256,49.883751,50.000000
75.000000,74.958748,74.074471,73.344833,72.689438,72.070450,71.470238,70.880806,70.298508,69.721893,69.150543,68.584488,68.023865,67.469032,66.920273,66.377930,65.842316,65.313744,64.792442,64.278709,63.772739,63.274769,62.784954,62.303486,61.830471,61.366051,60.910309,60.463345,60.025204,59.595921,59.175545,58.764061,58.361488,57.967781,57.582943,57.206913,56.839638,56.481060,56.131104,55.789696,55.456753,55.132175,54.815876,54.507751,54.207699,53.915611,53.631371,53.354885,53.086029,52.824688,52.570766,52.324139,52.084682,51.852314,51.626911,51.408371,51.196579,50.991451,50.792885,50.600773,50.415039,50.235584,50.062321,49.895176,49.734066,49.578918,49.429661,49.286236,49.148579,49.016617,48.890320,48.769615,48.654472,48.544849,48.440701,48.342003,48.248703,48.160805,48.078259,48.001064,47.929192,47.862629,47.801361,47.745384,47.694702,47.649281,47.609135,47.574257,47.544636,47.520287,47.501183,47.487335,47.478729,47.475365,47.477222,47.484299,47.496567,47.514011,47.536602,47.564308,47.597080,47.634892,47.677685,47.725380,47.777931,47.835243,47.897228,47.963787,48.034813,48.110168,48.189754,48.273384,48.360924,48.452198,48.547047,48.645260,48.746696,48.851166,48.958607,49.069038,49.182835,49.300995,49.425968,49.563187,49.724438,49.935001,50.248531,50.000000
75.000000,75.201416,74.225471,73.463150,72.803459,72.193802,71.609360,71.038658,70.476402,69.920296,69.369507,68.823784,68.283295,67.748230,67.218834,66.695442,66.178368,65.667854,65.164139,64.667519,64.178162,63.696320,63.222134,62.755756,62.297344,61.846996,61.404827,60.970913,60.545326,60.128090,59.719257,59.318832,58.926819,58.543213,58.167995,57.801113,57.442547,57.092228,56.750099,56.416096,56.090137,55.772152,55.462044,55.159718,54.865097,54.578064,54.298531,54.026402,53.761555,53.503895,53.253323,53.009720,52.773003,52.543053,52.319767,52.103050,51.892803,51.688934,51.491341,51.299931,51.114628,50.935326,50.761955,50.594433,50.432678,50.276630,50.126205,49.981346,49.841988,49.708073,49.579533,49.456337,49.338421,49.225746,49.118279,49.015972,48.918789,48.826698,48.739685,48.657707,48.580757,48.508804,48.441830,48.379814,48.322762,48.270645,48.223457,48.181183,48.143818,48.111347,48.083763,48.061062,48.043209,48.030209,48.022034,48.018677,48.020107,48.026291,48.037220,48.052834,48.073101,48.097977,48.127396,48.161304,48.199642,48.242317,48.289249,48.340336,48.395489,48.454559,48.517464,48.584042,48.654156,48.727661,48.804379,48.884174,48.966900,49.052437,49.140778,49.232117,49.327080,49.427238,49.536160,49.661591,49.820122,50.046879,50.415939,50.000000
75.000000,75.036018,74.181465,73.487747,72.871719,72.293915,71.735756,71.188545,70.648331,70.113472,69.583397,69.057953,68.537300,68.021690,67.511391,67.006691,66.507820,66.015106,65.528755,65.049065,64.576134,64.110214,63.651474,63.200066,62.756138,62.319771,61.891090,61.470177,61.057083,60.651867,60.254559,59.865185,59.483746,59.110260,58.744682,58.387009,58.037197,57.695206,57.360966,57.034451,56.715557,56.404240,56.100410,55.803997,55.514896,55.233017,54.958294,54.690620,54.429890,54.176014,53.928894,53.688446,53.454552,53.227123,53.006058,52.791267,52.582657,52.380135,52.183609,51.992992,51.808201,51.629139,51.455742,51.287918,51.125595,50.968712,50.817188,50.670956,50.529961,50.394127,50.263416,50.137760,50.017128,49.901451,49.790691,49.684818,49.583771,49.487534,49.396065,49.309338,49.227322,49.149994,49.077328,49.009296,48.945889,48.887085,48.832867,48.783211,48.738110,48.697536,48.661472,48.629921,48.602840,48.580215,48.562035,48.548271,48.538879,48.533844,48.533131,48.536697,48.544510,48.556492,48.572617,48.592808,48.617004,48.645138,48.677109,48.712830,48.752213,48.795135,48.841507,48.891174,48.944016,48.999889,49.058666,49.120178,49.184299,49.250938,49.320030,49.391705,49.466419,49.545345,49.631161,49.729710,49.853497,50.028885,50.311317,50.000000
75.000000,74.564674,73.990601,73.441238,72.904869,72.375938,71.851906,71.331741,70.815102,70.302002,69.792656,69.287308,68.786301,68.289864,67.798355,67.312027,66.831177,66.355988,65.886772,65.423737,64.967056,64.516907,64.073494,63.636929,63.207348,62.784870,62.369595,61.961597,61.560966,61.167721,60.781929,60.403595,60.032745,59.669373,59.313477,58.965042,58.624031,58.290409,57.964134,57.645164,57.333416,57.028843,56.731380,56.440941,56.157455,55.880844,55.611019,55.347885,55.091373,54.841385,54.597820,54.360596,54.129635,53.904819,53.686081,53.473305,53.266426,53.065346,52.869976,52.680233,52.496037,52.317295,52.143944,51.975895,51.813087,51.655430,51.502872,51.355335,51.212757,51.075077,50.942238,50.814194,50.690872,50.572235,50.458229,50.348820,50.243954,50.143597,50.047710,49.956253,49.869205,49.786522,49.708179,49.634159,49.564419,49.498943,49.437706,49.380684,49.327858,49.279202,49.234695,49.194302,49.158012,49.125797,49.097626,49.073471,49.053295,49.037083,49.024769,49.016338,49.011719,49.010880,49.013763,49.020313,49.030453,49.044106,49.061203,49.081661,49.105392,49.132275,49.162224,49.195118,49.230824,49.269226,49.310200,49.353580,49.399220,49.446987,49.496746,49.548351,49.601768,49.657051,49.714436,49.774738,49.839703,49.913101,50.002834,50.000000
75.000000,74.048409,73.776917,73.382660,72.931038,72.453300,71.964340,71.471474,70.978325,70.486771,69.997902,69.512383,69.030663,68.553139,68.080139,67.611931,67.148781,66.690941,66.238609,65.792068,65.351433,64.916916,64.488640,64.066780,63.651455,63.242760,62.840801,62.445671,62.057423,61.676136,61.301823,60.934517,60.574249,60.221016,59.874817,59.535652,59.203472,58.878277,58.560013,58.248638,57.944096,57.646347,57.355312,57.070942,56.793148,56.521870,56.257023,55.998543,55.746334,55.500317,55.260399,55.026512,54.798557,54.576458,54.360119,54.149460,53.944397,53.744843,53.550716,53.361931,53.178406,53.000069,52.826847,52.658649,52.495415,52.337063,52.183537,52.034748,51.890663,51.751186,51.616283,51.485882,51.359936,51.238380,51.121178,51.008278,50.899628,50.795185,50.694916,50.598774,50.506714,50.418713,50.334724,50.254726,50.178684,50.106564,50.038338,49.973969,49.913441,49.856720,49.803780,49.754589,49.709110,49.667324,49.629189,49.594681,49.563770,49.536404,49.512539,49.492138,49.475159,49.461555,49.451260,49.444214,49.440365,49.439632,49.441952,49.447235,49.455410,49.466358,49.480003,49.496239,49.514954,49.536011,49.559315,49.584698,49.612011,49.641068,49.671597,49.703236,49.735321,49.766685,49.794968,49.815395,49.818069,49.782272,49.664467,50.000000
75.000000,73.769341,73.675041,73.376228,72.980904,72.540649,72.080116,71.611229,71.139832,70.668823,70.199791,69.733604,69.270836,68.811890,68.357094,67.906738,67.461082,67.020363,66.584747,66.154472,65.729713,65.310638,64.897385,64.490105,64.088905,63.693905,63.305199,62.922863,62.546959,62.177567,61.814697,61.458412,61.108711,60.765621,60.429134,60.099251,59.775940,59.459206,59.148987,58.845268,58.547997,58.257122,57.972595,57.694344,57.422325,57.156460,56.896683,56.642921,56.395092,56.153133,55.916954,55.686481,55.461624,55.242325,55.028481,54.820019,54.616856,54.418911,54.226105,54.038364,53.855598,53.677742,53.504715,53.336445,53.172852,53.013882,52.859440,52.709484,52.563931,52.422733,52.285812,52.153122,52.024601,51.900188,51.779831,51.663490,51.551094,51.442616,51.337994,51.237190,51.140167,51.046879,50.957283,50.871346,50.789024,50.710285,50.635101,50.563416,50.495220,50.430458,50.369118,50.311146,50.256516,50.205193,50.157143,50.112316,50.070679,50.032200,49.996830,49.964523,49.935234,49.908901,49.885494,49.864929,49.847153,49.832108,49.819733,49.809921,49.802620,49.797745,49.795181,49.794884,49.796711,49.800568,49.806347,49.813892,49.823067,49.833641,49.845322,49.857571,49.869438,49.879032,49.882572,49.872166,49.831463,49.726147,49.484333,50.000000
75.000000,73.883400,73.759628,73.457741,73.071671,72.646301,72.203308,71.753067,71.300713,70.848816,70.398781,69.951393,69.507156,69.066460,68.629631,68.196884,67.768478,67.344620,66.925522,66.511353,66.102333,65.698532,65.300171,64.907341,64.520172,64.138771,63.763222,63.393612,63.029999,62.672451,62.321011,61.975700,61.636574,61.303616,60.976849,60.656265,60.341850,60.033604,59.731472,59.435452,59.145496,58.861553,58.583584,58.311535,58.045357,57.784969,57.530331,57.281357,57.038002,56.800171,56.567799,56.340828,56.119164,55.902733,55.691460,55.485275,55.284100,55.087841,54.896439,54.709808,54.527882,54.350582,54.177830,54.009556,53.845680,53.686150,53.530880,53.379807,53.232868,53.089996,52.951126,52.816193,52.685154,52.557930,52.434475,52.314732,52.198647,52.086174,51.977253,51.871841,51.769894,51.671352,51.576187,51.484341,51.395794,51.310467,51.228344,51.149387,51.073551,51.000801,50.931087,50.864372,50.800621,50.739796,50.681854,50.626759,50.574451,50.524906,50.478065,50.433899,50.392342,50.353359,50.316875,50.282845,50.251221,50.221935,50.194908,50.170097,50.147415,50.126797,50.108150,50.091393,50.076443,50.063206,50.051594,50.041458,50.032681,50.025093,50.018394,50.012146,50.005516,49.996838,49.982811,49.956520,49.903709,49.794506,49.566341,50.000000
75.000000,74.339432,74.006744,73.615990,73.198090,72.767982,72.332954,71.896629,71.460922,71.026848,70.595085,70.165985,69.739937,69.317223,68.898048,68.482674,68.071297,67.664131,67.261353,66.863129,66.469635,66.081009,65.697395,65.318916,64.945671,64.577759,64.215302,63.858341,63.506969,63.161228,62.821171,62.486847,62.158245,61.835430,61.518375,61.207104,60.901600,60.601860,60.307858,60.019573,59.736969,59.460018,59.188660,58.922855,58.662571,58.407738,58.158298,57.914196,57.675369,57.441746,57.213264,56.989864,56.771458,56.557980,56.349365,56.145523,55.946407,55.751923,55.561996,55.376568,55.195545,55.018867,54.846466,54.678257,54.514175,54.354153,54.198112,54.045994,53.897736,53.753250,53.612488,53.475388,53.341877,53.211910,53.085407,52.962326,52.842602,52.726189,52.613007,52.503036,52.396202,52.292458,52.191757,52.094063,51.999302,51.907444,51.818439,51.732243,51.648808,51.568089,51.490047,51.414631,51.341805,51.271523,51.203728,51.138386,51.075462,51.014896,50.956638,50.900646,50.846882,50.795280,50.745792,50.698368,50.652946,50.609482,50.567898,50.528152,50.490162,50.453865,50.419193,50.386082,50.354462,50.324234,50.295326,50.267658,50.241116,50.215607,50.190964,50.167004,50.143375,50.119465,50.094143,50.065044,50.027416,49.971378,49.876442,50.000000
75.000000,74.907150,74.306824,73.798973,73.335564,72.893959,72.463585,72.039467,71.619446,71.202614,70.788643,70.377548,69.969398,69.564384,69.162666,68.764450,68.369919,67.979256,67.592628,67.210175,66.832092,66.458496,66.089493,65.725243,65.365814,65.011337,64.661865,64.317497,63.978298,63.644321,63.315617,62.992229,62.674164,62.361454,62.054123,61.752163,61.455593,61.164383,60.878529,60.598011,60.322792,60.052868,59.788170,59.528683,59.274342,59.025108,58.780933,58.541752,58.307529,58.078186,57.853664,57.633892,57.418819,57.208374,57.002476,56.801067,56.604080,56.411438,56.223064,56.038898,55.858864,55.682892,55.510899,55.342834,55.178612,55.018177,54.861435,54.708336,54.558804,54.412788,54.270199,54.130981,53.995075,53.862411,53.732925,53.606556,53.483250,53.362938,53.245567,53.131073,53.019413,52.910519,52.804344,52.700829,52.599922,52.501572,52.405727,52.312332,52.221344,52.132710,52.046375,51.962307,51.880440,51.800735,51.723148,51.647625,51.574108,51.502563,51.432938,51.365189,51.299255,51.235100,51.172661,51.111889,51.052731,50.995136,50.939060,50.884434,50.831196,50.779316,50.728699,50.679302,50.631073,50.583939,50.537842,50.492722,50.448524,50.405224,50.362850,50.321468,50.281410,50.243359,50.208881,50.181320,50.167885,50.183781,50.261101,50.000000
75.000000,75.298233,74.522575,73.941338,73.453041,73.009666,72.588333,72.178406,71.774879,71.375519,70.979378,70.586136,70.195740,69.808250,69.423813,69.042557,68.664680,68.290344,67.919693,67.552895,67.190056,66.831352,66.476852,66.126724,65.781013,65.439865,65.103333,64.771477,64.444420,64.122154,63.804760,63.492264,63.184711,62.882111,62.584499,62.291859,62.004208,61.721550,61.443867,61.171135,60.903351,60.640484,60.382484,60.129333,59.880997,59.637417,59.398567,59.164375,58.934807,58.709797,58.489292,58.273232,58.061562,57.854202,57.651104,57.452194,57.257404,57.066669,56.879929,56.697098,56.518120,56.342918,56.171421,56.003567,55.839275,55.678478,55.521111,55.367107,55.216389,55.068890,54.924534,54.783272,54.645027,54.509727,54.377319,54.247730,54.120895,53.996754,53.875244,53.756298,53.639866,53.525867,53.414272,53.304989,53.197983,53.093193,52.990551,52.890018,52.791523,52.695015,52.600456,52.507771,52.416912,52.327850,52.240505,52.154839,52.070789,51.988319,51.907379,51.827904,51.749859,51.673195,51.597858,51.523788,51.450947,51.379288,51.308765,51.239323,51.170914,51.103466,51.036980,50.971371,50.906593,50.842598,50.779369,50.716858,50.655041,50.593960,50.533737,50.474709,50.417583,50.363953,50.317249,50.284698,50.281597,50.340160,50.528111,50.000000
75.000000,75.317413,74.560905,73.998795,73.529541,73.105110,72.702599,72.311356,71.926331,71.545288,71.167282,70.791931,70.419182,70.049072,69.681732,69.317284,68.955910,68.597748,68.242928,67.891617,67.543915,67.199974,66.859879,66.523766,66.191689,65.863785,65.540100,65.220711,64.905716,64.595108,64.288986,63.987370,63.690300,63.397797,63.109875,62.826565,62.547844,62.273743,62.004246,61.739330,61.478992,61.223209,60.971943,60.725185,60.482887,60.245014,60.011524,59.782379,59.557518,59.336903,59.120480,58.908192,58.699974,58.495781,58.295540,58.099194,57.906681,57.717930,57.532875,57.351460,57.173603,56.999245,56.828304,56.660725,56.496437,56.335365,56.177437,56.022583,55.870747,55.721836,55.575798,55.432545,55.292027,55.154167,55.018898,54.886150,54.755859,54.627941,54.502354,54.379013,54.257862,54.138832,54.021862,53.906883,53.793835,53.682655,53.573280,53.465656,53.359711,53.255394,53.152649,53.051407,52.951614,52.853237,52.756191,52.660423,52.565895,52.472549,52.380341,52.289192,52.199085,52.109959,52.021770,51.934456,51.847988,51.762310,51.677387,51.593182,51.509636,51.426704,51.344376,51.262600,51.181320,51.100525,51.020191,50.940292,50.860832,50.781857,50.703514,50.626160,50.550522,50.478218,50.412685,50.361195,50.339062,50.378510,50.547295,50.000000
75.000000,74.964737,74.421921,73.971420,73.565155,73.180405,72.806511,72.438454,72.073997,71.712158,71.352577,70.995171,70.639984,70.287140,69.936722,69.588959,69.243904,68.901764,68.562660,68.226700,67.894012,67.564735,67.238945,66.916725,66.598228,66.283470,65.972572,65.665573,65.362572,65.063599,64.768700,64.477936,64.191322,63.908882,63.630661,63.356647,63.086880,62.821331,62.560024,62.302944,62.050072,61.801407,61.556911,61.316570,61.080353,60.848225,60.620148,60.396084,60.175991,59.959827,59.747536,59.539070,59.334381,59.133400,58.936085,58.742367,58.552193,58.365486,58.182194,58.002251,57.825584,57.652138,57.481831,57.314606,57.150383,56.989101,56.830681,56.675056,56.522160,56.371914,56.224247,56.079094,55.936375,55.796021,55.657955,55.522114,55.388432,55.256813,55.127209,54.999542,54.873737,54.749737,54.627460,54.506840,54.387814,54.270321,54.154263,54.039612,53.926277,53.814205,53.703327,53.593594,53.484924,53.377270,53.270576,53.164783,53.059826,52.955647,52.852215,52.749458,52.647339,52.545803,52.444801,52.344288,52.244228,52.144581,52.045307,51.946365,51.847725,51.749355,51.651222,51.553299,51.455566,51.357994,51.260578,51.163292,51.066143,50.969147,50.872395,50.776024,50.680397,50.586288,50.495316,50.410912,50.340340,50.298866,50.318680,50.000000
75.000000,74.435471,74.198723,73.903641,73.581062,73.245773,72.904968,72.562157,72.219131,71.876785,71.535713,71.196167,70.858444,70.522720,70.189148,69.857857,69.529037,69.202789,68.879242,68.558525,68.240738,67.925987,67.614388,67.306030,67.000961,66.699287,66.401115,66.106453,65.815422,65.528008,65.244293,64.964340,64.688171,64.415771,64.147209,63.882519,63.621662,63.364693,63.111588,62.862339,62.616962,62.375431,62.137730,61.903835,61.673733,61.447376,61.224758,61.005817,60.790539,60.578869,60.370762,60.166180,59.965057,59.767365,59.573025,59.382000,59.194218,59.009628,58.828159,58.649761,58.474358,58.301888,58.132282,57.965469,57.801392,57.639969,57.481133,57.324810,57.170925,57.019413,56.870197,56.723202,56.578350,56.435577,56.294796,56.155930,56.018921,55.883671,55.750122,55.618206,55.487820,55.358913,55.231400,55.105213,54.980274,54.856514,54.733856,54.612236,54.491581,54.371811,54.252872,54.134701,54.017216,53.900360,53.784073,53.668289,53.552963,53.438023,53.323406,53.209080,53.094997,52.981094,52.867329,52.753670,52.640057,52.526485,52.412876,52.299255,52.185547,52.071758,51.957851,51.843822,51.729652,51.615322,51.500824,51.386169,51.271305,51.156227,51.040901,50.925201,50.808899,50.691486,50.571941,50.448013,50.315075,50.163357,49.972488,50.000000
75.000000,74.018044,74.028748,73.860977,73.608498,73.316071,73.005150,72.685966,72.363510,72.040192,71.717262,71.395378,71.074921,70.756142,70.439232,70.124336,69.811569,69.501099,69.193008,68.887413,68.584435,68.284126,67.986618,67.691978,67.400307,67.111664,66.826118,66.543747,66.264595,65.988701,65.716148,65.446968,65.181168,64.918823,64.659927,64.404518,64.152596,63.904186,63.659275,63.417881,63.180000,62.945625,62.714725,62.487312,62.263348,62.042805,61.825668,61.611900,61.401470,61.194347,60.990475,60.789814,60.592327,60.397964,60.206669,60.018387,59.833061,59.650642,59.471066,59.294273,59.120197,58.948772,58.779934,58.613609,58.449741,58.288254,58.129066,57.972115,57.817326,57.664627,57.513927,57.365166,57.218258,57.073135,56.929707,56.787903,56.647640,56.508846,56.371429,56.235321,56.100441,55.966698,55.834023,55.702328,55.571560,55.441608,55.312412,55.183903,55.055988,54.928600,54.801666,54.675117,54.548882,54.422882,54.297066,54.171364,54.045708,53.920055,53.794319,53.668484,53.542480,53.416256,53.289776,53.162987,53.035873,52.908390,52.780499,52.652210,52.523476,52.394287,52.264633,52.134491,52.003887,51.872810,51.741264,51.609215,51.476669,51.343567,51.209763,51.074940,50.938416,50.798679,50.652576,50.493366,50.306946,50.063618,49.700985,50.000000
75.000000,73.942749,74.021637,73.895561,73.672302,73.403229,73.112778,72.812668,72.508530,72.203094,71.897728,71.593124,71.289719,70.987701,70.687302,70.388626,70.091843,69.797020,69.504280,69.213684,68.925392,68.639465,68.355965,68.074997,67.796623,67.520927,67.247963,66.977806,66.710503,66.446091,66.184639,65.926193,65.670776,65.418419,65.169159,64.923035,64.680008,64.440155,64.203461,63.969913,63.739548,63.512325,63.288254,63.067326,62.849525,62.634830,62.423214,62.214653,62.009113,61.806561,61.606968,61.410290,61.216476,61.025494,60.837288,60.651806,60.469002,60.288818,60.111187,59.936066,59.763378,59.593071,59.425064,59.259304,59.095718,58.934235,58.774769,58.617268,58.461639,58.307819,58.155720,58.005268,57.856388,57.708988,57.563000,57.418327,57.274899,57.132626,56.991421,56.851208,56.711895,56.573406,56.435650,56.298550,56.162003,56.025951,55.890297,55.754963,55.619873,55.484932,55.350071,55.215214,55.080292,54.945221,54.809944,54.674377,54.538456,54.402149,54.265362,54.128048,53.990170,53.851662,53.712509,53.572647,53.432049,53.290688,53.148552,53.005615,52.861843,52.717270,52.571857,52.425640,52.278603,52.130768,51.982162,51.832764,51.682594,51.531578,51.379585,51.226276,51.070881,50.911705,50.745155,50.563572,50.350788,50.072739,49.657738,50.000000
75.000000,74.260811,74.201447,74.018761,73.777878,73.509781,73.229141,72.942978,72.654648,72.365845,72.077362,71.789696,71.503052,71.217659,70.933647,70.651100,70.370148,70.090843,69.813347,69.537704,69.264015,68.992363,68.722801,68.455406,68.190269,67.927437,67.667015,67.409012,67.153481,66.900520,66.650124,66.402390,66.157310,65.914917,65.675285,65.438400,65.204285,64.972961,64.744469,64.518776,64.295906,64.075890,63.858650,63.644230,63.432613,63.223778,63.017704,62.814373,62.613758,62.415825,62.220543,62.027882,61.837791,61.650242,61.465176,61.282555,61.102318,60.924427,60.748817,60.575424,60.404186,60.235058,60.067959,59.902824,59.739590,59.578178,59.418514,59.260532,59.104149,58.949291,58.795868,58.643810,58.493031,58.343445,58.194962,58.047512,57.901001,57.755329,57.610428,57.466194,57.322544,57.179390,57.036633,56.894196,56.751976,56.609894,56.467865,56.325787,56.183590,56.041183,55.898476,55.755394,55.611855,55.467781,55.323101,55.177738,55.031635,54.884708,54.736919,54.588188,54.438484,54.287750,54.135944,53.983040,53.828995,53.673782,53.517399,53.359821,53.201050,53.041077,52.879925,52.717590,52.554131,52.389523,52.223839,52.057098,51.889324,51.720531,51.550659,51.379566,51.206821,51.031487,50.851463,50.662231,50.454166,50.206799,49.876869,50.000000
75.000000,74.816338,74.493599,74.194901,73.908234,73.627708,73.350456,73.075150,72.801155,72.528191,72.256195,71.985168,71.715179,71.446243,71.178490,70.911964,70.646759,70.382919,70.120583,69.859779,69.600616,69.343140,69.087448,68.833572,68.581596,68.331604,68.083603,67.837708,67.593941,67.352341,67.112991,66.875916,66.641121,66.408684,66.178635,65.950981,65.725754,65.502983,65.282669,65.064827,64.849480,64.636604,64.426216,64.218338,64.012901,63.809959,63.609455,63.411381,63.215714,63.022430,62.831509,62.642902,62.456581,62.272503,62.090630,61.910912,61.733303,61.557762,61.384212,61.212608,61.042900,60.875011,60.708885,60.544445,60.381634,60.220371,60.060589,59.902203,59.745136,59.589314,59.434650,59.281071,59.128479,58.976788,58.825916,58.675770,58.526253,58.377281,58.228764,58.080601,57.932701,57.784966,57.637299,57.489620,57.341808,57.193798,57.045467,56.896740,56.747528,56.597729,56.447258,56.296024,56.143955,55.990944,55.836933,55.681854,55.525608,55.368153,55.209396,55.049316,54.887829,54.724903,54.560501,54.394573,54.227097,54.058056,53.887428,53.715225,53.541435,53.366062,53.189144,53.010696,52.830753,52.649361,52.466583,52.282467,52.097080,51.910534,51.722931,51.534405,51.345181,51.155598,50.966209,50.778111,50.593376,50.416103,50.254498,50.000000
75.000000,75.327278,74.763603,74.359985,74.032921,73.742584,73.469971,73.206085,72.946602,72.689575,72.434074,72.179665,71.926193,71.673683,71.422104,71.171516,70.921951,70.673515,70.426239,70.180244,69.935532,69.692162,69.450249,69.209824,68.970970,68.733734,68.498123,68.264275,68.032204,67.801956,67.573570,67.347107,67.122604,66.900078,66.679588,66.461151,66.244781,66.030525,65.818382,65.608383,65.400528,65.194847,64.991325,64.789955,64.590752,64.393692,64.198776,64.005981,63.815292,63.626686,63.440144,63.255634,63.073112,62.892559,62.713921,62.537159,62.362232,62.189087,62.017666,61.847919,61.679790,61.513210,61.348118,61.184448,61.022125,60.861084,60.701252,60.542545,60.384884,60.228180,60.072357,59.917343,59.763023,59.609314,59.456135,59.303383,59.150959,58.998779,58.846741,58.694736,58.542679,58.390465,58.237991,58.085155,57.931850,57.777996,57.623470,57.468189,57.312054,57.154949,56.996796,56.837505,56.676971,56.515110,56.351852,56.187111,56.020809,55.852867,55.683235,55.511829,55.338615,55.163532,54.986565,54.807644,54.626762,54.443909,54.259060,54.072227,53.883396,53.692619,53.499912,53.305313,53.108845,52.910591,52.710651,52.509079,52.306000,52.101616,51.896130,51.689987,51.483959,51.279568,51.079819,50.890919,50.725750,50.611023,50.602581,50.000000
75.000000,75.532661,74.887512,74.455109,74.124023,73.841225,73.581490,73.332924,73.089828,72.849548,72.610847,72.373177,72.136314,71.900185,71.664726,71.430008,71.196053,70.962944,70.730698,70.499382,70.269020,70.039757,69.811562,69.584526,69.358704,69.134163,68.910934,68.689079,68.468651,68.249695,68.032249,67.816368,67.602089,67.389435,67.178482,66.969215,66.761711,66.555939,66.351974,66.149796,65.949440,65.750931,65.554245,65.359421,65.166428,64.975281,64.785973,64.598480,64.412788,64.228889,64.046753,63.866367,63.687691,63.510700,63.335331,63.161579,62.989376,62.818676,62.649441,62.481609,62.315125,62.149914,61.985928,61.823097,61.661343,61.500603,61.340794,61.181843,61.023663,60.866165,60.709278,60.552902,60.396950,60.241318,60.085918,59.930668,59.775436,59.620140,59.464672,59.308941,59.152824,58.996231,58.839035,58.681152,58.522465,58.362858,58.202244,58.040493,57.877525,57.713215,57.547478,57.380215,57.211319,57.040699,56.868267,56.693943,56.517639,56.339287,56.158821,55.976158,55.791267,55.604084,55.414566,55.222687,55.028423,54.831749,54.632675,54.431190,54.227337,54.021103,53.812557,53.601738,53.388714,53.173550,52.956337,52.737198,52.516285,52.293785,52.070023,51.845547,51.621349,51.399368,51.183590,50.982162,50.812084,50.708912,50.747181,50.000000
75.000000,75.330406,74.817299,74.457817,74.171097,73.918816,73.682869,73.454742,73.230431,73.008011,72.786629,72.565956,72.345718,72.125954,71.906616,71.687737,71.469337,71.251480,71.034187,70.817505,70.601501,70.386223,70.171722,69.958008,69.745201,69.533287,69.322372,69.112450,68.903625,68.695915,68.489357,68.284019,68.079918,67.877144,67.675674,67.475586,67.276863,67.079575,66.883759,66.689384,66.496521,66.305161,66.115341,65.927040,65.740265,65.555038,65.371330,65.189156,65.008484,64.829323,64.651627,64.475388,64.300583,64.127197,63.955154,63.784431,63.615009,63.446823,63.279816,63.113953,62.949169,62.785404,62.622589,62.460659,62.299549,62.139183,61.979481,61.820366,61.661758,61.503551,61.345684,61.188046,61.030544,60.873093,60.715572,60.557903,60.399971,60.241669,60.082886,59.923515,59.763458,59.602581,59.440784,59.277954,59.113987,58.948742,58.782135,58.614029,58.444336,58.272930,58.099697,57.924553,57.747379,57.568085,57.386570,57.202744,57.016529,56.827831,56.636593,56.442734,56.246212,56.046951,55.844940,55.640118,55.432472,55.222008,55.008694,54.792564,54.573624,54.351917,54.127499,53.900398,53.670727,53.438541,53.203972,52.967125,52.728157,52.487255,52.244728,52.000980,51.756790,51.513618,51.274338,51.044846,50.837429,50.677830,50.620193,50.000000
75.000000,74.832481,74.607101,74.394310,74.186790,73.981483,73.777107,73.573112,73.369255,73.165497,72.961830,72.758217,72.554718,72.351311,72.148071,71.944992,71.742096,71.539444,71.337074,71.134995,70.933273,70.731949,70.531052,70.330650,70.130760,69.931458,69.732773,69.534760,69.337486,69.140976,68.945267,68.750427,68.556488,68.363495,68.171486,67.980507,67.790596,67.601768,67.414047,67.227493,67.042107,66.857887,66.674896,66.493118,66.312569,66.133263,65.955177,65.778313,65.602692,65.428261,65.255051,65.082993,64.912094,64.742310,64.573631,64.406013,64.239410,64.073769,63.909058,63.745224,63.582191,63.419933,63.258354,63.097401,62.937008,62.777100,62.617584,62.458389,62.299431,62.140614,61.981853,61.823044,61.664104,61.504921,61.345387,61.185417,61.024876,60.863674,60.701683,60.538792,60.374886,60.209858,60.043571,59.875908,59.706764,59.535995,59.363506,59.189163,59.012848,58.834442,58.653835,58.470913,58.285568,58.097698,57.907185,57.713955,57.517887,57.318928,57.116982,56.911995,56.703873,56.492592,56.278107,56.060375,55.839371,55.615093,55.387543,55.156731,54.922688,54.685452,54.445084,54.201645,53.955238,53.705944,53.453873,53.199165,52.941959,52.682396,52.420681,52.156948,51.891453,51.624443,51.356277,51.087524,50.819286,50.553864,50.296337,50.000000
75.000000,74.308449,74.385780,74.326073,74.200546,74.043381,73.871017,73.691307,73.508018,73.322937,73.136932,72.950424,72.763588,72.576546,72.389351,72.202019,72.014626,71.827148,71.639641,71.452133,71.264618,71.077225,70.889900,70.702744,70.515739,70.328979,70.142509,69.956345,69.770584,69.585205,69.400307,69.215927,69.032097,68.848877,68.666275,68.484390,68.303223,68.122818,67.943199,67.764412,67.586464,67.409409,67.233231,67.057976,66.883652,66.710243,66.537796,66.366264,66.195686,66.026016,65.857269,65.689430,65.522469,65.356361,65.191071,65.026573,64.862831,64.699791,64.537422,64.375671,64.214462,64.053764,63.893501,63.733604,63.574001,63.414612,63.255363,63.096176,62.936958,62.777615,62.618057,62.458183,62.297901,62.137085,61.975655,61.813480,61.650455,61.486458,61.321373,61.155079,60.987461,60.818382,60.647724,60.475357,60.301159,60.125000,59.946743,59.766266,59.583454,59.398167,59.210297,59.019707,58.826298,58.629932,58.430527,58.227966,58.022156,57.813000,57.600430,57.384357,57.164711,56.941448,56.714527,56.483891,56.249546,56.011463,55.769653,55.524139,55.274952,55.022125,54.765747,54.505890,54.242630,53.976109,53.706429,53.433712,53.158108,52.879734,52.598614,52.314716,52.027649,51.736458,51.438862,51.129852,50.798740,50.422958,49.955307,50.000000
75.000000,74.045250,74.289772,74.318031,74.243195,74.119186,73.971664,73.812805,73.648422,73.481209,73.312508,73.142891,72.972656,72.801910,72.630753,72.459183,72.287209,72.114899,71.942230,71.769234,71.595947,71.422409,71.248619,71.074631,70.900490,70.726234,70.551918,70.377563,70.203239,70.028976,69.854836,69.680862,69.507103,69.333595,69.160400,68.987549,68.815102,68.643089,68.471527,68.300484,68.129967,67.960022,67.790665,67.621910,67.453789,67.286301,67.119461,66.953270,66.787743,66.622864,66.458618,66.294991,66.131989,65.969566,65.807716,65.646378,65.485542,65.325150,65.165184,65.005569,64.846245,64.687172,64.528282,64.369507,64.210770,64.051994,63.893093,63.733994,63.574600,63.414841,63.254589,63.093750,62.932217,62.769894,62.606659,62.442398,62.276993,62.110325,61.942268,61.772697,61.601482,61.428486,61.253586,61.076645,60.897514,60.716072,60.532188,60.345722,60.156528,59.964485,59.769455,59.571327,59.369953,59.165226,58.957024,58.745239,58.529770,58.310505,58.087376,57.860283,57.629181,57.393974,57.154648,56.911140,56.663448,56.411556,56.155468,55.895206,55.630829,55.362366,55.089886,54.813507,54.533318,54.249435,53.962002,53.671162,53.377041,53.079758,52.779308,52.475533,52.167782,51.854477,51.531994,51.192486,50.819077,50.376129,49.788441,50.000000
75.000000,74.196037,74.391106,74.404045,74.330711,74.216446,74.082634,73.939362,73.791397,73.640907,73.488960,73.335991,73.182228,73.027725,72.872536,72.716682,72.560173,72.402969,72.245140,72.086624,71.927536,71.767799,71.607529,71.446693,71.285362,71.123566,70.961342,70.798759,70.635826,70.472633,70.309189,70.145584,69.981842,69.818024,69.654152,69.490318,69.326553,69.162888,68.999352,68.836029,68.672913,68.510048,68.347481,68.185219,68.023277,67.861694,67.700485,67.539627,67.379150,67.219055,67.059319,66.899956,66.740921,66.582214,66.423813,66.265694,66.107803,65.950119,65.792580,65.635147,65.477776,65.320396,65.162933,65.005356,64.847557,64.689468,64.531013,64.372101,64.212639,64.052544,63.891685,63.729980,63.567333,63.403599,63.238682,63.072460,62.904808,62.735592,62.564686,62.391964,62.217281,62.040508,61.861488,61.680096,61.496181,61.309608,61.120220,60.927891,60.732456,60.533791,60.331738,60.126175,59.916977,59.703987,59.487106,59.266205,59.041164,58.811886,58.578274,58.340244,58.097710,57.850628,57.598930,57.342575,57.081554,56.815849,56.545467,56.270432,55.990788,55.706604,55.417953,55.124947,54.827686,54.526310,54.220978,53.911865,53.599140,53.282913,52.963284,52.640171,52.313152,51.980991,51.640793,51.286125,50.902981,50.461418,49.897842,50.000000
75.000000,74.697227,74.658386,74.568710,74.455566,74.331528,74.202240,74.070267,73.936676,73.801987,73.666374,73.529884,73.392502,73.254227,73.115021,72.974869,72.833755,72.691727,72.548653,72.404655,72.259689,72.113785,71.966972,71.819260,71.670700,71.521309,71.371155,71.220268,71.068718,70.916519,70.763725,70.610451,70.456650,70.302490,70.147896,69.993019,69.837883,69.682518,69.526993,69.371338,69.215591,69.059792,68.903984,68.748199,68.592445,68.436737,68.281128,68.125603,67.970192,67.814880,67.659660,67.504547,67.349525,67.194565,67.039650,66.884773,66.729851,66.574921,66.419861,66.264679,66.109306,65.953682,65.797745,65.641426,65.484642,65.327332,65.169403,65.010757,64.851318,64.690994,64.529640,64.367188,64.203514,64.038498,63.872013,63.703953,63.534176,63.362545,63.188923,63.013187,62.835178,62.654755,62.471771,62.286076,62.097519,61.905945,61.711205,61.513145,61.311619,61.106468,60.897530,60.684685,60.467777,60.246662,60.021206,59.791294,59.556801,59.317596,59.073593,58.824703,58.570824,58.311893,58.047878,57.778694,57.504353,57.224819,56.940117,56.650261,56.355305,56.055325,55.750397,55.440628,55.126160,54.807148,54.483761,54.156200,53.824684,53.489429,53.150673,52.808624,52.463406,52.115009,51.762955,51.405823,51.040161,50.657913,50.241142,50.000000
75.000000,75.298538,74.971619,74.754517,74.590309,74.451385,74.324364,74.202637,74.083046,73.964005,73.844658,73.724632,73.603661,73.481613,73.358414,73.234009,73.108368,72.981422,72.853172,72.723633,72.592812,72.460686,72.327316,72.192680,72.056862,71.919838,71.781700,71.642471,71.502228,71.360985,71.218811,71.075783,70.931915,70.787292,70.641953,70.495987,70.349442,70.202339,70.054756,69.906731,69.758324,69.609558,69.460487,69.311127,69.161514,69.011703,68.861687,68.711487,68.561127,68.410599,68.259918,68.109077,67.958069,67.806870,67.655472,67.503853,67.351967,67.199799,67.047287,66.894409,66.741089,66.587288,66.432930,66.277939,66.122269,65.965805,65.808487,65.650215,65.490906,65.330429,65.168716,65.005623,64.841034,64.674866,64.506935,64.337158,64.165390,63.991482,63.815289,63.636673,63.455475,63.271564,63.084759,62.894913,62.701866,62.505455,62.305515,62.101887,61.894409,61.682915,61.467247,61.247257,61.022778,60.793671,60.559780,60.320976,60.077133,59.828114,59.573818,59.314137,59.048985,58.778282,58.501961,58.219990,57.932327,57.638966,57.339909,57.035183,56.724850,56.408974,56.087658,55.761013,55.429192,55.092361,54.750721,54.404503,54.053978,53.699455,53.341351,52.980190,52.616806,52.252541,51.889839,51.533367,51.192406,50.885708,50.651505,50.000000
75.000000,75.691925,75.184280,74.891869,74.701889,74.560410,74.441628,74.333153,74.229004,74.126320,74.023689,73.920334,73.815910,73.710213,73.603065,73.494423,73.384224,73.272415,73.158989,73.043915,72.927200,72.808853,72.688889,72.567299,72.444160,72.319489,72.193329,72.065720,71.936707,71.806374,71.674759,71.541916,71.407898,71.272812,71.136673,70.999557,70.861534,70.722649,70.582962,70.442528,70.301407,70.159615,70.017250,69.874306,69.730827,69.586868,69.442413,69.297539,69.152214,69.006462,68.860321,68.713760,68.566772,68.419357,68.271507,68.123184,67.974365,67.825020,67.675087,67.524567,67.373367,67.221443,67.068718,66.915154,66.760658,66.605141,66.448532,66.290726,66.131638,65.971138,65.809143,65.645531,65.480156,65.312950,65.143715,64.972366,64.798737,64.622696,64.444077,64.262741,64.078514,63.891266,63.700794,63.506958,63.309578,63.108490,62.903507,62.694473,62.481205,62.263535,62.041286,61.814304,61.582420,61.345448,61.103268,60.855709,60.602634,60.343918,60.079426,59.809059,59.532700,59.250275,58.961716,58.666977,58.366009,58.058800,57.745377,57.425732,57.099957,56.768085,56.430256,56.086586,55.737240,55.382389,55.022255,54.657124,54.287266,53.913097,53.535114,53.154087,52.771255,52.388859,52.011196,51.646858,51.313389,51.047127,50.923603,50.000000
75.000000,75.673538,75.200493,74.935753,74.769279,74.648819,74.549591,74.459785,74.373749,74.288734,74.203438,74.117126,74.029457,73.940193,73.849205,73.756401,73.661690,73.565063,73.466461,73.365845,73.263252,73.158646,73.052071,72.943512,72.833015,72.720634,72.606392,72.490356,72.372543,72.253059,72.131912,72.009209,71.885010,71.759361,71.632355,71.504028,71.374481,71.243744,71.111916,70.979019,70.845116,70.710304,70.574570,70.437996,70.300636,70.162483,70.023605,69.884003,69.743729,69.602768,69.461151,69.318863,69.175926,69.032303,68.888023,68.743019,68.597282,68.450806,68.303520,68.155373,68.006363,67.856377,67.705391,67.553299,67.400063,67.245583,67.089760,66.932518,66.773743,66.613350,66.451195,66.287170,66.121178,65.953041,65.782631,65.609848,65.434502,65.256477,65.075584,64.891685,64.704590,64.514168,64.320206,64.122543,63.921005,63.715397,63.505562,63.291294,63.072411,62.848732,62.620079,62.386269,62.147118,61.902462,61.652126,61.395958,61.133793,60.865490,60.590919,60.309948,60.022469,59.728413,59.427666,59.120186,58.805927,58.484882,58.157040,57.822430,57.481125,57.133160,56.778698,56.417858,56.050777,55.677692,55.298824,54.914459,54.524895,54.130581,53.731995,53.329926,52.925571,52.521103,52.120602,51.732315,51.373150,51.078293,50.921555,50.000000
75.000000,75.253784,75.026863,74.890190,74.794823,74.717972,74.649055,74.583061,74.517624,74.451553,74.384224,74.315346,74.244606,74.171936,74.097176,74.020264,73.941109,73.859680,73.775887,73.689774,73.601280,73.510422,73.417198,73.321648,73.223763,73.123650,73.021271,72.916756,72.810066,72.701347,72.590652,72.478012,72.363541,72.247299,72.129341,72.009750,71.888596,71.765968,71.641914,71.516502,71.389801,71.261864,71.132751,71.002510,70.871201,70.738831,70.605484,70.471176,70.335899,70.199715,70.062622,69.924629,69.785736,69.645935,69.505219,69.363571,69.220985,69.077393,68.932777,68.787094,68.640305,68.492325,68.343132,68.192619,68.040718,67.887344,67.732414,67.575851,67.417503,67.257294,67.095100,66.930817,66.764267,66.595360,66.423943,66.249855,66.072983,65.893105,65.710106,65.523804,65.334030,65.140587,64.943314,64.742004,64.536484,64.326569,64.112038,63.892723,63.668411,63.438908,63.204021,62.963562,62.717335,62.465145,62.206829,61.942192,61.671082,61.393333,61.108803,60.817356,60.518856,60.213219,59.900345,59.580170,59.252655,58.917751,58.575478,58.225849,57.868923,57.504780,57.133537,56.755337,56.370350,55.978786,55.580906,55.176975,54.767334,54.352348,53.932446,53.508198,53.080322,52.649982,52.219109,51.791447,51.374451,50.983719,50.652325,50.000000
75.000000,74.656670,74.771477,74.807281,74.803658,74.780075,74.745995,74.706009,74.662231,74.615654,74.566658,74.515350,74.461739,74.405762,74.347328,74.286369,74.222809,74.156616,74.087708,74.016060,73.941689,73.864571,73.784698,73.702087,73.616806,73.528870,73.438332,73.345230,73.249649,73.151665,73.051300,72.948677,72.843864,72.736938,72.627960,72.517036,72.404205,72.289597,72.173264,72.055260,71.935699,71.814583,71.692039,71.568085,71.442802,71.316208,71.188347,71.059280,70.929008,70.797585,70.665001,70.531281,70.396446,70.260483,70.123360,69.985092,69.845650,69.704994,69.563095,69.419937,69.275421,69.129532,68.982178,68.833298,68.682838,68.530670,68.376747,68.220917,68.063133,67.903244,67.741127,67.576683,67.409760,67.240211,67.067909,66.892693,66.714409,66.532883,66.347939,66.159409,65.967110,65.770851,65.570435,65.365685,65.156380,64.942322,64.723320,64.499153,64.269600,64.034477,63.793549,63.546631,63.293503,63.033974,62.767838,62.494915,62.215015,61.927971,61.633614,61.331799,61.022392,60.705265,60.380344,60.047523,59.706753,59.358006,59.001270,58.636559,58.263950,57.883503,57.495335,57.099594,56.696495,56.286217,55.869041,55.445232,55.015133,54.579044,54.137295,53.690136,53.237671,52.779633,52.314999,51.841129,51.352135,50.835491,50.265263,50.000000
75.000000,74.206154,74.588867,74.760719,74.830940,74.851898,74.848488,74.832527,74.809570,74.782143,74.751358,74.717674,74.681236,74.642014,74.599998,74.555061,74.507172,74.456253,74.402229,74.345123,74.284866,74.221451,74.154915,74.085243,74.012497,73.936714,73.857948,73.776230,73.691658,73.604301,73.514229,73.421539,73.326294,73.228600,73.128532,73.026184,72.921631,72.814964,72.706268,72.595619,72.483109,72.368782,72.252739,72.135017,72.015701,71.894836,71.772430,71.648567,71.523293,71.396599,71.268532,71.139091,71.008286,70.876160,70.742653,70.607780,70.471512,70.333832,70.194717,70.054092,69.911926,69.768166,69.622757,69.475594,69.326630,69.175774,69.022934,68.867989,68.710846,68.551384,68.389488,68.225037,68.057861,67.887833,67.714798,67.538605,67.359085,67.176064,66.989357,66.798775,66.604141,66.405251,66.201920,65.993904,65.781013,65.563049,65.339752,65.110939,64.876373,64.635818,64.389069,64.135902,63.876076,63.609402,63.335648,63.054611,62.766098,62.469921,62.165882,61.853840,61.533634,61.205135,60.868229,60.522816,60.168831,59.806255,59.435032,59.055206,58.666813,58.269943,57.864704,57.451263,57.029800,56.600552,56.163776,55.719799,55.268894,54.811386,54.347511,53.877323,53.400471,52.915657,52.419617,51.904907,51.355408,50.736698,49.976414,50.000000
75.000000,74.156845,74.599060,74.807022,74.903336,74.946075,74.962555,74.965607,74.961143,74.951836,74.938881,74.922729,74.903465,74.881096,74.855545,74.826729,74.794571,74.758980,74.719902,74.677307,74.631157,74.581474,74.528229,74.471458,74.411224,74.347527,74.280472,74.210083,74.136452,74.059669,73.979797,73.896950,73.811195,73.722641,73.631393,73.537521,73.441147,73.342354,73.241226,73.137848,73.032326,72.924721,72.815102,72.703560,72.590157,72.474945,72.357971,72.239304,72.118973,71.996986,71.873398,71.748222,71.621506,71.493179,71.363319,71.231865,71.098808,70.964134,70.827820,70.689796,70.550041,70.408478,70.265060,70.119705,69.972336,69.822868,69.671204,69.517242,69.360863,69.201981,69.040421,68.876076,68.708794,68.538452,68.364853,68.187851,68.007256,67.822914,67.634644,67.442200,67.245438,67.044136,66.838043,66.626999,66.410759,66.189072,65.961731,65.728477,65.489120,65.243378,64.991020,64.731812,64.465523,64.191910,63.910736,63.621796,63.324848,63.019707,62.706169,62.384048,62.053177,61.713409,61.364616,61.006695,60.639545,60.263123,59.877419,59.482403,59.078159,58.664753,58.242290,57.810940,57.370895,56.922421,56.465763,56.001266,55.529263,55.050079,54.563992,54.071056,53.570938,53.062263,52.541557,52.000740,51.422085,50.767422,49.955524,50.000000
75.000000,74.556984,74.822838,74.955132,75.024681,75.064293,75.089027,75.105698,75.117317,75.125137,75.129616,75.130859,75.128784,75.123352,75.114365,75.101761,75.085388,75.065178,75.041061,75.013039,74.981026,74.945038,74.905075,74.861183,74.813385,74.761742,74.706322,74.647179,74.584419,74.518089,74.448349,74.375229,74.298897,74.219391,74.136871,74.051399,73.963104,73.872078,73.778442,73.682236,73.583603,73.482643,73.379410,73.273979,73.166428,73.056824,72.945236,72.831688,72.716263,72.598969,72.479851,72.358955,72.236267,72.111794,71.985558,71.857529,71.727722,71.596085,71.462601,71.327240,71.189926,71.050644,70.909286,70.765800,70.620125,70.472160,70.321777,70.168915,70.013443,69.855217,69.694138,69.530060,69.362839,69.192299,69.018295,68.840645,68.659187,68.473724,68.284058,68.089973,67.891273,67.687752,67.479164,67.265289,67.045898,66.820747,66.589584,66.352165,66.108223,65.857536,65.599808,65.334816,65.062286,64.781960,64.493607,64.196960,63.891804,63.577900,63.255035,62.923000,62.581619,62.230717,61.870148,61.499779,61.119518,60.729301,60.329086,59.918877,59.498680,59.068611,58.628769,58.179310,57.720451,57.252453,56.775597,56.290257,55.796803,55.295650,54.787209,54.271824,53.749619,53.220222,52.682133,52.131298,51.558228,50.941616,50.234795,50.000000
75.000000,75.216766,75.167854,75.160187,75.173294,75.196167,75.222977,75.250580,75.277153,75.301682,75.323555,75.342278,75.357552,75.369141,75.376854,75.380531,75.380051,75.375290,75.366219,75.352745,75.334869,75.312576,75.285873,75.254807,75.219414,75.179749,75.135887,75.087906,75.035896,74.979988,74.920242,74.856773,74.789726,74.719177,74.645264,74.568085,74.487770,74.404419,74.318153,74.229073,74.137276,74.042847,73.945900,73.846497,73.744743,73.640694,73.534409,73.425980,73.315422,73.202789,73.088127,72.971451,72.852798,72.732178,72.609581,72.485001,72.358444,72.229866,72.099289,71.966606,71.831810,71.694855,71.555656,71.414131,71.270218,71.123825,70.974854,70.823181,70.668724,70.511322,70.350868,70.187202,70.020172,69.849640,69.675400,69.497299,69.315147,69.128746,68.937889,68.742363,68.541954,68.336441,68.125565,67.909111,67.686829,67.458450,67.223709,66.982353,66.734123,66.478729,66.215897,65.945351,65.666832,65.380058,65.084770,64.780655,64.467499,64.145058,63.813068,63.471310,63.119591,62.757702,62.385475,62.002758,61.609463,61.205482,60.790771,60.365299,59.929111,59.482262,59.024864,58.557098,58.079163,57.591335,57.093937,56.587353,56.072029,55.548508,55.017357,54.479336,53.935322,53.386509,52.834610,52.282295,51.734062,51.197781,50.687748,50.000000
75.000000,75.802170,75.474388,75.345993,75.312874,75.324509,75.356415,75.396576,75.439117,75.480980,75.520645,75.557121,75.589989,75.618813,75.643372,75.663483,75.678986,75.689735,75.695724,75.696854,75.693130,75.684509,75.671036,75.652756,75.629692,75.601929,75.569565,75.532661,75.491325,75.445686,75.395851,75.341927,75.284042,75.222336,75.156929,75.087921,75.015472,74.939697,74.860703,74.778610,74.693535,74.605568,74.514824,74.421379,74.325340,74.226784,74.125771,74.022369,73.916634,73.808640,73.698387,73.585945,73.471313,73.354507,73.235558,73.114456,72.991180,72.865707,72.738022,72.608101,72.475876,72.341309,72.204315,72.064835,71.922783,71.778084,71.630623,71.480278,71.326942,71.170494,71.010796,70.847694,70.681038,70.510635,70.336349,70.157974,69.975319,69.788193,69.596375,69.399620,69.197731,68.990463,68.777565,68.558792,68.333839,68.102493,67.864449,67.619438,67.367172,67.107338,66.839684,66.563881,66.279640,65.986687,65.684692,65.373405,65.052521,64.721764,64.380867,64.029610,63.667732,63.295021,62.911282,62.516354,62.110104,61.692410,61.263199,60.822460,60.370197,59.906456,59.431358,58.945057,58.447781,57.939800,57.421471,56.893192,56.355492,55.808968,55.254417,54.692879,54.125893,53.556023,52.987785,52.429760,51.898914,51.429539,51.091774,50.000000
75.000000,76.008041,75.598457,75.444771,75.411644,75.434517,75.482460,75.540680,75.601944,75.662621,75.720879,75.775688,75.826462,75.872787,75.914383,75.951027,75.982613,76.008987,76.030083,76.045853,76.056252,76.061310,76.061043,76.055481,76.044693,76.028770,76.007774,75.981850,75.951073,75.915604,75.875526,75.831024,75.782188,75.729195,75.672157,75.611214,75.546516,75.478180,75.406349,75.331131,75.252670,75.171082,75.086441,74.998871,74.908470,74.815323,74.719513,74.621094,74.520149,74.416718,74.310867,74.202606,74.091980,73.979019,73.863716,73.746071,73.626099,73.503761,73.379036,73.251892,73.122284,72.990166,72.855476,72.718109,72.578011,72.435097,72.289230,72.140350,71.988281,71.832909,71.674133,71.511742,71.345619,71.175545,71.001404,70.822945,70.639999,70.452354,70.259766,70.062027,69.858887,69.650116,69.435432,69.214577,68.987274,68.753220,68.512169,68.263771,68.007774,67.743813,67.471611,67.190834,66.901192,66.602333,66.293953,65.975746,65.647385,65.308594,64.959053,64.598511,64.226685,63.843353,63.448280,63.041279,62.622173,62.190842,61.747189,61.291157,60.822754,60.342018,59.849049,59.343994,58.827099,58.298626,57.758942,57.208488,56.647808,56.077541,55.498547,54.911999,54.319675,53.724537,53.132034,52.552689,52.007774,51.541027,51.243431,50.000000
75.000000,75.721527,75.489212,75.433754,75.459572,75.521835,75.599419,75.682297,75.765572,75.846802,75.924644,75.998337,76.067383,76.131470,76.190308,76.243690,76.291473,76.333519,76.369789,76.400200,76.424744,76.443443,76.456322,76.463432,76.464836,76.460632,76.450928,76.435852,76.415527,76.390083,76.359680,76.324440,76.284515,76.240082,76.191284,76.138268,76.081177,76.020149,75.955360,75.886932,75.814964,75.739616,75.660973,75.579201,75.494339,75.406532,75.315857,75.222359,75.126122,75.027237,74.925728,74.821640,74.715012,74.605843,74.494186,74.380028,74.263359,74.144188,74.022461,73.898148,73.771225,73.641624,73.509270,73.374123,73.236076,73.095047,72.950905,72.803581,72.652908,72.498779,72.341049,72.179535,72.014099,71.844551,71.670723,71.492401,71.309364,71.121422,70.928329,70.729836,70.525703,70.315681,70.099472,69.876808,69.647423,69.410995,69.167198,68.915733,68.656273,68.388519,68.112091,67.826675,67.531921,67.227486,66.913033,66.588234,66.252716,65.906158,65.548256,65.178703,64.797188,64.403450,63.997231,63.578308,63.146481,62.701603,62.243553,61.772251,61.287663,60.789825,60.278828,59.754822,59.218002,58.668686,58.107212,57.534046,56.949715,56.354870,55.750313,55.137089,54.516644,53.891209,53.264736,52.644608,52.045628,51.498451,51.067570,50.000000
75.000000,75.089256,75.219574,75.349152,75.474640,75.595512,75.711906,75.823883,75.931442,76.034424,76.132591,76.225639,76.313316,76.395416,76.471687,76.541946,76.606041,76.663857,76.715340,76.760422,76.799088,76.831429,76.857384,76.877060,76.890572,76.898003,76.899475,76.895126,76.885109,76.869568,76.848625,76.822517,76.791374,76.755356,76.714653,76.669380,76.619751,76.565926,76.508026,76.446213,76.380646,76.311409,76.238693,76.162582,76.083183,76.000618,75.914963,75.826340,75.734779,75.640358,75.543152,75.443199,75.340546,75.235176,75.127174,75.016495,74.903160,74.787140,74.668457,74.547005,74.422821,74.295799,74.165894,74.033028,73.897110,73.758080,73.615776,73.470139,73.320992,73.168259,73.011726,72.851265,72.686699,72.517860,72.344543,72.166550,71.983650,71.795624,71.602264,71.403275,71.198418,70.987396,70.769981,70.545815,70.314621,70.076088,69.829903,69.575684,69.313141,69.041878,68.761589,68.471863,68.172363,67.862679,67.542503,67.211418,66.869057,66.515083,66.149132,65.770836,65.379913,64.976013,64.558884,64.128235,63.683849,63.225559,62.753178,62.266609,61.765831,61.250816,60.721642,60.178448,59.621433,59.050903,58.467194,57.870766,57.262150,56.641953,56.010822,55.369534,54.718819,54.059467,53.392231,52.717773,52.036812,51.350521,50.662014,50.000000
75.000000,74.448997,74.951920,75.269020,75.494408,75.673691,75.828712,75.969879,76.101906,76.226875,76.345612,76.458305,76.564888,76.665207,76.759102,76.846382,76.926903,77.000557,77.067276,77.127068,77.179855,77.225708,77.264702,77.296921,77.322395,77.341324,77.353859,77.360092,77.360191,77.354393,77.342804,77.325653,77.303093,77.275322,77.242523,77.204895,77.162560,77.115746,77.064598,77.009277,76.949936,76.886742,76.819778,76.749237,76.675201,76.597771,76.517120,76.433235,76.346275,76.256302,76.163353,76.067474,75.968758,75.867188,75.762794,75.655632,75.545631,75.432816,75.317169,75.198654,75.077248,74.952866,74.825462,74.694962,74.561302,74.424339,74.284012,74.140182,73.992714,73.841484,73.686340,73.527084,73.363602,73.195633,73.023056,72.845604,72.663063,72.475220,72.281815,72.082588,71.877258,71.665565,71.447189,71.221832,70.989174,70.748878,70.500572,70.243973,69.978668,69.704308,69.420471,69.126816,68.822937,68.508400,68.182854,67.845863,67.497032,67.135986,66.762314,66.375633,65.975594,65.561836,65.134033,64.691902,64.235168,63.763592,63.276997,62.775234,62.258228,61.725964,61.178486,60.615894,60.038410,59.446289,58.839912,58.219700,57.586201,56.939949,56.281521,55.611370,54.929634,54.235619,53.526928,52.797482,52.033562,51.205681,50.251999,50.000000
75.000000,74.156906,74.854874,75.273125,75.556671,75.774323,75.958588,76.124580,76.279213,76.425514,76.564659,76.697075,76.822693,76.941444,77.053123,77.157555,77.254616,77.344170,77.426208,77.500648,77.567551,77.626930,77.678841,77.723419,77.760803,77.791107,77.814476,77.831146,77.841232,77.844971,77.842552,77.834160,77.820023,77.800316,77.775261,77.745041,77.709877,77.669891,77.625351,77.576370,77.523117,77.465775,77.404488,77.339378,77.270584,77.198227,77.122421,77.043243,76.960808,76.875183,76.786453,76.694626,76.599800,76.501999,76.401237,76.297531,76.190895,76.081306,75.968758,75.853203,75.734627,75.612946,75.488129,75.360100,75.228752,75.093994,74.955742,74.813866,74.668205,74.518639,74.365021,74.207169,74.044907,73.878067,73.706413,73.529732,73.347786,73.160362,72.967194,72.768005,72.562500,72.350395,72.131386,71.905151,71.671349,71.429611,71.179604,70.920975,70.653290,70.376175,70.089195,69.792015,69.484138,69.165154,68.834641,68.492149,68.137260,67.769516,67.388496,66.993813,66.584999,66.161690,65.723541,65.270187,64.801315,64.316650,63.815968,63.299095,62.765915,62.216343,61.650433,61.068275,60.470020,59.855965,59.226463,58.581959,57.922981,57.250114,56.563889,55.864700,55.152443,54.425869,53.681210,52.909264,52.089325,51.176483,50.075069,50.000000
75.000000,74.398163,75.013313,75.400345,75.679245,75.905724,76.105461,76.290054,76.464569,76.631134,76.790413,76.942543,77.087395,77.224739,77.354378,77.476112,77.589828,77.695374,77.792709,77.881798,77.962753,78.035545,78.100319,78.157173,78.206261,78.247780,78.281876,78.308746,78.328621,78.341728,78.348244,78.348434,78.342514,78.330666,78.313148,78.290184,78.261948,78.228653,78.190506,78.147705,78.100403,78.048775,77.992989,77.933205,77.869537,77.802116,77.731071,77.656517,77.578522,77.497192,77.412598,77.324783,77.233841,77.139778,77.042610,76.942390,76.839111,76.732758,76.623322,76.510788,76.395096,76.276184,76.154022,76.028534,75.899612,75.767174,75.631088,75.491287,75.347595,75.199844,75.047928,74.891647,74.730820,74.565285,74.394783,74.219093,74.038010,73.851265,73.658585,73.459702,73.254333,73.042137,72.822823,72.596039,72.361443,72.118652,71.867294,71.606995,71.337318,71.057869,70.768196,70.467896,70.156448,69.833443,69.498390,69.150848,68.790321,68.416328,68.028389,67.626060,67.208893,66.776421,66.328255,65.863983,65.383270,64.885735,64.371162,63.839287,63.289970,62.723103,62.138672,61.536739,60.917458,60.281097,59.628021,58.958691,58.273659,57.573601,56.859154,56.130928,55.389187,54.633389,53.861038,53.065357,52.230263,51.319687,50.254757,50.000000
75.000000,75.080254,75.379105,75.625938,75.849686,76.061768,76.266510,76.465149,76.657722,76.843933,77.023277,77.195290,77.359581,77.515762,77.663567,77.802757,77.933189,78.054756,78.167412,78.271172,78.366081,78.452209,78.529709,78.598671,78.659332,78.711853,78.756462,78.793365,78.822815,78.845055,78.860313,78.868843,78.870880,78.866699,78.856506,78.840561,78.819077,78.792259,78.760353,78.723526,78.682014,78.635948,78.585518,78.530891,78.472214,78.409630,78.343254,78.273209,78.199577,78.122459,78.041962,77.958122,77.870987,77.780640,77.687065,77.590324,77.490410,77.387306,77.281021,77.171516,77.058746,76.942680,76.823257,76.700363,76.573975,76.443962,76.310211,76.172600,76.030991,75.885246,75.735207,75.580688,75.421501,75.257446,75.088333,74.913872,74.733894,74.548080,74.356186,74.157906,73.952950,73.740997,73.521713,73.294731,73.059700,72.816238,72.563934,72.302383,72.031136,71.749786,71.457855,71.154854,70.840332,70.513771,70.174675,69.822533,69.456833,69.077042,68.682678,68.273201,67.848091,67.406860,66.949081,66.474274,65.981987,65.471893,64.943649,64.396935,63.831577,63.247421,62.644409,62.022549,61.381989,60.722977,60.045872,59.351124,58.639412,57.911442,57.168148,56.410530,55.639717,54.856819,54.062778,53.257812,52.440205,51.603432,50.729477,50.000000
75.000000,75.869690,75.790878,75.872147,76.030632,76.224724,76.433479,76.646194,76.857246,77.063606,77.263481,77.455818,77.639870,77.815170,77.981346,78.138176,78.285439,78.423050,78.551056,78.669403,78.778206,78.877541,78.967583,79.048515,79.120522,79.183868,79.238754,79.285446,79.324211,79.355362,79.379089,79.395729,79.405510,79.408722,79.405624,79.396477,79.381523,79.360985,79.335091,79.304077,79.268135,79.227463,79.182228,79.132645,79.078819,79.020935,78.959091,78.893456,78.824104,78.751144,78.674660,78.594696,78.511368,78.424690,78.334686,78.241402,78.144859,78.045021,77.941910,77.835480,77.725716,77.612541,77.495911,77.375748,77.251984,77.124489,76.993172,76.857903,76.718529,76.574951,76.426949,76.274376,76.117027,75.954697,75.787170,75.614220,75.435570,75.250984,75.060158,74.862785,74.658585,74.447205,74.228294,74.001488,73.766411,73.522659,73.269806,73.007439,72.735077,72.452278,72.158531,71.853363,71.536232,71.206627,70.863976,70.507759,70.137413,69.752388,69.352066,68.935936,68.503387,68.053902,67.586945,67.101997,66.598549,66.076233,65.534569,64.973259,64.392014,63.790634,63.169003,62.527107,61.865025,61.182983,60.481331,59.760582,59.021393,58.264664,57.491478,56.703350,55.902290,55.091297,54.275177,53.462219,52.667595,51.920330,51.277031,50.000000
75.000000,76.358879,76.055313,76.047531,76.179131,76.374611,76.597275,76.829292,77.061661,77.289825,77.511284,77.724617,77.928963,78.123741,78.308517,78.483093,78.647308,78.801048,78.944328,79.077209,79.199760,79.312180,79.414604,79.507271,79.590424,79.664314,79.729225,79.785446,79.833290,79.873024,79.904976,79.929443,79.946701,79.957062,79.960793,79.958214,79.949532,79.935036,79.914948,79.889542,79.858994,79.823532,79.783333,79.738617,79.689499,79.636177,79.578781,79.517426,79.452248,79.383339,79.310783,79.234688,79.155090,79.072060,78.985596,78.895767,78.802582,78.706047,78.606125,78.502815,78.396065,78.285866,78.172096,78.054741,77.933685,77.808823,77.680084,77.547287,77.410324,77.269051,77.123283,76.972839,76.817520,76.657127,76.491455,76.320236,76.143204,75.960106,75.770638,75.574516,75.371391,75.160919,74.942749,74.716530,74.481796,74.238182,73.985229,73.722481,73.449471,73.165703,72.870651,72.563812,72.244621,71.912498,71.566872,71.207153,70.832726,70.442993,70.037292,69.615044,69.175629,68.718407,68.242790,67.748184,67.234039,66.699867,66.145172,65.569534,64.972595,64.354111,63.713882,63.051834,62.368031,61.662613,60.935936,60.188492,59.420986,58.634361,57.829857,57.009232,56.175068,55.331448,54.485485,53.650372,52.851875,52.141781,51.625813,50.000000
75.000000,76.281044,76.049522,76.095848,76.269714,76.500092,76.753166,77.012672,77.270622,77.522919,77.767311,78.002495,78.227654,78.442268,78.645927,78.838432,79.019630,79.189484,79.348015,79.495316,79.631516,79.756783,79.871391,79.975555,80.069580,80.153755,80.228386,80.293854,80.350433,80.398499,80.438347,80.470329,80.494789,80.512016,80.522324,80.526016,80.523369,80.514671,80.500168,80.480125,80.454765,80.424301,80.388962,80.348938,80.304375,80.255486,80.202393,80.145226,80.084114,80.019173,79.950500,79.878174,79.802246,79.722809,79.639877,79.553497,79.463676,79.370422,79.273735,79.173553,79.069893,78.962708,78.851906,78.737427,78.619194,78.497078,78.371017,78.240845,78.106430,77.967651,77.824265,77.676155,77.523094,77.364876,77.201286,77.032051,76.856918,76.675606,76.487808,76.293243,76.091530,75.882347,75.665291,75.440010,75.206055,74.963005,74.710411,74.447777,74.174606,73.890388,73.594604,73.286621,72.965912,72.631882,72.283852,71.921219,71.543343,71.149529,70.739098,70.311363,69.865677,69.401329,68.917633,68.413940,67.889610,67.344063,66.776711,66.187119,65.574768,64.939354,64.280602,63.598370,62.892635,62.163536,61.411339,60.636520,59.839767,59.022003,58.184483,57.328903,56.457760,55.574875,54.686852,53.805901,52.956024,52.186153,51.598114,50.000000
75.000000,75.661133,75.791451,76.028648,76.309479,76.605545,76.903862,77.198235,77.485550,77.764038,78.032623,78.290413,78.536934,78.771751,78.994514,79.205078,79.403343,79.589279,79.762978,79.924538,80.074188,80.212097,80.338608,80.453987,80.558563,80.652710,80.736763,80.811119,80.876129,80.932152,80.979599,81.018791,81.050095,81.073883,81.090462,81.100136,81.103249,81.100090,81.090927,81.076012,81.055626,81.029976,80.999298,80.963799,80.923622,80.878998,80.830070,80.776955,80.719803,80.658745,80.593842,80.525215,80.452957,80.377068,80.297615,80.214653,80.128197,80.038261,79.944778,79.847809,79.747276,79.643150,79.535378,79.423859,79.308548,79.189308,79.066048,78.938644,78.806931,78.670776,78.530006,78.384407,78.233826,78.078018,77.916740,77.749756,77.576797,77.397560,77.211769,77.019073,76.819153,76.611618,76.396095,76.172173,75.939438,75.697418,75.445618,75.183609,74.910805,74.626694,74.330666,74.022171,73.700577,73.365227,73.015434,72.650566,72.269890,71.872665,71.458176,71.025673,70.574394,70.103561,69.612457,69.100296,68.566406,68.010056,67.430565,66.827415,66.200020,65.547935,64.870811,64.168427,63.440666,62.687576,61.909389,61.106525,60.279606,59.429485,58.557266,57.664375,56.752579,55.824284,54.882946,53.934147,52.988186,52.065735,51.210747,50.000000
75.000000,74.819214,75.438217,75.923012,76.336311,76.709755,77.058891,77.391022,77.709396,78.015182,78.308647,78.589684,78.857956,79.113258,79.355339,79.584038,79.799370,80.001328,80.190041,80.365707,80.528526,80.678841,80.816933,80.943199,81.057999,81.161758,81.254845,81.337723,81.410789,81.474403,81.529076,81.575127,81.612946,81.642944,81.665459,81.680840,81.689430,81.691521,81.687416,81.677422,81.661758,81.640663,81.614464,81.583282,81.547340,81.506821,81.461891,81.412727,81.359421,81.302116,81.240929,81.175957,81.107231,81.034843,80.958870,80.879311,80.796204,80.709557,80.619362,80.525597,80.428253,80.327263,80.222572,80.114120,80.001808,79.885544,79.765236,79.640724,79.511864,79.378525,79.240532,79.097687,78.949776,78.796600,78.637886,78.473427,78.302956,78.126083,77.942619,77.752159,77.554375,77.348862,77.135277,76.913155,76.682076,76.441536,76.191093,75.930222,75.658325,75.374855,75.079239,74.770821,74.448959,74.112953,73.762131,73.395714,73.012962,72.613075,72.195274,71.758751,71.302635,70.826103,70.328308,69.808426,69.265625,68.699135,68.108147,67.491989,66.849960,66.181580,65.486328,64.763878,64.014030,63.236740,62.432163,61.600632,60.742691,59.859112,58.950809,58.018818,57.064064,56.087082,55.087177,54.061111,53.000324,51.885651,50.677288,50.000000
75.000000,74.216118,75.209908,75.884010,76.400520,76.837044,77.230293,77.597290,77.945663,78.278564,78.597153,78.901649,79.192009,79.468010,79.729515,79.976433,80.208771,80.426643,80.630196,80.819687,80.995430,81.157799,81.307129,81.443878,81.568512,81.681458,81.783157,81.874146,81.954826,82.025688,82.087135,82.139664,82.183647,82.219490,82.247604,82.268349,82.282089,82.289131,82.289810,82.284431,82.273254,82.256554,82.234573,82.207520,82.175613,82.139046,82.097984,82.052620,82.003044,81.949402,81.891823,81.830376,81.765167,81.696259,81.623695,81.547531,81.467751,81.384430,81.297501,81.206978,81.112862,81.015060,80.913551,80.808212,80.699028,80.585876,80.468605,80.347130,80.221298,80.090958,79.955917,79.815987,79.670998,79.520683,79.364822,79.203163,79.035408,78.861282,78.680428,78.492569,78.297279,78.094223,77.882965,77.663094,77.434135,77.195618,76.946999,76.687790,76.417389,76.135201,75.840591,75.532913,75.211479,74.875549,74.524384,74.157181,73.773155,73.371414,72.951149,72.511391,72.051292,71.569901,71.066277,70.539490,69.988602,69.412704,68.810913,68.182381,67.526337,66.842094,66.129059,65.386765,64.614891,63.813236,62.981918,62.121159,61.231449,60.313469,59.368027,58.395939,57.397636,56.372391,55.316742,54.221157,53.063126,51.793072,50.305161,50.000000
75.000000,74.214035,75.274704,75.989693,76.538460,77.004593,77.426521,77.821541,78.197075,78.556137,78.899673,79.227798,79.540405,79.837288,80.118279,80.383400,80.632652,80.866257,81.084404,81.287437,81.475731,81.649734,81.809875,81.956696,82.090675,82.212357,82.322250,82.420853,82.508713,82.586319,82.654175,82.712738,82.762451,82.803772,82.837112,82.862862,82.881409,82.893105,82.898277,82.897240,82.890305,82.877701,82.859734,82.836609,82.808556,82.775749,82.738419,82.696686,82.650711,82.600632,82.546562,82.488602,82.426849,82.361320,82.292137,82.219322,82.142876,82.062866,81.979225,81.892006,81.801140,81.706581,81.608307,81.506203,81.400230,81.290268,81.176186,81.057922,80.935249,80.808052,80.676186,80.539406,80.397514,80.250328,80.097557,79.938957,79.774269,79.603142,79.425293,79.240356,79.047981,78.847763,78.639282,78.422119,78.195770,77.959740,77.713524,77.456566,77.188232,76.907936,76.615013,76.308769,75.988480,75.653366,75.302658,74.935501,74.551018,74.148308,73.726425,73.284416,72.821251,72.335930,71.827415,71.294647,70.736580,70.152168,69.540398,68.900307,68.230942,67.531441,66.801094,66.039253,65.245476,64.419456,63.561142,62.670689,61.748512,60.795273,59.811848,58.799129,57.757732,56.687183,55.584282,54.439491,53.229389,51.900627,50.336117,50.000000
75.000000,74.874680,75.654373,76.247032,76.752144,77.213104,77.648170,78.064560,78.464729,78.849136,79.217537,79.569466,79.904518,80.222435,80.522995,80.806236,81.072273,81.321327,81.553749,81.769936,81.970360,82.155533,82.326012,82.482346,82.625168,82.755066,82.872559,82.978317,83.072853,83.156731,83.230492,83.294617,83.349663,83.396034,83.434204,83.464607,83.487617,83.503616,83.512947,83.515968,83.512978,83.504242,83.490059,83.470634,83.446228,83.417023,83.383224,83.345001,83.302498,83.255836,83.205185,83.150604,83.092209,83.030067,82.964211,82.894714,82.821587,82.744904,82.664574,82.580643,82.493073,82.401825,82.306847,82.208076,82.105400,81.998756,81.888000,81.773033,81.653717,81.529877,81.401337,81.267876,81.129364,80.985527,80.836113,80.680870,80.519524,80.351746,80.177231,79.995621,79.806526,79.609558,79.404312,79.190308,78.967064,78.734077,78.490807,78.236671,77.971054,77.693298,77.402763,77.098686,76.780289,76.446808,76.097389,75.731133,75.347115,74.944344,74.521843,74.078552,73.613365,73.125160,72.612801,72.075111,71.510918,70.919022,70.298264,69.647491,68.965637,68.251656,67.504623,66.723740,65.908371,65.058037,64.172554,63.251984,62.296658,61.307293,60.284904,59.230827,58.146561,57.033382,55.891609,54.718594,53.504620,52.223427,50.811577,50.000000
75.000000,75.904869,76.202362,76.583519,77.006287,77.445869,77.887810,78.323524,78.748009,79.158096,79.551872,79.928032,80.285858,80.624924,80.945061,81.246292,81.528862,81.793053,82.039330,82.268196,82.480209,82.676018,82.856239,83.021545,83.172623,83.310112,83.434692,83.547005,83.647659,83.737267,83.816406,83.885658,83.945526,83.996498,84.039070,84.073708,84.100800,84.120743,84.133942,84.140717,84.141380,84.136238,84.125580,84.109642,84.088669,84.062874,84.032455,83.997589,83.958405,83.915100,83.867722,83.816452,83.761345,83.702477,83.639915,83.573730,83.503929,83.430519,83.353531,83.272919,83.188698,83.100807,83.009201,82.913811,82.814552,82.711327,82.604042,82.492538,82.376701,82.256371,82.131371,82.001472,81.866539,81.726280,81.580490,81.428902,81.271202,81.107101,80.936279,80.758324,80.572929,80.379646,80.178062,79.967712,79.748077,79.518707,79.278931,79.028244,78.765991,78.491486,78.204025,77.902863,77.587204,77.256180,76.908943,76.544525,76.161934,75.760155,75.338081,74.894592,74.428490,73.938545,73.423515,72.882080,72.312927,71.714737,71.086136,70.425812,69.732498,69.004944,68.242035,67.442749,66.606224,65.731812,64.819138,63.868069,62.878918,61.852386,60.789688,59.692711,58.564137,57.407772,56.229099,55.036205,53.841492,52.664467,51.536419,50.000000
75.000000,76.788696,76.671127,76.881142,77.245262,77.677254,78.134132,78.594070,79.045853,79.483528,79.903854,80.304985,80.685982,81.046371,81.386047,81.705078,82.003822,82.282730,82.542328,82.783287,83.006310,83.212074,83.401382,83.574989,83.733620,83.878075,84.009071,84.127289,84.233475,84.328224,84.412231,84.486046,84.550217,84.605347,84.651894,84.690338,84.721130,84.744667,84.761353,84.771545,84.775597,84.773766,84.766373,84.753685,84.735954,84.713356,84.686134,84.654457,84.618469,84.578346,84.534172,84.486107,84.434235,84.378601,84.319290,84.256340,84.189827,84.119736,84.046074,83.968834,83.887993,83.803520,83.715340,83.623413,83.527657,83.427979,83.324272,83.216385,83.104179,82.987526,82.866249,82.740143,82.608994,82.472603,82.330688,82.183022,82.029266,81.869171,81.702362,81.528496,81.347191,81.158035,80.960594,80.754387,80.538918,80.313637,80.078011,79.831398,79.573151,79.302605,79.018974,78.721542,78.409439,78.081795,77.737656,77.376053,76.995956,76.596222,76.175705,75.733215,75.267410,74.777000,74.260612,73.716759,73.144012,72.540825,71.905708,71.237144,70.533607,69.793617,69.015846,68.199020,67.342018,66.443924,65.504135,64.522331,63.498653,62.433735,61.328892,60.186367,59.009769,57.804882,56.581497,55.356781,54.162533,53.059551,52.167164,50.000000
75.000000,77.049850,76.839455,77.038101,77.422905,77.887062,78.379005,78.873589,79.358238,79.826546,80.275116,80.702164,81.106781,81.488586,81.847626,82.184151,82.498665,82.791695,83.063995,83.316353,83.549629,83.764633,83.962257,84.143372,84.308830,84.459511,84.596191,84.719688,84.830696,84.930008,85.018227,85.096024,85.164024,85.222786,85.272804,85.314621,85.348686,85.375427,85.395241,85.408524,85.415627,85.416840,85.412491,85.402802,85.388069,85.368500,85.344269,85.315628,85.282692,85.245621,85.204552,85.159584,85.110840,85.058380,85.002274,84.942574,84.879303,84.812515,84.742203,84.668343,84.590912,84.509895,84.425232,84.336861,84.244713,84.148674,84.048637,83.944511,83.836128,83.723335,83.605965,83.483810,83.356720,83.224403,83.086647,82.943192,82.793709,82.637955,82.475533,82.306114,82.129311,81.944717,81.751884,81.550316,81.339516,81.118965,80.888031,80.646164,80.392616,80.126755,79.847778,79.554893,79.247231,78.923874,78.583855,78.226097,77.849571,77.453064,77.035332,76.595085,76.130981,75.641472,75.125130,74.580353,74.005501,73.398880,72.758781,72.083427,71.371124,70.620125,69.828766,68.995514,68.118904,67.197784,66.231178,65.218575,64.159721,63.055157,61.906002,60.714470,59.484272,58.221653,56.937454,55.651386,54.401260,53.262131,52.386761,50.000000
75.000000,76.513519,76.635712,77.026543,77.529671,78.073067,78.623169,79.163940,79.687431,80.189552,80.668091,81.121864,81.550415,81.953651,82.331787,82.685333,83.014954,83.321419,83.605621,83.868561,84.111214,84.334534,84.539597,84.727386,84.898849,85.054909,85.196518,85.324501,85.439667,85.542816,85.634636,85.715843,85.787079,85.848923,85.901932,85.946663,85.983551,86.013092,86.035690,86.051720,86.061539,86.065521,86.063873,86.056969,86.044998,86.028229,86.006851,85.981056,85.951019,85.916901,85.878807,85.836838,85.791176,85.741806,85.688866,85.632347,85.572342,85.508820,85.441872,85.371399,85.297424,85.219933,85.138832,85.054100,84.965630,84.873352,84.777161,84.676895,84.572479,84.463715,84.350433,84.232491,84.109634,83.981651,83.848328,83.709358,83.564461,83.413368,83.255707,83.091110,82.919228,82.739624,82.551865,82.355453,82.149902,81.934601,81.709053,81.472542,81.224442,80.963997,80.690475,80.402977,80.100685,79.782585,79.447701,79.094948,78.723167,78.331116,77.917488,77.480873,77.019836,76.532799,76.018097,75.474014,74.898743,74.290405,73.647064,72.966721,72.247368,71.486992,70.683624,69.835342,68.940384,67.997169,67.004387,65.961060,64.866692,63.721325,62.525738,61.281624,59.991905,58.661385,57.298004,55.915741,54.540836,53.225651,52.079239,50.000000
75.000000,75.428444,76.191101,76.915382,77.601921,78.255005,78.877869,79.472137,80.038322,80.576317,81.085861,81.566902,82.019424,82.443810,82.840569,83.210442,83.554367,83.873375,84.168541,84.441055,84.692047,84.922737,85.134247,85.327721,85.504211,85.664780,85.810455,85.942131,86.060669,86.166931,86.261665,86.345627,86.419479,86.483864,86.539368,86.586487,86.625793,86.657715,86.682686,86.701118,86.713341,86.719719,86.720581,86.716179,86.706757,86.692596,86.673859,86.650757,86.623459,86.592140,86.556892,86.517868,86.475174,86.428825,86.378967,86.325623,86.268837,86.208626,86.145004,86.077957,86.007477,85.933525,85.856064,85.775055,85.690369,85.601936,85.509682,85.413467,85.313156,85.208603,85.099609,84.986031,84.867661,84.744270,84.615616,84.481438,84.341438,84.195312,84.042778,83.883392,83.716873,83.542709,83.360512,83.169754,82.969963,82.760567,82.540962,82.310555,82.068604,81.814369,81.547089,81.265892,80.969894,80.658104,80.329445,79.982796,79.617020,79.230713,78.822594,78.391106,77.934715,77.451752,76.940407,76.398834,75.825050,75.216927,74.572334,73.888992,73.164619,72.396866,71.583397,70.721886,69.810173,68.846191,67.828178,66.754692,65.624725,64.437851,63.194191,61.894665,60.540833,59.134869,57.679317,56.176704,54.629219,53.038998,51.411152,50.000000
75.000000,74.371674,75.787506,76.842293,77.707382,78.466873,79.160973,79.808372,80.417374,80.991493,81.532249,82.040436,82.516640,82.961632,83.376236,83.761559,84.118774,84.449188,84.754158,85.035049,85.293228,85.530090,85.746918,85.945000,86.125504,86.289619,86.438377,86.572861,86.693924,86.802528,86.899460,86.985519,87.061371,87.127701,87.185112,87.234177,87.275414,87.309258,87.336227,87.356674,87.370987,87.379501,87.382545,87.380379,87.373276,87.361473,87.345200,87.324646,87.299934,87.271278,87.238762,87.202576,87.162727,87.119400,87.072571,87.022339,86.968758,86.911819,86.851555,86.787949,86.720993,86.650658,86.576897,86.499626,86.418823,86.334389,86.246170,86.154129,86.058067,85.957878,85.853378,85.744385,85.630714,85.512131,85.388420,85.259293,85.124527,84.983734,84.836655,84.682899,84.522095,84.353821,84.177643,83.993088,83.799644,83.596718,83.383736,83.160057,82.924995,82.677773,82.417595,82.143631,81.854897,81.550438,81.229149,80.889824,80.531311,80.152168,79.750984,79.326187,78.876160,78.399040,77.892967,77.355904,76.785637,76.179932,75.536346,74.852318,74.125275,73.352478,72.531204,71.658684,70.732231,69.749290,68.707535,67.604912,66.439835,65.211250,63.918663,62.562122,61.141964,59.657940,58.107597,56.482487,54.760639,52.891777,50.768097,50.000000
75.000000,73.967049,75.718369,76.945389,77.911728,78.740799,79.489212,80.182266,80.830971,81.439919,82.011208,82.545959,83.045143,83.509819,83.941254,84.340782,84.709969,85.050446,85.363823,85.651703,85.915756,86.157471,86.378365,86.579819,86.763206,86.929733,87.080605,87.216919,87.339684,87.449799,87.548157,87.635559,87.712776,87.780441,87.839218,87.889679,87.932358,87.967735,87.996277,88.018379,88.034401,88.044724,88.049683,88.049507,88.044495,88.034866,88.020851,88.002632,87.980370,87.954254,87.924370,87.890877,87.853867,87.813408,87.769600,87.722443,87.672028,87.618347,87.561447,87.501274,87.437897,87.371185,87.301178,87.227791,87.150963,87.070549,86.986526,86.898766,86.807098,86.711464,86.611618,86.507431,86.398674,86.285164,86.166626,86.042854,85.913551,85.778450,85.637192,85.489426,85.334785,85.172844,85.003189,84.825317,84.638748,84.442902,84.237183,84.020966,83.793526,83.554115,83.301918,83.036087,82.755661,82.459602,82.146820,81.816124,81.466164,81.095634,80.702988,80.286560,79.844627,79.375275,78.876503,78.346092,77.781693,77.180801,76.540733,75.858673,75.131645,74.356598,73.530243,72.649422,71.710838,70.711311,69.647812,68.517639,67.318573,66.048744,64.707108,63.293163,61.806606,60.246452,58.608620,56.880604,55.030186,52.981739,50.567036,50.000000
75.000000,74.549545,76.129021,77.287796,78.243195,79.090599,79.870605,80.599609,81.283920,81.925926,82.526649,83.087074,83.608170,84.091331,84.538124,84.950363,85.329903,85.678810,85.998924,86.292244,86.560570,86.805679,87.029213,87.232735,87.417717,87.585503,87.737389,87.874550,87.998032,88.108810,88.207794,88.295845,88.373680,88.442078,88.501625,88.552956,88.596596,88.633049,88.662743,88.686127,88.703552,88.715355,88.721909,88.723473,88.720291,88.712662,88.700706,88.684669,88.664696,88.640976,88.613594,88.582703,88.548424,88.510780,88.469910,88.425797,88.378563,88.328110,88.274544,88.217873,88.158058,88.095062,88.028870,87.959427,87.886612,87.810364,87.730614,87.647278,87.560188,87.469215,87.374222,87.275024,87.171371,87.063156,86.950081,86.831947,86.708427,86.579308,86.444229,86.302811,86.154755,85.999611,85.836929,85.666252,85.487129,85.298950,85.101143,84.893059,84.674011,84.443214,84.199890,83.943130,83.672005,83.385468,83.082405,82.761566,82.421661,82.061234,81.678703,81.272392,80.840462,80.380943,79.891647,79.370255,78.814209,78.220818,77.587105,76.909981,76.186066,75.411903,74.583824,73.697952,72.750397,71.737297,70.654816,69.499474,68.268089,66.958168,65.567978,64.096695,62.544399,60.911400,59.196838,57.394520,55.483692,53.408398,51.032658,50.000000
75.000000,75.949127,76.920174,77.815231,78.674362,79.504272,80.301491,81.061073,81.779037,82.453148,83.082527,83.667534,84.209198,84.709213,85.169601,85.592583,85.980568,86.335884,86.660858,86.957741,87.228607,87.475426,87.700058,87.904175,88.089394,88.257164,88.408913,88.545853,88.669067,88.779602,88.878403,88.966286,89.044067,89.112503,89.172249,89.223907,89.268036,89.305099,89.335548,89.359833,89.378273,89.391273,89.399132,89.402161,89.400604,89.394707,89.384628,89.370621,89.352791,89.331314,89.306313,89.277946,89.246300,89.211441,89.173447,89.132347,89.088196,89.041000,88.990822,88.937592,88.881386,88.822159,88.759819,88.694344,88.625664,88.553688,88.478348,88.399529,88.317123,88.231018,88.141014,88.046997,87.948708,87.845993,87.738617,87.626350,87.508957,87.386108,87.257545,87.122902,86.981819,86.833847,86.678635,86.515686,86.344521,86.164604,85.975349,85.776123,85.566231,85.344856,85.111267,84.864540,84.603752,84.327843,84.035713,83.726097,83.397652,83.048904,82.678185,82.283829,81.863884,81.416321,80.938850,80.429016,79.884064,79.301094,78.676872,78.007980,77.290741,76.521202,75.695145,74.808136,73.855560,72.832710,71.734802,70.557381,69.296265,67.948013,66.510086,64.981384,63.362717,61.657173,59.870678,58.011696,56.089592,54.108833,52.053322,50.000000
75.000000,77.522705,77.773926,78.373878,79.133469,79.950462,80.770294,81.564384,82.318260,83.025238,83.682953,84.291367,84.851944,85.366783,85.838486,86.269867,86.663834,87.023262,87.350853,87.649216,87.920662,88.167374,88.391380,88.594467,88.778442,88.944885,89.095238,89.230804,89.352745,89.462120,89.559853,89.646828,89.723839,89.791618,89.850952,89.902359,89.946487,89.983757,90.014549,90.039352,90.058472,90.072289,90.081177,90.085411,90.085258,90.080910,90.072571,90.060387,90.044518,90.025139,90.002419,89.976456,89.947357,89.915215,89.880089,89.841957,89.800880,89.756897,89.710037,89.660316,89.607750,89.552292,89.493912,89.432495,89.368027,89.300400,89.229523,89.155342,89.077759,88.996658,88.911865,88.823212,88.730492,88.633499,88.532036,88.425888,88.314865,88.198624,88.076942,87.949432,87.815712,87.675400,87.528076,87.373314,87.210648,87.039589,86.859543,86.669876,86.469864,86.258743,86.035774,85.800011,85.550552,85.286438,85.006477,84.709465,84.393967,84.058449,83.701332,83.320778,82.914909,82.481560,82.018410,81.522827,80.991936,80.422577,79.811264,79.154312,78.447662,77.686913,76.867355,75.983894,75.031044,74.003151,72.894394,71.699081,70.411789,69.027725,67.543228,65.956444,64.268333,62.484379,60.617249,58.691429,56.751270,54.875366,53.202435,50.000000
75.000000,78.445999,78.303627,78.786606,79.542618,80.397865,81.267067,82.109131,82.905067,83.646996,84.332802,84.963234,85.540466,86.067513,86.547699,86.984558,87.381645,87.742447,88.070122,88.367577,88.637459,88.882042,89.103546,89.303940,89.485031,89.648651,89.796303,89.929352,90.049004,90.156281,90.252075,90.337296,90.412750,90.479233,90.537506,90.588196,90.631813,90.668823,90.699585,90.724503,90.743942,90.758255,90.767868,90.773048,90.774078,90.771118,90.764320,90.753792,90.739769,90.722343,90.701714,90.678078,90.651497,90.622017,90.589699,90.554512,90.516510,90.475700,90.432152,90.385902,90.337013,90.285385,90.231010,90.173759,90.113564,90.050331,89.984009,89.914589,89.841949,89.766014,89.686600,89.603508,89.516518,89.425468,89.330124,89.230347,89.125938,89.016624,88.902161,88.782150,88.656204,88.523918,88.384949,88.238838,88.085197,87.923546,87.753342,87.573952,87.384598,87.184540,86.973000,86.749123,86.512085,86.260834,85.994324,85.711258,85.410202,85.089615,84.747826,84.383057,83.993340,83.576569,83.130341,82.651917,82.138245,81.585915,80.991280,80.350288,79.658592,78.911392,78.103447,77.228943,76.281540,75.254440,74.140602,72.932861,71.624214,70.208153,68.679153,67.033585,65.270988,63.396614,61.425625,59.390926,57.358208,55.455647,53.933407,50.000000
75.000000,78.144241,78.263069,78.953667,79.866203,80.838074,81.794395,82.701790,83.546738,84.325348,85.038300,85.688393,86.279289,86.815125,87.300232,87.738991,88.135757,88.494652,88.819473,89.113480,89.379440,89.619804,89.836807,90.032570,90.209106,90.368340,90.511917,90.641319,90.757652,90.861900,90.954903,91.037521,91.110619,91.175056,91.231651,91.281036,91.323738,91.360115,91.390472,91.415146,91.434509,91.448967,91.458984,91.464859,91.466873,91.465141,91.459770,91.450798,91.438385,91.422729,91.404076,91.382622,91.358459,91.331665,91.302170,91.269913,91.234917,91.197227,91.156921,91.114128,91.068924,91.021248,90.970993,90.917984,90.862129,90.803337,90.741623,90.676987,90.609406,90.538818,90.465004,90.387688,90.306656,90.221710,90.132652,90.039413,89.941887,89.839806,89.732925,89.620811,89.503052,89.379211,89.248909,89.111855,88.967720,88.816071,88.656349,88.487923,88.310020,88.121819,87.922539,87.711441,87.487717,87.250481,86.998688,86.731018,86.445999,86.141998,85.817322,85.470230,85.098816,84.700989,84.274406,83.816177,83.323105,82.791565,82.217560,81.596909,80.924911,80.196541,79.405998,78.546814,77.611664,76.592499,75.480759,74.267654,72.944206,71.501793,69.932213,68.228638,66.386978,64.408249,62.302807,60.098118,57.853798,55.692711,53.866779,50.000000
75.000000,76.651375,77.711128,78.927116,80.143822,81.300148,82.373642,83.358307,84.255463,85.069672,85.806793,86.472740,87.073174,87.613518,88.099098,88.535362,88.927620,89.280930,89.599617,89.887360,90.147003,90.380898,90.591301,90.780426,90.950455,91.103592,91.241714,91.366280,91.478355,91.578743,91.668114,91.747253,91.817139,91.878708,91.932953,91.980560,92.021973,92.057434,92.087067,92.111099,92.129951,92.144127,92.154167,92.160522,92.163399,92.162849,92.158821,92.151237,92.140274,92.126144,92.109238,92.089821,92.068100,92.044006,92.017395,91.988098,91.956024,91.921310,91.884163,91.844803,91.803291,91.759674,91.713676,91.665070,91.613617,91.559273,91.502129,91.442307,91.379913,91.314842,91.246841,91.175598,91.100754,91.022026,90.939369,90.852806,90.762314,90.667801,90.568886,90.465126,90.355927,90.240898,90.119629,89.991982,89.857727,89.716614,89.568062,89.411392,89.245720,89.070168,88.883911,88.686348,88.476845,88.254684,88.018867,87.768097,87.500702,87.215012,86.909241,86.581673,86.230614,85.854164,85.450012,85.015236,84.546417,84.039566,83.490486,82.894745,82.247559,81.543709,80.777107,79.940590,79.025711,78.023041,76.922302,75.712730,74.383331,72.922783,71.319633,69.562607,67.641533,65.549240,63.284187,60.854603,58.285801,55.635422,53.030296,50.000000
75.000000,74.698700,77.036598,78.913612,80.487465,81.847420,83.042854,84.102882,85.047264,85.891098,86.646393,87.322586,87.927193,88.466660,88.947304,89.375648,89.758347,90.101608,90.410622,90.689255,90.940216,91.165527,91.367134,91.547325,91.708672,91.853813,91.984955,92.103683,92.210777,92.306633,92.391609,92.466331,92.531898,92.589684,92.640854,92.686241,92.726166,92.760582,92.789276,92.812294,92.830093,92.843376,92.853004,92.859589,92.863350,92.864067,92.861404,92.855141,92.845284,92.832329,92.816841,92.799347,92.780075,92.758865,92.735313,92.709045,92.679848,92.647881,92.613617,92.577499,92.539825,92.500458,92.459007,92.415009,92.368027,92.318024,92.265289,92.210197,92.153023,92.093750,92.032005,91.967178,91.898705,91.826302,91.750000,91.670090,91.586800,91.500122,91.409721,91.314850,91.214775,91.108849,90.996803,90.878685,90.754585,90.624489,90.487885,90.343895,90.191345,90.029198,89.856606,89.673164,89.478592,89.272484,89.054016,88.821724,88.573807,88.308159,88.022911,87.716568,87.387749,87.034943,86.656113,86.248291,85.807655,85.329811,84.810074,84.243889,83.626709,82.953400,82.217911,81.412491,80.527443,79.551575,78.472588,77.277649,75.953545,74.486389,72.861107,71.061035,69.068245,66.864548,64.432693,61.755253,58.809639,55.556129,51.918545,50.000000
75.000000,73.443489,76.806099,79.192009,81.038628,82.556099,83.846054,84.962395,85.939117,86.800636,87.564774,88.243851,88.846298,89.378670,89.847816,90.261528,90.628342,90.956322,91.251778,91.518723,91.759071,91.973900,92.164459,92.333076,92.483032,92.617882,92.740532,92.852638,92.954407,93.045441,93.125359,93.194572,93.254501,93.307175,93.354378,93.397270,93.435875,93.469467,93.497223,93.518784,93.534706,93.546257,93.554848,93.561455,93.566269,93.568665,93.567680,93.562645,93.553490,93.541031,93.526375,93.510551,93.493927,93.476074,93.456062,93.432961,93.406448,93.376770,93.344864,93.311745,93.277939,93.243286,93.206978,93.167953,93.125496,93.079582,93.030800,92.980095,92.928177,92.875107,92.820221,92.762413,92.700661,92.634544,92.564278,92.490669,92.414543,92.336136,92.254967,92.169868,92.079506,91.982948,91.880043,91.771286,91.657402,91.538818,91.415070,91.284927,91.146667,90.998734,90.840210,90.671082,90.491768,90.302536,90.102829,89.890991,89.664612,89.420914,89.157776,88.873932,88.568748,88.241608,87.891060,87.514046,87.106133,86.661911,86.176117,85.644035,85.061729,84.425026,83.728394,82.963715,82.119820,81.183167,80.138832,78.971619,77.666557,76.207855,74.577171,72.752190,70.705978,68.408195,65.826096,62.921421,59.635448,55.850918,51.312927,50.000000
75.000000,73.915466,77.482773,79.974388,81.902344,83.485260,84.820015,85.960144,86.945122,87.806618,88.567520,89.241486,89.835480,90.354195,90.803940,91.194214,91.536842,91.843102,92.121140,92.374596,92.603554,92.806709,92.983925,93.137550,93.272369,93.393898,93.506447,93.611717,93.708847,93.795555,93.870003,93.932213,93.984383,94.029930,94.072105,94.112488,94.150581,94.184319,94.211502,94.231056,94.243790,94.252029,94.258476,94.264961,94.271553,94.276695,94.278175,94.274353,94.265083,94.251869,94.236977,94.222443,94.208916,94.195404,94.179947,94.160522,94.136276,94.107887,94.077286,94.046524,94.016785,93.987755,93.957672,93.924454,93.886589,93.844032,93.798203,93.751091,93.704346,93.658195,93.611366,93.561707,93.507156,93.446960,93.381844,93.313713,93.244415,93.174820,93.104126,93.030174,92.950531,92.863541,92.769196,92.668930,92.564789,92.458107,92.348557,92.234123,92.111801,91.978973,91.834534,91.679176,91.514740,91.342873,91.163605,90.974838,90.772758,90.553291,90.313515,90.052612,89.771500,89.471458,89.152153,88.810577,88.440872,88.035782,87.588531,87.094429,86.550911,85.956131,85.306374,84.593658,83.804764,82.922447,81.927933,80.803345,79.532829,78.100510,76.486740,74.663948,72.594986,70.235550,67.539352,64.460144,60.938675,56.854820,51.914215,50.000000
75.000000,76.409920,79.137566,81.275925,83.093231,84.656677,85.986809,87.111885,88.073097,88.911613,89.656044,90.318687,90.900299,91.399353,91.819916,92.174484,92.481117,92.757339,93.014397,93.254730,93.474037,93.665993,93.827377,93.960999,94.074760,94.178421,94.279137,94.378723,94.473778,94.558235,94.627289,94.680145,94.720779,94.755753,94.791191,94.829712,94.869583,94.905975,94.933739,94.950417,94.957428,94.959373,94.961777,94.968079,94.978165,94.988503,94.994232,94.991814,94.980812,94.964272,94.947006,94.933037,94.923653,94.916748,94.907974,94.893173,94.870430,94.841248,94.809662,94.780006,94.754745,94.733147,94.711678,94.685860,94.652634,94.611938,94.566772,94.521515,94.479645,94.441780,94.405403,94.366043,94.319603,94.264481,94.202499,94.137695,94.074318,94.014359,93.956436,93.896347,93.829193,93.751770,93.664360,93.570343,93.474434,93.379929,93.286758,93.191261,93.087692,92.971169,92.839973,92.696281,92.544876,92.390198,92.233589,92.071930,91.898560,91.706345,91.490669,91.251564,90.992996,90.720024,90.435051,90.134941,89.811096,89.452164,89.048256,88.594337,88.091019,87.541496,86.946442,86.299019,85.582870,84.774193,83.847450,82.781136,81.560257,80.173271,78.603622,76.820580,74.774178,72.400040,69.634338,66.432770,62.778278,58.653458,53.940426,50.000000
75.000000,80.114990,81.300552,82.869835,84.532799,86.064041,87.361237,88.427399,89.321411,90.107635,90.824326,91.476578,92.048775,92.524567,92.902908,93.202560,93.454620,93.689201,93.923126,94.155563,94.372475,94.556892,94.699600,94.804558,94.886818,94.964928,95.052002,95.149864,95.249512,95.337097,95.401550,95.440857,95.462715,95.480537,95.506363,95.545013,95.592033,95.636688,95.667862,95.680046,95.676224,95.665955,95.660492,95.666817,95.684235,95.705147,95.719070,95.718422,95.702431,95.677353,95.653175,95.638428,95.635551,95.639969,95.642502,95.634315,95.611504,95.577194,95.539772,95.508461,95.488487,95.478226,95.470299,95.455223,95.426666,95.384567,95.335220,95.288025,95.250298,95.223572,95.202560,95.177956,95.141289,95.089355,95.025963,94.959862,94.900177,94.851341,94.810783,94.769951,94.718704,94.650612,94.566376,94.473412,94.382034,94.299713,94.226982,94.156586,94.077133,93.978790,93.858345,93.721069,93.577690,93.438629,93.308014,93.180542,93.043747,92.883675,92.692032,92.470161,92.228378,91.979668,91.732040,91.482513,91.216675,90.914452,90.558975,90.144203,89.676910,89.171005,88.637115,88.071831,87.453140,86.744759,85.907845,84.914177,83.753075,82.426109,80.930481,79.237862,77.281044,74.959564,72.170746,68.860191,65.074883,60.991184,56.882446,50.000000
75.000000,83.194252,83.064102,84.384491,86.126587,87.723907,88.975906,89.915428,90.672447,91.367111,92.053322,92.714584,93.296524,93.750832,94.066910,94.277969,94.443253,94.618454,94.830940,95.071495,95.304832,95.491905,95.611649,95.671440,95.701920,95.740440,95.812103,95.918236,96.037964,96.140656,96.202805,96.220001,96.208450,96.195969,96.207069,96.250786,96.316849,96.381905,96.422432,96.426949,96.401711,96.366966,96.346024,96.353119,96.386375,96.429253,96.459717,96.461739,96.433800,96.389175,96.348885,96.330574,96.339294,96.365158,96.388710,96.391373,96.365021,96.316338,96.263008,96.224426,96.211426,96.220695,96.236580,96.239296,96.215424,96.164970,96.101234,96.043976,96.008774,95.998894,96.003403,96.002861,95.979515,95.926620,95.852211,95.774811,95.713799,95.678963,95.665161,95.654663,95.626366,95.566864,95.477585,95.374413,95.279289,95.208580,95.164032,95.131233,95.086693,95.010002,94.894653,94.751900,94.605003,94.477020,94.377899,94.298279,94.213173,94.094383,93.925156,93.709305,93.469711,93.236244,93.028900,92.845306,92.659264,92.432014,92.131348,91.747993,91.300774,90.826050,90.355827,89.895439,89.412659,88.845825,88.128189,87.217125,86.111191,84.843170,83.447159,81.913124,80.151527,77.994347,75.246422,71.785568,67.688850,63.351723,59.566086,50.000000
75.000000,83.374008,83.462555,85.556114,87.927216,89.768066,90.918373,91.582863,92.073174,92.622200,93.300682,94.033356,94.678963,95.123405,95.340561,95.398422,95.416695,95.503716,95.706039,95.994057,96.286789,96.499428,96.587898,96.568771,96.506714,96.478531,96.533646,96.671303,96.844711,96.988312,97.052795,97.029915,96.954559,96.884972,96.871620,96.931877,97.042587,97.153900,97.216255,97.206108,97.137291,97.052536,97.000565,97.010597,97.077835,97.166977,97.231392,97.237793,97.183212,97.096024,97.020348,96.992989,97.024155,97.092758,97.157745,97.180069,97.142921,97.060471,96.969955,96.912163,96.909767,96.955772,97.017151,97.052353,97.033234,96.959747,96.860039,96.775551,96.739311,96.758247,96.809624,96.852615,96.849937,96.787338,96.681564,96.571655,96.498528,96.483276,96.515556,96.558540,96.567986,96.515472,96.403839,96.266335,96.149414,96.088333,96.087685,96.118195,96.130966,96.083099,95.960587,95.786789,95.611046,95.482971,95.425453,95.420876,95.418350,95.359314,95.208412,94.973473,94.703209,94.462585,94.297615,94.208260,94.144127,94.027214,93.791542,93.418922,92.951485,92.471748,92.057877,91.736015,91.455269,91.102013,90.549622,89.721390,88.632004,87.380470,86.087730,84.801292,83.411690,81.631187,79.068497,75.401085,70.611145,65.231453,60.555698,50.000000
75.000000,78.879799,82.053055,86.603714,90.366608,92.563011,93.362366,93.408249,93.385338,93.721642,94.482498,95.444725,96.278938,96.740425,96.782745,96.556099,96.310020,96.259850,96.486160,96.911324,97.356422,97.642242,97.680489,97.511162,97.272575,97.124123,97.164284,97.385239,97.684326,97.922546,97.998093,97.896492,97.693481,97.511589,97.455154,97.557663,97.767815,97.979630,98.089432,98.049263,97.889801,97.701744,97.586906,97.605324,97.745377,97.931816,98.066635,98.080482,97.968185,97.789925,97.638687,97.591103,97.668007,97.824295,97.973579,98.033875,97.970413,97.813248,97.640938,97.539017,97.555008,97.673958,97.826340,97.924919,97.910553,97.783226,97.602051,97.454208,97.409187,97.481911,97.624825,97.752342,97.785881,97.695312,97.515419,97.328079,97.219658,97.235199,97.353844,97.498886,97.577263,97.528740,97.358429,97.135620,96.958206,96.901367,96.976646,97.123901,97.241173,97.237656,97.082588,96.823708,96.564575,96.410965,96.413986,96.539940,96.684212,96.723984,96.583214,96.275986,95.903709,95.604813,95.481514,95.540939,95.683815,95.749870,95.599739,95.192116,94.613846,94.042221,93.653961,93.523857,93.567848,93.566177,93.263634,92.502579,91.319695,89.946465,88.694008,87.760056,87.042625,86.059799,84.045860,80.232101,74.251389,66.562256,58.799683,50.000000
75.000000,69.421631,79.563515,88.671623,94.531921,96.833000,96.562691,95.254051,94.272392,94.345238,95.445206,97.000618,98.288101,98.812302,98.511490,97.726532,96.982544,96.710709,97.049232,97.808907,98.602150,99.056122,98.998413,98.526459,97.937035,97.561592,97.596786,98.014610,98.591728,99.035477,99.136986,98.873009,98.407837,97.999725,97.864258,98.065903,98.491875,98.917641,99.126884,99.022636,98.672974,98.269997,98.026848,98.066841,98.362389,98.753593,99.034546,99.061317,98.825096,98.453827,98.143036,98.052742,98.224937,98.563652,98.887016,99.023308,98.900421,98.582382,98.234612,98.036469,98.087433,98.355453,98.694458,98.921234,98.911644,98.665680,98.307457,98.020142,97.949821,98.128479,98.456635,98.754875,98.857796,98.701317,98.357506,97.998047,97.804832,97.873734,98.162758,98.511826,98.725418,98.675491,98.370842,97.955338,97.634834,97.569191,97.785881,98.161598,98.483078,98.558128,98.318619,97.861389,97.402672,97.166832,97.266571,97.637253,98.063080,98.285667,98.140457,97.650475,97.024277,96.554214,96.463219,96.778847,97.303963,97.706436,97.688835,97.152802,96.269699,95.411079,94.962967,95.112556,95.719193,96.348549,96.471397,95.741547,94.213478,92.372650,90.928719,90.433701,90.886131,91.515350,90.889412,87.370125,79.799347,68.206032,54.325233,50.000000
75.000000,56.920517,78.492561,94.311516,102.477859,103.764091,100.766182,96.655884,93.969467,93.845650,95.927742,98.867767,101.140076,101.781853,100.756760,98.837875,97.129051,96.491722,97.155579,98.676300,100.224068,101.030960,100.766617,99.665131,98.362556,97.547401,97.611221,98.472290,99.648087,100.524643,100.675499,100.067635,99.057121,98.187569,97.903870,98.329521,99.217857,100.094055,100.507942,100.264091,99.513084,98.661942,98.156097,98.248657,98.875435,99.696983,100.281418,100.330116,99.829277,99.050758,98.405296,98.226685,98.599731,99.320267,100.005737,100.296791,100.044067,99.383850,98.664024,98.260780,98.381897,98.959206,99.685600,100.176598,100.171806,99.671211,98.935196,98.348244,98.217430,98.610924,99.320930,99.971252,100.213989,99.912827,99.217125,98.486214,98.102631,98.270546,98.905113,99.672539,100.162025,100.101761,99.505470,98.671738,98.032494,97.927078,98.419655,99.257172,99.994072,100.223289,99.794235,98.902283,97.997536,97.554764,97.820557,98.671341,99.662163,100.249252,100.076492,99.176743,97.976326,97.089043,96.997200,97.782349,99.052597,100.119148,100.345619,99.497421,97.904404,96.333778,95.614632,96.190208,97.829544,99.669601,100.604332,99.857841,97.462646,94.376297,92.117035,92.022057,94.432259,98.184746,100.705727,98.763344,89.663109,72.467087,48.791187,50.000000
75.000000,0.000000,0.000000,0.000000,0.000000,0.000000,0.000000,0.000000,0.000000,0.000000,0.000000,0.000000,0.000000,0.000000,0.000000,0.000000,0.000000,0.000000,0.000000,0.000000,0.000000,0.000000,0.000000,0.000000,0.000000,0.000000,0.000000,0.000000,0.000000,0.000000,0.000000,0.000000,0.000000,0.000000,0.000000,0.000000,0.000000,0.000000,0.000000,0.000000,0.000000,0.000000,0.000000,0.000000,0.000000,0.000000,0.000000,0.000000,0.000000,0.000000,0.000000,0.000000,0.000000,0.000000,0.000000,0.000000,0.000000,0.000000,0.000000,0.000000,0.000000,0.000000,0.000000,0.000000,0.000000,0.000000,0.000000,0.000000,0.000000,0.000000,0.000000,0.000000,0.000000,0.000000,0.000000,0.000000,0.000000,0.000000,0.000000,0.000000,0.000000,0.000000,0.000000,0.000000,0.000000,0.000000,0.000000,0.000000,0.000000,0.000000,0.000000,0.000000,0.000000,0.000000,0.000000,0.000000,0.000000,0.000000,0.000000,0.000000,0.000000,0.000000,0.000000,0.000000,0.000000,0.000000,0.000000,0.000000,0.000000,0.000000,0.000000,0.000000,0.000000,0.000000,0.000000,0.000000,0.000000,0.000000,0.000000,0.000000,0.000000,0.000000,0.000000,0.000000,0.000000,0.000000,0.000000,50.000000
