75.000000,100.000000,100.000000,100.000000,100.000000,100.000000,100.000000,100.000000,100.000000,100.000000,100.000000,100.000000,100.000000,100.000000,100.000000,100.000000,100.000000,100.000000,100.000000,100.000000,100.000000,100.000000,100.000000,100.000000,100.000000,100.000000,100.000000,100.000000,100.000000,100.000000,100.000000,100.000000,100.000000,100.000000,100.000000,100.000000,100.000000,100.000000,100.000000,100.000000,100.000000,100.000000,100.000000,100.000000,100.000000,100.000000,100.000000,100.000000,100.000000,100.000000,100.000000,100.000000,100.000000,100.000000,100.000000,100.000000,100.000000,100.000000,100.000000,100.000000,100.000000,100.000000,100.000000,100.000000,100.000000,100.000000,100.000000,100.000000,100.000000,100.000000,100.000000,100.000000,100.000000,100.000000,100.000000,100.000000,100.000000,100.000000,100.000000,100.000000,100.000000,100.000000,100.000000,100.000000,100.000000,100.000000,100.000000,100.000000,100.000000,100.000000,100.000000,100.000000,100.000000,100.000000,100.000000,100.000000,100.000000,100.000000,100.000000,100.000000,100.000000,100.000000,100.000000,100.000000,100.000000,100.000000,100.000000,100.000000,100.000000,100.000000,100.000000,100.000000,100.000000,100.000000,100.000000,100.000000,100.000000,100.000000,100.000000,100.000000,100.000000,100.000000,100.000000,100.000000,100.000000,100.000000,100.000000,100.000000,100.000000,100.000000,100.000000,100.000000,100.000000,100.000000,100.000000,100.000000,100.000000,100.000000,100.000000,100.000000,100.000000,100.000000,100.000000,100.000000,100.000000,100.000000,100.000000,100.000000,100.000000,100.000000,100.000000,100.000000,100.000000,100.000000,100.000000,100.000000,100.000000,100.000000,100.000000,100.000000,100.000000,100.000000,100.000000,100.000000,100.000000,100.000000,100.000000,100.000000,100.000000,100.000000,100.000000,100.000000,100.000000,100.000000,100.000000,100.000000,100.000000,100.000000,100.000000,100.000000,100.000000,100.000000,100.000000,100.000000,100.000000,100.000000,100.000000,100.000000,100.000000,100.000000,100.000000,100.000000,100.000000,100.000000,100.000000,100.000000,100.000000,100.000000,100.000000,100.000000,100.000000,100.000000,100.000000,100.000000,100.000000,100.000000,100.000000,100.000000,100.000000,100.000000,100.000000,100.000000,100.000000,100.000000,100.000000,100.000000,100.000000,100.000000,100.000000,100.000000,100.000000,100.000000,100.000000,100.000000,100.000000,100.000000,100.000000,100.000000,100.000000,100.000000,100.000000,100.000000,100.000000,100.000000,100.000000,100.000000,100.000000,100.000000,100.000000,100.000000,100.000000,100.000000,100.000000,100.000000,100.000000,100.000000,100.000000,100.000000,100.000000,100.000000,100.000000,100.000000,100.000000,100.000000,100.000000,50.000000
75.000000,14.653939,12.400116,10.609563,9.175165,8.016226,7.071686,6.295121,5.651063,5.112272,4.657711,4.271039,3.939498,3.653052,3.403770,3.185340,2.992704,2.821783,2.669272,2.532468,2.409150,2.297481,2.195933,2.103226,2.018281,1.940185,1.868160,1.801540,1.739750,1.682297,1.628748,1.578728,1.531907,1.487996,1.446738,1.407907,1.371301,1.336739,1.304060,1.273121,1.243790,1.215950,1.189495,1.164328,1.140361,1.117515,1.095716,1.074898,1.054999,1.035964,1.017740,1.000280,0.983540,0.967479,0.952060,0.937247,0.923009,0.909315,0.896137,0.883449,0.871226,0.859447,0.848088,0.837131,0.826558,0.816349,0.806489,0.796963,0.787755,0.778853,0.770242,0.761912,0.753851,0.746047,0.738490,0.731172,0.724081,0.717211,0.710553,0.704098,0.697840,0.691771,0.685885,0.680175,0.674636,0.669262,0.664047,0.658986,0.654074,0.649307,0.644680,0.640188,0.635829,0.631597,0.627489,0.623502,0.619632,0.615876,0.612232,0.608695,0.605264,0.601936,0.598708,0.595578,0.592544,0.589603,0.586753,0.583993,0.581320,0.578733,0.576230,0.573810,0.571471,0.569211,0.567029,0.564924,0.562895,0.560941,0.559060,0.557251,0.555515,0.553849,0.552252,0.550725,0.549267,0.547876,0.546553,0.545297,0.544107,0.542983,0.541925,0.540933,0.540005,0.539143,0.538346,0.537614,0.536947,0.536345,0.535808,0.535336,0.534931,0.534591,0.534317,0.534111,0.533971,0.533900,0.533897,0.533963,0.534099,0.534306,0.534584,0.534935,0.535359,0.535859,0.536434,0.537087,0.537818,0.538629,0.539523,0.540499,0.541561,0.542709,0.543947,0.545275,0.546697,0.548215,0.549830,0.551546,0.553366,0.555292,0.557328,0.559476,0.561740,0.564124,0.566632,0.569267,0.572035,0.574938,0.577983,0.581174,0.584517,0.588016,0.591679,0.595511,0.599520,0.603711,0.608094,0.612675,0.617463,0.622468,0.627698,0.633165,0.638878,0.644850,0.651092,0.657619,0.664443,0.671581,0.679048,0.686862,0.695041,0.703605,0.712576,0.721977,0.731833,0.742171,0.753020,0.764413,0.776382,0.788966,0.802206,0.816146,0.830834,0.846325,0.862675,0.879950,0.898220,0.917564,0.938068,0.959829,0.982955,1.007564,1.033793,1.061791,1.091730,1.123803,1.158229,1.195259,1.235180,1.278323,1.325070,1.375865,1.431226,1.491762,1.558193,1.631372,1.712317,1.802254,1.902663,2.015344,2.142504,2.286860,2.451783,2.641482,2.861248,3.117765,3.419543,3.777474,4.205583,4.722030,5.350461,6.121826,7.076828,8.269267,9.770555,50.000000
75.000000,28.709738,24.342812,20.867308,18.078093,15.820457,13.977194,12.459085,11.197882,10.141089,9.248118,8.487401,7.834243,7.269207,6.776898,6.345048,5.963817,5.625257,5.322917,5.051512,4.806700,4.584882,4.383059,4.198717,4.029736,3.874318,3.730931,3.598260,3.475176,3.360698,3.253975,3.154263,3.060910,2.973344,2.891054,2.813593,2.740560,2.671597,2.606385,2.544636,2.486091,2.430518,2.377703,2.327457,2.279603,2.233984,2.190453,2.148877,2.109136,2.071117,2.034717,1.999841,1.966401,1.934318,1.903514,1.873921,1.845475,1.818114,1.791784,1.766432,1.742010,1.718472,1.695775,1.673880,1.652750,1.632349,1.612645,1.593607,1.575205,1.557413,1.540205,1.523556,1.507444,1.491846,1.476743,1.462115,1.447943,1.434211,1.420902,1.408000,1.395490,1.383359,1.371593,1.360181,1.349108,1.338365,1.327940,1.317823,1.308004,1.298474,1.289224,1.280245,1.271529,1.263069,1.254857,1.246886,1.239150,1.231641,1.224355,1.217285,1.210426,1.203772,1.197318,1.191060,1.184994,1.179114,1.173416,1.167898,1.162554,1.157382,1.152378,1.147539,1.142861,1.138343,1.133981,1.129773,1.125716,1.121808,1.118047,1.114431,1.110959,1.107627,1.104435,1.101382,1.098466,1.095685,1.093040,1.090528,1.088148,1.085901,1.083785,1.081800,1.079946,1.078221,1.076627,1.075163,1.073828,1.072624,1.071550,1.070607,1.069795,1.069115,1.068568,1.068154,1.067875,1.067731,1.067724,1.067856,1.068127,1.068539,1.069095,1.069796,1.070644,1.071642,1.072791,1.074095,1.075556,1.077177,1.078962,1.080913,1.083034,1.085330,1.087803,1.090457,1.093299,1.096331,1.099560,1.102989,1.106626,1.110475,1.114543,1.118836,1.123361,1.128125,1.133137,1.138403,1.143933,1.149735,1.155820,1.162197,1.168876,1.175870,1.183189,1.190847,1.198857,1.207232,1.215989,1.225143,1.234711,1.244710,1.255161,1.266083,1.277498,1.289429,1.301901,1.314940,1.328574,1.342833,1.357750,1.373359,1.389697,1.406804,1.424722,1.443500,1.463184,1.483831,1.505498,1.528248,1.552150,1.577278,1.603713,1.631544,1.660868,1.691790,1.724427,1.758905,1.795368,1.833969,1.874881,1.918296,1.964428,2.013513,2.065819,2.121645,2.181331,2.245258,2.313860,2.387634,2.467148,2.553053,2.646104,2.747177,2.857294,2.977652,3.109667,3.255011,3.415685,3.594090,3.793120,4.016295,4.267919,4.553290,4.878967,5.253130,5.686042,6.190660,6.783448,7.485451,8.323729,9.333276,10.559592,12.062159,13.919113,16.233589,19.142351,50.000000
75.000000,41.616055,35.405251,30.447044,26.455601,23.214911,20.560987,18.368740,16.542244,15.007567,13.707399,12.597071,11.641534,10.813148,10.089966,9.454451,8.892502,8.392710,7.945777,7.544087,7.181356,6.852369,6.552769,6.278900,6.027671,5.796455,5.583014,5.385420,5.202016,5.031362,4.872207,4.723452,4.584140,4.453423,4.330550,4.214858,4.105754,4.002710,3.905251,3.812951,3.725425,3.642329,3.563348,3.488196,3.416613,3.348365,3.283235,3.221025,3.161552,3.104653,3.050171,2.997967,2.947908,2.899876,2.853758,2.809450,2.766855,2.725884,2.686454,2.648487,2.611910,2.576656,2.542661,2.509865,2.478214,2.447653,2.418136,2.389615,2.362046,2.335391,2.309609,2.284664,2.260522,2.237151,2.214520,2.192601,2.171365,2.150787,2.130843,2.111508,2.092762,2.074582,2.056950,2.039845,2.023251,2.007149,1.991525,1.976362,1.961645,1.947361,1.933497,1.920038,1.906974,1.894293,1.881984,1.870036,1.858439,1.847185,1.836262,1.825664,1.815382,1.805407,1.795733,1.786352,1.777257,1.768442,1.759901,1.751628,1.743617,1.735863,1.728361,1.721106,1.714093,1.707319,1.700780,1.694470,1.688388,1.682528,1.676890,1.671468,1.666261,1.661266,1.656480,1.651902,1.647529,1.643360,1.639393,1.635625,1.632057,1.628687,1.625514,1.622537,1.619756,1.617170,1.614778,1.612582,1.610580,1.608773,1.607162,1.605746,1.604528,1.603507,1.602685,1.602063,1.601642,1.601426,1.601413,1.601609,1.602013,1.602630,1.603461,1.604510,1.605779,1.607272,1.608993,1.610946,1.613134,1.615562,1.618235,1.621157,1.624334,1.627772,1.631476,1.635453,1.639709,1.644252,1.649088,1.654225,1.659673,1.665439,1.671532,1.677963,1.684742,1.691879,1.699386,1.707275,1.715559,1.724250,1.733365,1.742916,1.752922,1.763397,1.774360,1.785830,1.797827,1.810372,1.823488,1.837197,1.851527,1.866502,1.882153,1.898508,1.915602,1.933468,1.952142,1.971666,1.992079,2.013428,2.035760,2.059127,2.083583,2.109191,2.136012,2.164114,2.193575,2.224472,2.256893,2.290933,2.326692,2.364283,2.403826,2.445452,2.489305,2.535543,2.584338,2.635880,2.690379,2.748065,2.809195,2.874052,2.942951,3.016246,3.094330,3.177649,3.266699,3.362046,3.464332,3.574284,3.692740,3.820656,3.959141,4.109475,4.273156,4.451931,4.647861,4.863386,5.101407,5.365401,5.659558,5.988960,6.359797,6.779680,7.258009,7.806475,8.439708,9.176140,10.039128,11.058456,12.272333,13.730046,15.495539,17.652210,20.309391,23.611071,27.747824,50.000000
75.000000,52.910725,45.230522,39.071484,34.090897,30.028982,26.687908,23.916250,21.597523,19.641615,17.978437,16.553158,15.322608,14.252613,13.315932,12.490733,11.759381,11.107576,10.523616,9.997881,9.522412,9.090584,8.696845,8.336520,8.005655,7.700873,7.419292,7.158429,6.916138,6.690555,6.480055,6.283218,6.098792,5.925671,5.762878,5.609546,5.464900,5.328246,5.198964,5.076496,4.960336,4.850032,4.745166,4.645366,4.550293,4.459633,4.373100,4.290435,4.211400,4.135772,4.063351,3.993948,3.927392,3.863523,3.802192,3.743265,3.686611,3.632113,3.579662,3.529152,3.480488,3.433582,3.388347,3.344706,3.302585,3.261915,3.222630,3.184669,3.147976,3.112495,3.078175,3.044969,3.012830,2.981717,2.951587,2.922404,2.894130,2.866731,2.840175,2.814430,2.789467,2.765259,2.741778,2.719000,2.696901,2.675458,2.654649,2.634454,2.614854,2.595830,2.577363,2.559438,2.542037,2.525146,2.508750,2.492835,2.477387,2.462395,2.447846,2.433728,2.420030,2.406742,2.393855,2.381357,2.369241,2.357497,2.346119,2.335096,2.324423,2.314092,2.304097,2.294430,2.285087,2.276062,2.267348,2.258941,2.250836,2.243029,2.235515,2.228291,2.221352,2.214695,2.208318,2.202216,2.196389,2.190832,2.185545,2.180524,2.175768,2.171277,2.167047,2.163079,2.159371,2.155923,2.152735,2.149806,2.147136,2.144727,2.142577,2.140689,2.139062,2.137700,2.136602,2.135770,2.135207,2.134915,2.134896,2.135153,2.135688,2.136506,2.137609,2.139003,2.140690,2.142675,2.144964,2.147561,2.150472,2.153702,2.157258,2.161146,2.165374,2.169949,2.174877,2.180170,2.185833,2.191879,2.198315,2.205152,2.212402,2.220076,2.228185,2.236744,2.245765,2.255263,2.265254,2.275753,2.286776,2.298343,2.310472,2.323183,2.336497,2.350436,2.365025,2.380288,2.396250,2.412942,2.430392,2.448632,2.467696,2.487619,2.508439,2.530197,2.552934,2.576698,2.601537,2.627502,2.654650,2.683040,2.712736,2.743805,2.776322,2.810365,2.846019,2.883374,2.922529,2.963590,3.006673,3.051899,3.099406,3.149338,3.201856,3.257133,3.315360,3.376740,3.441505,3.509903,3.582207,3.658724,3.739788,3.825771,3.917086,4.014198,4.117619,4.227929,4.345782,4.471911,4.607152,4.752452,4.908895,5.077720,5.260363,5.458472,5.673974,5.909117,6.166541,6.449358,6.761272,7.106698,7.490942,7.920419,8.402925,8.948002,9.567400,10.275676,11.090987,12.036123,13.139854,14.438740,15.979508,17.822229,20.044563,22.747458,26.062801,30.163780,35.278862,50.000000
75.000000,62.254726,53.552925,46.531090,40.817692,36.129845,32.251148,29.015171,26.293266,23.985439,22.013506,20.315994,18.844276,17.559650,16.431116,15.433702,14.547153,13.754941,13.043502,12.401628,11.820004,11.290851,10.807619,10.364781,9.957633,9.582158,9.234909,8.912913,8.613592,8.334699,8.074276,7.830598,7.602158,7.387607,7.185760,6.995561,6.816063,6.646420,6.485873,6.333740,6.189401,6.052297,5.921923,5.797820,5.679565,5.566776,5.459101,5.356221,5.257841,5.163687,5.073512,4.987084,4.904189,4.824631,4.748227,4.674807,4.604214,4.536300,4.470928,4.407971,4.347312,4.288836,4.232441,4.178029,4.125508,4.074791,4.025801,3.978459,3.932693,3.888438,3.845628,3.804207,3.764114,3.725298,3.687709,3.651298,3.616020,3.581832,3.548696,3.516569,3.485418,3.455207,3.425904,3.397476,3.369895,3.343131,3.317159,3.291953,3.267488,3.243740,3.220688,3.198312,3.176590,3.155504,3.135035,3.115166,3.095881,3.077163,3.058998,3.041371,3.024269,3.007678,2.991586,2.975981,2.960852,2.946188,2.931979,2.918215,2.904887,2.891986,2.879504,2.867432,2.855764,2.844492,2.833609,2.823109,2.812987,2.803235,2.793851,2.784827,2.776160,2.767845,2.759879,2.752258,2.744978,2.738036,2.731431,2.725158,2.719216,2.713603,2.708318,2.703359,2.698726,2.694417,2.690432,2.686771,2.683433,2.680420,2.677732,2.675370,2.673335,2.671628,2.670253,2.669209,2.668501,2.668131,2.668102,2.668417,2.669081,2.670096,2.671469,2.673203,2.675303,2.677776,2.680627,2.683863,2.687490,2.691516,2.695949,2.700796,2.706066,2.711770,2.717916,2.724515,2.731577,2.739115,2.747140,2.755666,2.764707,2.774276,2.784389,2.795061,2.806310,2.818155,2.830613,2.843704,2.857451,2.871874,2.886998,2.902847,2.919447,2.936827,2.955015,2.974044,2.993945,3.014754,3.036506,3.059244,3.083007,3.107839,3.133788,3.160905,3.189241,3.218853,3.249804,3.282156,3.315979,3.351347,3.388338,3.427037,3.467535,3.509930,3.554326,3.600835,3.649578,3.700689,3.754308,3.810588,3.869695,3.931812,3.997131,4.065872,4.138261,4.214560,4.295044,4.380022,4.469830,4.564842,4.665468,4.772164,4.885436,5.005847,5.134029,5.270684,5.416605,5.572685,5.739937,5.919505,6.112698,6.321008,6.546157,6.790127,7.055216,7.344102,7.659920,8.006354,8.387772,8.809358,9.277324,9.799136,10.383845,11.042467,11.788502,12.638600,13.613429,14.738787,16.047094,17.579336,19.387627,21.538628,24.118116,27.237036,31.039661,35.714573,41.509460,50.000000
75.000000,69.454689,60.214859,52.696835,46.529846,41.429787,37.177868,33.604729,30.578531,27.996115,25.776264,23.854673,22.180124,20.711582,19.415962,18.266424,17.241074,16.321924,15.494138,14.745377,14.065336,13.445363,12.878140,12.357462,11.878031,11.435292,11.025341,10.644779,10.290659,9.960409,9.651777,9.362775,9.091655,8.836862,8.597015,8.370892,8.157385,7.955512,7.764382,7.583199,7.411236,7.247842,7.092421,6.944429,6.803375,6.668808,6.540312,6.417512,6.300057,6.187629,6.079930,5.976688,5.877654,5.782589,5.691280,5.603525,5.519138,5.437943,5.359781,5.284496,5.211950,5.142011,5.074552,5.009460,4.946626,4.885945,4.827323,4.770670,4.715900,4.662935,4.611697,4.562114,4.514121,4.467654,4.422652,4.379059,4.336820,4.295885,4.256205,4.217733,4.180429,4.144248,4.109153,4.075106,4.042071,4.010014,3.978904,3.948710,3.919403,3.890955,3.863339,3.836532,3.810508,3.785244,3.760720,3.736914,3.713806,3.691378,3.669612,3.648489,3.627995,3.608114,3.588830,3.570129,3.551998,3.534424,3.517394,3.500898,3.484924,3.469461,3.454500,3.440030,3.426044,3.412532,3.399487,3.386900,3.374766,3.363076,3.351825,3.341007,3.330616,3.320647,3.311096,3.301958,3.293228,3.284904,3.276983,3.269460,3.262334,3.255603,3.249264,3.243315,3.237757,3.232587,3.227805,3.223411,3.219406,3.215788,3.212561,3.209723,3.207278,3.205226,3.203570,3.202313,3.201457,3.201006,3.200964,3.201334,3.202121,3.203330,3.204966,3.207035,3.209543,3.212498,3.215905,3.219773,3.224109,3.228924,3.234224,3.240022,3.246327,3.253149,3.260501,3.268395,3.276845,3.285863,3.295466,3.305667,3.316484,3.327933,3.340032,3.352802,3.366262,3.380434,3.395339,3.411003,3.427449,3.444705,3.462799,3.481759,3.501618,3.522409,3.544167,3.566928,3.590732,3.615621,3.641638,3.668831,3.697248,3.726943,3.757972,3.790393,3.824271,3.859673,3.896670,3.935341,3.975765,4.018032,4.062234,4.108472,4.156854,4.207495,4.260519,4.316062,4.374264,4.435282,4.499283,4.566452,4.636980,4.711083,4.788992,4.870960,4.957261,5.048195,5.144094,5.245316,5.352255,5.465352,5.585086,5.711990,5.846657,5.989742,6.141978,6.304188,6.477288,6.662312,6.860432,7.072965,7.301415,7.547503,7.813186,8.100727,8.412739,8.752249,9.122792,9.528509,9.974270,10.465848,11.010111,11.615286,12.291267,13.050038,13.906203,14.877647,15.986429,17.259916,18.732243,20.446274,22.456163,24.830685,27.657724,31.050184,35.153942,40.158386,46.310707,50.000000
75.000000,74.471977,65.173935,57.525791,51.185818,45.889717,41.432003,37.652058,34.423637,31.647015,29.242912,27.147982,25.311277,23.691629,22.255543,20.975613,19.829300,18.797964,17.866083,17.020674,16.250822,15.547303,14.902271,14.309028,13.761834,13.255737,12.786453,12.350263,11.943908,11.564551,11.209688,10.877108,10.564854,10.271194,9.994576,9.733624,9.487091,9.253871,9.032957,8.823444,8.624515,8.435426,8.255493,8.084108,7.920707,7.764772,7.615835,7.473462,7.337253,7.206843,7.081893,6.962090,6.847147,6.736794,6.630781,6.528878,6.430871,6.336560,6.245755,6.158285,6.073986,5.992705,5.914300,5.838637,5.765589,5.695041,5.626878,5.561000,5.497306,5.435705,5.376109,5.318434,5.262603,5.208545,5.156188,5.105465,5.056316,5.008681,4.962506,4.917734,4.874317,4.832206,4.791355,4.751723,4.713268,4.675951,4.639733,4.604580,4.570460,4.537336,4.505183,4.473968,4.443665,4.414246,4.385687,4.357963,4.331052,4.304932,4.279582,4.254981,4.231111,4.207952,4.185490,4.163707,4.142587,4.122116,4.102277,4.083059,4.064449,4.046435,4.029004,4.012146,3.995850,3.980107,3.964906,3.950240,3.936100,3.922478,3.909367,3.896760,3.884650,3.873032,3.861900,3.851248,3.841074,3.831371,3.822136,3.813366,3.805058,3.797210,3.789818,3.782882,3.776399,3.770369,3.764791,3.759664,3.754990,3.750767,3.746999,3.743685,3.740827,3.738428,3.736490,3.735015,3.734009,3.733473,3.733413,3.733834,3.734740,3.736136,3.738030,3.740429,3.743338,3.746767,3.750723,3.755214,3.760251,3.765845,3.772004,3.778742,3.786069,3.793998,3.802545,3.811722,3.821545,3.832029,3.843192,3.855052,3.867627,3.880938,3.895006,3.909853,3.925502,3.941978,3.959308,3.977518,3.996638,4.016699,4.037733,4.059774,4.082858,4.107026,4.132315,4.158770,4.186436,4.215361,4.245595,4.277193,4.310212,4.344714,4.380763,4.418426,4.457778,4.498897,4.541866,4.586771,4.633710,4.682781,4.734094,4.787764,4.843915,4.902679,4.964199,5.028629,5.096135,5.166893,5.241097,5.318955,5.400692,5.486550,5.576797,5.671720,5.771630,5.876875,5.987828,6.104896,6.228532,6.359234,6.497543,6.644066,6.799470,6.964499,7.139974,7.326819,7.526067,7.738873,7.966541,8.210542,8.472544,8.754446,9.058413,9.386929,9.742844,10.129464,10.550614,11.010761,11.515130,12.069874,12.682270,13.360976,14.116328,14.960764,15.909309,16.980228,18.195852,19.583637,21.177532,23.019768,25.163208,27.674341,30.637312,34.159210,38.377026,43.466965,49.656818,50.000000
75.000000,77.417747,68.499962,61.059277,54.807571,49.518642,45.014034,41.152195,37.820320,34.928017,32.402447,30.184664,28.226654,26.489124,24.939753,23.551817,22.303076,21.174967,20.151892,19.220695,18.370213,17.590946,16.874765,16.214676,15.604650,15.039457,14.514556,14.025970,13.570224,13.144254,12.745357,12.371143,12.019491,11.688505,11.376495,11.081950,10.803505,10.539940,10.290146,10.053123,9.827969,9.613853,9.410028,9.215814,9.030577,8.853749,8.684797,8.523249,8.368653,8.220603,8.078713,7.942640,7.812055,7.686659,7.566174,7.450338,7.338912,7.231668,7.128397,7.028904,6.933004,6.840525,6.751307,6.665198,6.582057,6.501750,6.424152,6.349146,6.276620,6.206470,6.138599,6.072909,6.009316,5.947734,5.888088,5.830300,5.774300,5.720022,5.667401,5.616379,5.566897,5.518902,5.472340,5.427166,5.383328,5.340787,5.299498,5.259419,5.220517,5.182751,5.146088,5.110494,5.075937,5.042388,5.009818,4.978201,4.947508,4.917717,4.888801,4.860741,4.833513,4.807096,4.781473,4.756622,4.732528,4.709172,4.686539,4.664613,4.643380,4.622824,4.602935,4.583699,4.565104,4.547139,4.529792,4.513055,4.496916,4.481369,4.466405,4.452015,4.438193,4.424930,4.412223,4.400063,4.388447,4.377369,4.366825,4.356810,4.347323,4.338360,4.329918,4.321994,4.314588,4.307698,4.301324,4.295465,4.290122,4.285293,4.280983,4.277190,4.273918,4.271169,4.268945,4.267251,4.266089,4.265465,4.265382,4.265848,4.266866,4.268445,4.270591,4.273312,4.276614,4.280509,4.285004,4.290110,4.295838,4.302200,4.309206,4.316872,4.325209,4.334232,4.343957,4.354402,4.365581,4.377515,4.390222,4.403722,4.418037,4.433188,4.449202,4.466102,4.483916,4.502670,4.522396,4.543123,4.564886,4.587720,4.611659,4.636744,4.663017,4.690519,4.719298,4.749402,4.780880,4.813790,4.848188,4.884134,4.921695,4.960939,5.001938,5.044772,5.089520,5.136273,5.185123,5.236170,5.289522,5.345292,5.403600,5.464578,5.528364,5.595109,5.664970,5.738124,5.814755,5.895061,5.979260,6.067585,6.160285,6.257634,6.359931,6.467494,6.580673,6.699854,6.825449,6.957917,7.097755,7.245515,7.401799,7.567273,7.742676,7.928823,8.126618,8.337073,8.561313,8.800598,9.056347,9.330153,9.623816,9.939375,10.279154,10.645798,11.042337,11.472252,11.939569,12.448945,13.005802,13.616475,14.288401,15.030357,15.852732,16.767914,17.790712,18.938957,20.234192,21.702608,23.376219,25.294325,27.505472,30.069929,33.062908,36.578762,40.736473,45.686832,51.621937,50.000000
75.000000,78.535011,70.362152,63.413967,57.474400,52.369350,47.958015,44.126076,40.780346,37.844551,35.256012,32.963013,30.922689,29.099380,27.463295,25.989426,24.656713,23.447338,22.346161,21.340271,20.418613,19.571701,18.791323,18.070402,17.402744,16.782988,16.206421,15.668914,15.166819,14.696927,14.256384,13.842661,13.453496,13.086872,12.740981,12.414198,12.105060,11.812254,11.534577,11.270952,11.020391,10.782005,10.554969,10.338545,10.132047,9.934847,9.746372,9.566092,9.393519,9.228201,9.069722,8.917701,8.771775,8.631620,8.496921,8.367393,8.242770,8.122806,8.007267,7.895933,7.788603,7.685086,7.585207,7.488793,7.395690,7.305750,7.218835,7.134813,7.053560,6.974960,6.898906,6.825290,6.754015,6.684992,6.618129,6.553346,6.490562,6.429704,6.370700,6.313484,6.257993,6.204163,6.151939,6.101269,6.052095,6.004372,5.958051,5.913087,5.869437,5.827063,5.785922,5.745980,5.707201,5.669551,5.632998,5.597512,5.563063,5.529624,5.497167,5.465669,5.435102,5.405447,5.376681,5.348782,5.321730,5.295507,5.270094,5.245475,5.221632,5.198550,5.176215,5.154611,5.133727,5.113550,5.094068,5.075269,5.057143,5.039678,5.022869,5.006703,4.991174,4.976274,4.961997,4.948334,4.935281,4.922832,4.910984,4.899729,4.889065,4.878989,4.869498,4.860590,4.852262,4.844513,4.837343,4.830751,4.824738,4.819303,4.814448,4.810175,4.806487,4.803383,4.800872,4.798953,4.797631,4.796914,4.796804,4.797308,4.798435,4.800188,4.802578,4.805612,4.809299,4.813650,4.818674,4.824385,4.830792,4.837910,4.845750,4.854330,4.863662,4.873763,4.884653,4.896347,4.908865,4.922229,4.936459,4.951576,4.967608,4.984578,5.002511,5.021438,5.041388,5.062391,5.084482,5.107694,5.132065,5.157634,5.184442,5.212530,5.241946,5.272738,5.304957,5.338656,5.373895,5.410732,5.449233,5.489463,5.531497,5.575408,5.621282,5.669201,5.719258,5.771552,5.826185,5.883267,5.942919,6.005263,6.070437,6.138583,6.209857,6.284420,6.362453,6.444146,6.529702,6.619340,6.713302,6.811841,6.915232,7.023777,7.137802,7.257656,7.383724,7.516423,7.656206,7.803574,7.959066,8.123281,8.296876,8.480567,8.675153,8.881512,9.100623,9.333562,9.581535,9.845893,10.128135,10.429950,10.753240,11.100142,11.473097,11.874847,12.308535,12.777743,13.286590,13.839801,14.442840,15.102043,15.824774,16.619640,17.496738,18.467936,19.547287,20.751457,22.100302,23.617603,25.331930,27.277765,29.496887,32.040154,34.969685,38.361694,42.310051,46.930813,52.368031,50.000000
75.000000,78.169548,71.008415,64.766991,59.312214,54.530716,50.326103,46.616554,43.332680,40.415642,37.815502,35.489868,33.402676,31.523212,29.825268,28.286421,26.887463,25.611879,24.445442,23.375864,22.392496,21.486095,20.648598,19.872969,19.153053,18.483421,17.859310,17.276505,16.731274,16.220306,15.740644,15.289662,14.864994,14.464537,14.086382,13.728822,13.390313,13.069453,12.764977,12.475725,12.200655,11.938808,11.689312,11.451364,11.224227,11.007233,10.799757,10.601232,10.411132,10.228964,10.054283,9.886670,9.725738,9.571123,9.422497,9.279547,9.141978,9.009524,8.881931,8.758960,8.640388,8.526013,8.415639,8.309075,8.206161,8.106729,8.010625,7.917710,7.827847,7.740908,7.656773,7.575328,7.496467,7.420088,7.346094,7.274393,7.204899,7.137532,7.072212,7.008867,6.947425,6.887820,6.829989,6.773873,6.719412,6.666555,6.615246,6.565439,6.517085,6.470140,6.424560,6.380306,6.337337,6.295618,6.255112,6.215788,6.177610,6.140549,6.104576,6.069664,6.035784,6.002911,5.971023,5.940094,5.910104,5.881032,5.852857,5.825559,5.799122,5.773528,5.748761,5.724805,5.701645,5.679268,5.657661,5.636810,5.616705,5.597334,5.578687,5.560755,5.543527,5.526997,5.511155,5.495996,5.481512,5.467697,5.454546,5.442055,5.430219,5.419034,5.408496,5.398604,5.389356,5.380749,5.372784,5.365458,5.358775,5.352732,5.347332,5.342576,5.338468,5.335009,5.332205,5.330057,5.328572,5.327755,5.327612,5.328149,5.329374,5.331295,5.333920,5.337258,5.341321,5.346117,5.351660,5.357962,5.365036,5.372895,5.381556,5.391034,5.401345,5.412508,5.424543,5.437468,5.451304,5.466076,5.481807,5.498519,5.516242,5.535001,5.554828,5.575751,5.597806,5.621025,5.645447,5.671106,5.698047,5.726311,5.755941,5.786987,5.819499,5.853530,5.889136,5.926375,5.965312,6.006013,6.048546,6.092989,6.139418,6.187919,6.238579,6.291494,6.346763,6.404493,6.464797,6.527798,6.593622,6.662409,6.734303,6.809464,6.888058,6.970266,7.056281,7.146306,7.240567,7.339303,7.442769,7.551245,7.665030,7.784446,7.909846,8.041610,8.180148,8.325912,8.479389,8.641113,8.811665,8.991683,9.181866,9.382979,9.595871,9.821473,10.060815,10.315038,10.585407,10.873333,11.180379,11.508311,11.859088,12.234923,12.638303,13.072035,13.539298,14.043709,14.589368,15.180972,15.823888,16.524284,17.289259,18.126997,19.046993,20.060247,21.179579,22.419920,23.798750,25.336544,27.057341,28.989407,31.166039,33.626446,36.416897,39.591949,43.215847,47.364189,52.125641,50.000000
75.000000,76.733147,70.738754,65.336624,60.479576,56.117607,52.201172,48.683090,45.519657,42.671082,40.101555,37.779175,35.675686,33.766151,32.028671,30.443975,28.995214,27.667597,26.448143,25.325480,24.289610,23.331749,22.444139,21.619961,20.853172,20.138426,19.470970,18.846598,18.261530,17.712425,17.196274,16.710375,16.252317,15.819922,15.411217,15.024423,14.657934,14.310292,13.980160,13.666335,13.367711,13.083281,12.812115,12.553373,12.306274,12.070103,11.844202,11.627958,11.420816,11.222249,11.031780,10.848962,10.673380,10.504649,10.342402,10.186315,10.036075,9.891384,9.751972,9.617585,9.487984,9.362945,9.242256,9.125721,9.013155,8.904379,8.799232,8.697558,8.599211,8.504051,8.411950,8.322785,8.236439,8.152799,8.071764,7.993232,7.917112,7.843313,7.771751,7.702345,7.635020,7.569704,7.506326,7.444821,7.385128,7.327187,7.270941,7.216337,7.163323,7.111851,7.061873,7.013345,6.966224,6.920472,6.876047,6.832915,6.791039,6.750386,6.710925,6.672625,6.635457,6.599391,6.564404,6.530469,6.497561,6.465659,6.434739,6.404784,6.375770,6.347680,6.320496,6.294201,6.268780,6.244217,6.220498,6.197607,6.175534,6.154266,6.133791,6.114101,6.095184,6.077031,6.059632,6.042983,6.027073,6.011898,5.997451,5.983727,5.970722,5.958430,5.946849,5.935976,5.925808,5.916344,5.907584,5.899526,5.892170,5.885518,5.879571,5.874331,5.869800,5.865982,5.862880,5.860499,5.858845,5.857922,5.857739,5.858301,5.859618,5.861697,5.864548,5.868181,5.872608,5.877839,5.883887,5.890768,5.898493,5.907082,5.916546,5.926904,5.938177,5.950384,5.963542,5.977677,5.992810,6.008966,6.026172,6.044452,6.063838,6.084358,6.106046,6.128935,6.153060,6.178460,6.205172,6.233239,6.262705,6.293619,6.326026,6.359979,6.395535,6.432747,6.471679,6.512397,6.554966,6.599460,6.645954,6.694530,6.745271,6.798271,6.853624,6.911433,6.971807,7.034860,7.100715,7.169505,7.241365,7.316447,7.394907,7.476915,7.562651,7.652308,7.746095,7.844234,7.946961,8.054537,8.167232,8.285347,8.409200,8.539139,8.675532,8.818793,8.969357,9.127696,9.294335,9.469834,9.654806,9.849929,10.055933,10.273629,10.503897,10.747712,11.006148,11.280390,11.571750,11.881675,12.211782,12.563867,12.939929,13.342211,13.773216,14.235762,14.733005,15.268514,15.846313,16.470959,17.147612,17.882133,18.681189,19.552355,20.504290,21.546844,22.691265,23.950394,25.338829,26.873188,28.572319,30.457485,32.552559,34.884060,37.481136,40.375229,43.599384,47.186928,51.169315,50.000000
75.000000,74.662933,69.875549,65.360733,61.151970,57.259418,53.678474,50.395649,47.392479,44.648113,42.141060,39.850155,37.755230,35.837494,34.079651,32.465946,30.982132,29.615406,28.354288,27.188503,26.108898,25.107292,24.176388,23.309679,22.501354,21.746223,21.039639,20.377439,19.755892,19.171648,18.621691,18.103302,17.614027,17.151651,16.714167,16.299746,15.906738,15.533630,15.179059,14.841761,14.520589,14.214496,13.922509,13.643751,13.377403,13.122716,12.878992,12.645595,12.421927,12.207442,12.001632,11.804025,11.614175,11.431681,11.256157,11.087247,10.924620,10.767967,10.616993,10.471430,10.331020,10.195528,10.064722,9.938398,9.816354,9.698400,9.584365,9.474079,9.367387,9.264140,9.164197,9.067426,8.973704,8.882909,8.794931,8.709663,8.627003,8.546857,8.469132,8.393743,8.320609,8.249647,8.180787,8.113958,8.049091,7.986126,7.924995,7.865646,7.808021,7.752067,7.697735,7.644977,7.593744,7.543996,7.495689,7.448786,7.403245,7.359034,7.316114,7.274456,7.234026,7.194795,7.156733,7.119815,7.084014,7.049303,7.015662,6.983065,6.951493,6.920925,6.891343,6.862726,6.835058,6.808322,6.782503,6.757586,6.733558,6.710404,6.688114,6.666674,6.646076,6.626308,6.607362,6.589229,6.571900,6.555371,6.539633,6.524681,6.510510,6.497116,6.484494,6.472641,6.461556,6.451237,6.441681,6.432889,6.424862,6.417600,6.411103,6.405376,6.400419,6.396237,6.392834,6.390215,6.388386,6.387352,6.387121,6.387700,6.389100,6.391327,6.394394,6.398311,6.403090,6.408741,6.415283,6.422728,6.431090,6.440389,6.450640,6.461863,6.474077,6.487304,6.501566,6.516887,6.533292,6.550807,6.569460,6.589281,6.610300,6.632549,6.656065,6.680882,6.707041,6.734580,6.763542,6.793972,6.825921,6.859433,6.894565,6.931372,6.969911,7.010246,7.052442,7.096568,7.142697,7.190907,7.241281,7.293903,7.348867,7.406269,7.466214,7.528809,7.594173,7.662427,7.733703,7.808142,7.885890,7.967108,8.051964,8.140638,8.233322,8.330225,8.431562,8.537575,8.648515,8.764651,8.886279,9.013711,9.147289,9.287374,9.434364,9.588683,9.750793,9.921192,10.100426,10.289085,10.487809,10.697303,10.918327,11.151719,11.398391,11.659348,11.935697,12.228652,12.539550,12.869867,13.221240,13.595480,13.994597,14.420826,14.876652,15.364851,15.888517,16.451117,17.056520,17.709057,18.413607,19.175606,20.001177,20.897150,21.871189,22.931833,24.088560,25.351891,26.733353,28.245472,29.901690,31.716110,33.703083,35.876488,38.248646,40.828537,43.619240,46.613968,49.790424,50.000000
75.000000,72.380760,68.733948,65.075005,61.505779,58.088177,54.856873,51.828186,49.006371,46.387932,43.964596,41.725357,39.657848,37.749218,35.986759,34.358261,32.852173,31.457808,30.165266,28.965513,27.850332,26.812269,25.844559,24.941116,24.096445,23.305553,22.563990,21.867689,21.213003,20.596632,20.015577,19.467140,18.948866,18.458517,17.994074,17.553682,17.135660,16.738464,16.360699,16.001072,15.658403,15.331611,15.019692,14.721734,14.436882,14.164370,13.903464,13.653502,13.413862,13.183969,12.963288,12.751331,12.547626,12.351751,12.163298,11.981899,11.807199,11.638872,11.476609,11.320124,11.169146,11.023422,10.882711,10.746797,10.615461,10.488507,10.365749,10.247008,10.132119,10.020923,9.913270,9.809020,9.708040,9.610204,9.515390,9.423486,9.334384,9.247982,9.164180,9.082890,9.004022,8.927491,8.853221,8.781133,8.711160,8.643226,8.577272,8.513231,8.451047,8.390662,8.332026,8.275080,8.219781,8.166079,8.113930,8.063293,8.014124,7.966386,7.920043,7.875058,7.831396,7.789027,7.747920,7.708045,7.669373,7.631879,7.595538,7.560323,7.526214,7.493187,7.461223,7.430301,7.400403,7.371511,7.343608,7.316678,7.290706,7.265679,7.241584,7.218407,7.196137,7.174766,7.154278,7.134670,7.115931,7.098052,7.081029,7.064855,7.049522,7.035029,7.021369,7.008540,6.996540,6.985365,6.975016,6.965490,6.956790,6.948915,6.941868,6.935649,6.930264,6.925714,6.922005,6.919141,6.917131,6.915978,6.915691,6.916281,6.917752,6.920119,6.923391,6.927579,6.932696,6.938757,6.945776,6.953770,6.962751,6.972743,6.983762,6.995829,7.008964,7.023190,7.038532,7.055015,7.072665,7.091510,7.111582,7.132912,7.155530,7.179474,7.204782,7.231490,7.259640,7.289277,7.320445,7.353191,7.387568,7.423629,7.461429,7.501030,7.542493,7.585885,7.631273,7.678736,7.728347,7.780192,7.834359,7.890937,7.950025,8.011727,8.076153,8.143418,8.213648,8.286974,8.363531,8.443469,8.526948,8.614134,8.705205,8.800352,8.899781,9.003705,9.112360,9.225992,9.344871,9.469277,9.599524,9.735939,9.878876,10.028715,10.185871,10.350788,10.523944,10.705864,10.897105,11.098285,11.310061,11.533158,11.768366,12.016541,12.278614,12.555616,12.848666,13.158994,13.487955,13.837030,14.207864,14.602254,15.022196,15.469887,15.947769,16.458536,17.005175,17.590992,18.219664,18.895247,19.622248,20.405634,21.250891,22.164032,23.151649,24.220890,25.379435,26.635431,27.997362,29.473770,31.072910,32.802124,34.666927,36.669647,38.807449,41.069450,43.432533,45.855431,48.270248,50.000000
75.000000,70.257027,67.595024,64.693008,61.703506,58.727680,55.830688,53.052578,50.416115,47.932190,45.603821,43.428783,41.401600,39.514847,37.760033,36.128284,34.610672,33.198532,31.883589,30.658083,29.514774,28.446983,27.448563,26.513882,25.637810,24.815647,24.043131,23.316383,22.631857,21.986338,21.376900,20.800863,20.255810,19.739519,19.249954,18.785271,18.343765,17.923891,17.524223,17.143448,16.780361,16.433861,16.102924,15.786610,15.484043,15.194424,14.917004,14.651096,14.396056,14.151285,13.916233,13.690383,13.473256,13.264400,13.063396,12.869854,12.683409,12.503713,12.330446,12.163310,12.002017,11.846303,11.695915,11.550617,11.410191,11.274423,11.143120,11.016089,10.893160,10.774163,10.658940,10.547345,10.439236,10.334476,10.232939,10.134507,10.039065,9.946505,9.856720,9.769614,9.685097,9.603079,9.523472,9.446198,9.371182,9.298350,9.227632,9.158959,9.092276,9.027514,8.964622,8.903542,8.844220,8.786610,8.730660,8.676329,8.623571,8.572347,8.522614,8.474335,8.427474,8.382001,8.337874,8.295069,8.253557,8.213304,8.174286,8.136477,8.099852,8.064386,8.030062,7.996852,7.964742,7.933710,7.903738,7.874811,7.846911,7.820024,7.794136,7.769232,7.745303,7.722334,7.700318,7.679242,7.659098,7.639879,7.621576,7.604185,7.587697,7.572107,7.557413,7.543611,7.530696,7.518668,7.507525,7.497267,7.487893,7.479403,7.471803,7.465091,7.459273,7.454350,7.450330,7.447217,7.445017,7.443738,7.443388,7.443976,7.445512,7.448006,7.451470,7.455918,7.461361,7.467815,7.475296,7.483820,7.493406,7.504072,7.515838,7.528727,7.542758,7.557961,7.574357,7.591974,7.610842,7.630989,7.652447,7.675251,7.699436,7.725038,7.752098,7.780655,7.810755,7.842443,7.875768,7.910780,7.947535,7.986086,8.026497,8.068828,8.113146,8.159525,8.208034,8.258753,8.311766,8.367159,8.425024,8.485460,8.548572,8.614463,8.683254,8.755067,8.830032,8.908287,8.989977,9.075261,9.164302,9.257276,9.354369,9.455790,9.561744,9.672459,9.788180,9.909167,10.035700,10.168072,10.306608,10.451648,10.603560,10.762741,10.929623,11.104656,11.288342,11.481216,11.683858,11.896892,12.120999,12.356921,12.605455,12.867474,13.143928,13.435850,13.744371,14.070727,14.416269,14.782471,15.170960,15.583511,16.022079,16.488810,16.986052,17.516397,18.082705,18.688082,19.335966,20.030100,20.774591,21.573881,22.432800,23.356533,24.350580,25.420725,26.572908,27.813063,29.146837,30.579189,32.113770,33.752037,35.492016,37.326420,39.240093,41.206310,43.181652,45.098667,46.855675,50.000000
75.000000,68.581779,66.684189,64.390137,61.881699,59.284248,56.682770,54.133419,51.672012,49.320084,47.089176,44.984035,43.004768,41.148460,39.410259,37.784218,36.263771,34.842129,33.512573,32.268543,31.103792,30.012415,28.988903,28.028124,27.125332,26.276157,25.476576,24.722904,24.011751,23.340014,22.704844,22.103653,21.534033,20.993818,20.480986,19.993698,19.530268,19.089132,18.668863,18.268143,17.885750,17.520561,17.171547,16.837744,16.518265,16.212286,15.919044,15.637829,15.367983,15.108891,14.859981,14.620723,14.390616,14.169198,13.956036,13.750718,13.552868,13.362128,13.178164,13.000655,12.829313,12.663859,12.504025,12.349570,12.200262,12.055880,11.916215,11.781073,11.650270,11.523630,11.400988,11.282188,11.167081,11.055523,10.947388,10.842542,10.740867,10.642249,10.546578,10.453754,10.363674,10.276251,10.191390,10.109007,10.029021,9.951358,9.875943,9.802706,9.731579,9.662499,9.595406,9.530242,9.466949,9.405478,9.345776,9.287794,9.231487,9.176813,9.123731,9.072195,9.022171,8.973619,8.926510,8.880806,8.836477,8.793494,8.751826,8.711447,8.672328,8.634448,8.597783,8.562307,8.528004,8.494848,8.462826,8.431915,8.402102,8.373368,8.345700,8.319084,8.293506,8.268953,8.245416,8.222882,8.201343,8.180789,8.161214,8.142610,8.124971,8.108291,8.092566,8.077792,8.063966,8.051086,8.039151,8.028159,8.018110,8.009006,8.000849,7.993640,7.987384,7.982084,7.977748,7.974378,7.971982,7.970570,7.970147,7.970725,7.972313,7.974923,7.978568,7.983260,7.989014,7.995847,8.003773,8.012810,8.022980,8.034299,8.046793,8.060479,8.075386,8.091538,8.108960,8.127684,8.147740,8.169155,8.191968,8.216211,8.241924,8.269145,8.297915,8.328279,8.360282,8.393973,8.429405,8.466628,8.505702,8.546684,8.589642,8.634638,8.681744,8.731033,8.782583,8.836479,8.892805,8.951653,9.013122,9.077312,9.144336,9.214301,9.287335,9.363564,9.443126,9.526164,9.612833,9.703294,9.797721,9.896297,9.999219,10.106693,10.218947,10.336210,10.458739,10.586803,10.720692,10.860709,11.007191,11.160489,11.320985,11.489081,11.665223,11.849881,12.043559,12.246810,12.460221,12.684434,12.920137,13.168079,13.429070,13.703987,13.993787,14.299502,14.622263,14.963298,15.323941,15.705653,16.110022,16.538786,16.993839,17.477249,17.991270,18.538363,19.121206,19.742731,20.406071,21.114668,21.872187,22.682570,23.549971,24.478762,25.473440,26.538517,27.678364,28.896963,30.197538,31.582027,33.050365,34.599388,36.221394,37.902035,39.617435,41.330139,42.983517,44.493969,45.740097,50.000000
75.000000,67.546150,66.156876,64.292389,62.142239,59.840160,57.479397,55.123970,52.816818,50.585823,48.448021,46.412926,44.484673,42.663765,40.948238,39.334526,37.818047,36.393692,35.056076,33.799793,32.619492,31.510056,30.466578,29.484432,28.559296,27.687126,26.864164,26.086956,25.352266,24.657150,23.998859,23.374880,22.782892,22.220757,21.686493,21.178301,20.694492,20.233528,19.793980,19.374519,18.973938,18.591106,18.224974,17.874569,17.538998,17.217422,16.909065,16.613201,16.329163,16.056320,15.794085,15.541914,15.299294,15.065749,14.840831,14.624119,14.415224,14.213773,14.019422,13.831841,13.650728,13.475793,13.306763,13.143383,12.985411,12.832616,12.684788,12.541718,12.403218,12.269101,12.139195,12.013339,11.891374,11.773157,11.658544,11.547404,11.439611,11.335047,11.233595,11.135147,11.039601,10.946860,10.856827,10.769418,10.684543,10.602121,10.522078,10.444342,10.368836,10.295497,10.224262,10.155068,10.087860,10.022576,9.959167,9.897583,9.837774,9.779694,9.723297,9.668542,9.615390,9.563801,9.513739,9.465168,9.418056,9.372368,9.328075,9.285153,9.243567,9.203297,9.164312,9.126592,9.090115,9.054857,9.020801,8.987926,8.956214,8.925650,8.896216,8.867898,8.840684,8.814557,8.789509,8.765527,8.742601,8.720721,8.699881,8.680071,8.661287,8.643522,8.626770,8.611028,8.596291,8.582561,8.569833,8.558107,8.547382,8.537661,8.528945,8.521236,8.514540,8.508858,8.504198,8.500565,8.497967,8.496410,8.495906,8.496464,8.498093,8.500806,8.504617,8.509541,8.515590,8.522783,8.531137,8.540669,8.551401,8.563354,8.576551,8.591013,8.606771,8.623844,8.642266,8.662065,8.683274,8.705927,8.730057,8.755703,8.782905,8.811702,8.842139,8.874263,8.908121,8.943766,8.981249,9.020626,9.061959,9.105312,9.150747,9.198340,9.248157,9.300280,9.354793,9.411774,9.471321,9.533528,9.598498,9.666334,9.737152,9.811074,9.888223,9.968731,10.052746,10.140415,10.231898,10.327364,10.426991,10.530976,10.639516,10.752826,10.871140,10.994699,11.123765,11.258618,11.399552,11.546889,11.700960,11.862138,12.030807,12.207385,12.392319,12.586090,12.789213,13.002252,13.225797,13.460496,13.707048,13.966201,14.238771,14.525635,14.827743,15.146126,15.481901,15.836277,16.210566,16.606199,17.024717,17.467802,17.937275,18.435108,18.963451,19.524603,20.121090,20.755585,21.430975,22.150347,22.916971,23.734259,24.605770,25.535110,26.525879,27.581478,28.704950,29.898684,31.163982,32.500523,33.905521,35.372677,36.890575,38.440681,39.994339,41.508881,42.922123,44.144936,45.050945,50.000000
75.000000,67.234863,66.092148,64.471123,62.548092,60.449955,58.267250,56.063766,53.883739,51.757088,49.703312,47.734367,45.856823,44.073441,42.384251,40.787498,39.280159,37.858494,36.518280,35.255066,34.064384,32.941780,31.882959,30.883783,29.940336,29.048925,28.206062,27.408516,26.653265,25.937494,25.258598,24.614151,24.001926,23.419834,22.865963,22.338531,21.835894,21.356525,20.899014,20.462042,20.044401,19.644964,19.262678,18.896578,18.545748,18.209347,17.886597,17.576757,17.279154,16.993145,16.718130,16.453558,16.198904,15.953678,15.717422,15.489712,15.270140,15.058323,14.853909,14.656562,14.465965,14.281822,14.103852,13.931787,13.765380,13.604392,13.448604,13.297798,13.151782,13.010363,12.873355,12.740597,12.611923,12.487183,12.366229,12.248922,12.135130,12.024732,11.917607,11.813640,11.712727,11.614761,11.519649,11.427291,11.337606,11.250506,11.165912,11.083742,11.003926,10.926394,10.851079,10.777914,10.706841,10.637802,10.570739,10.505598,10.442331,10.380889,10.321222,10.263288,10.207048,10.152456,10.099478,10.048071,9.998205,9.949845,9.902963,9.857521,9.813495,9.770855,9.729576,9.689635,9.651005,9.613665,9.577594,9.542771,9.509179,9.476800,9.445616,9.415611,9.386772,9.359085,9.332537,9.307116,9.282811,9.259614,9.237515,9.216509,9.196585,9.177737,9.159962,9.143255,9.127612,9.113032,9.099511,9.087051,9.075651,9.065311,9.056034,9.047821,9.040679,9.034610,9.029620,9.025717,9.022908,9.021200,9.020604,9.021129,9.022787,9.025591,9.029556,9.034695,9.041024,9.048560,9.057323,9.067331,9.078606,9.091167,9.105042,9.120255,9.136833,9.154800,9.174192,9.195036,9.217367,9.241220,9.266630,9.293639,9.322289,9.352619,9.384678,9.418514,9.454176,9.491716,9.531196,9.572670,9.616199,9.661856,9.709702,9.759814,9.812267,9.867144,9.924526,9.984509,10.047178,10.112643,10.181005,10.252377,10.326873,10.404617,10.485747,10.570397,10.658713,10.750854,10.846980,10.947272,11.051910,11.161100,11.275042,11.393959,11.518088,11.647682,11.783010,11.924355,12.072019,12.226331,12.387633,12.556299,12.732724,12.917333,13.110579,13.312949,13.524964,13.747188,13.980223,14.224716,14.481364,14.750918,15.034191,15.332051,15.645439,15.975375,16.322954,16.689362,17.075876,17.483883,17.914867,18.370455,18.852373,19.362495,19.902836,20.475569,21.082989,21.727575,22.411930,23.138817,23.911098,24.731741,25.603725,26.530014,27.513424,28.556452,29.661114,30.828569,32.058800,33.349976,34.697712,36.094028,37.525928,38.973465,40.407169,41.784489,43.045067,44.104305,44.844681,50.000000
75.000000,67.630302,66.494743,64.943787,63.123104,61.139950,59.072643,56.977749,54.895584,52.854259,50.872868,48.963768,47.134399,45.388607,43.727638,42.150913,40.656548,39.241817,37.903454,36.637836,35.441208,34.309757,33.239727,32.227448,31.269396,30.362200,29.502678,28.687820,27.914812,27.180998,26.483906,25.821241,25.190847,24.590725,24.019016,23.473999,22.954048,22.457689,21.983519,21.530251,21.096674,20.681677,20.284220,19.903320,19.538071,19.187634,18.851221,18.528091,18.217560,17.918980,17.631742,17.355289,17.089088,16.832642,16.585482,16.347168,16.117294,15.895473,15.681335,15.474534,15.274755,15.081684,14.895035,14.714537,14.539931,14.370974,14.207437,14.049096,13.895752,13.747205,13.603272,13.463776,13.328544,13.197424,13.070265,12.946922,12.827260,12.711146,12.598459,12.489081,12.382900,12.279811,12.179709,12.082499,11.988089,11.896388,11.807316,11.720791,11.636734,11.555075,11.475741,11.398669,11.323792,11.251052,11.180386,11.111740,11.045064,10.980304,10.917415,10.856345,10.797055,10.739501,10.683640,10.629436,10.576852,10.525851,10.476403,10.428475,10.382034,10.337053,10.293508,10.251366,10.210606,10.171204,10.133139,10.096389,10.060933,10.026755,9.993836,9.962159,9.931709,9.902472,9.874436,9.847588,9.821917,9.797411,9.774063,9.751863,9.730804,9.710881,9.692087,9.674418,9.657872,9.642444,9.628133,9.614937,9.602859,9.591899,9.582058,9.573339,9.565744,9.559283,9.553958,9.549778,9.546747,9.544878,9.544179,9.544661,9.546336,9.549218,9.553321,9.558659,9.565249,9.573112,9.582263,9.592725,9.604520,9.617667,9.632197,9.648134,9.665503,9.684338,9.704665,9.726521,9.749938,9.774955,9.801607,9.829940,9.859992,9.891809,9.925441,9.960938,9.998351,10.037735,10.079149,10.122656,10.168320,10.216208,10.266390,10.318947,10.373956,10.431499,10.491665,10.554549,10.620246,10.688863,10.760507,10.835290,10.913342,10.994782,11.079753,11.168394,11.260858,11.357303,11.457903,11.562834,11.672289,11.786470,11.905592,12.029879,12.159575,12.294938,12.436238,12.583771,12.737844,12.898786,13.066947,13.242705,13.426466,13.618652,13.819722,14.030169,14.250515,14.481323,14.723199,14.976787,15.242782,15.521930,15.815034,16.122946,16.446606,16.786999,17.145191,17.522354,17.919716,18.338600,18.780449,19.246798,19.739290,20.259691,20.809874,21.391853,22.007753,22.659811,23.350376,24.081898,24.856882,25.677862,26.547354,27.467756,28.441257,29.469673,30.554260,31.695396,32.892250,34.142269,35.440487,36.778656,38.144066,39.517948,40.873459,42.172859,43.363941,44.375221,45.109554,50.000000
75.000000,68.626663,67.304337,65.679832,63.855824,61.910530,59.902931,57.877022,55.865086,53.890411,51.969326,50.112850,48.327972,46.618652,44.986584,43.431812,41.953201,40.548733,39.215847,37.951614,36.752857,35.616341,34.538776,33.516914,32.547615,31.627832,30.754658,29.925314,29.137188,28.387794,27.674826,26.996077,26.349512,25.733219,25.145405,24.584396,24.048635,23.536674,23.047142,22.578770,22.130384,21.700869,21.289198,20.894405,20.515591,20.151909,19.802570,19.466843,19.144028,18.833471,18.534580,18.246775,17.969522,17.702318,17.444691,17.196192,16.956408,16.724945,16.501419,16.285496,16.076836,15.875126,15.680072,15.491399,15.308834,15.132138,14.961068,14.795401,14.634924,14.479440,14.328751,14.182681,14.041055,13.903708,13.770488,13.641246,13.515837,13.394134,13.276004,13.161326,13.049986,12.941873,12.836879,12.734907,12.635860,12.539645,12.446176,12.355370,12.267147,12.181428,12.098146,12.017227,11.938607,11.862222,11.788011,11.715917,11.645882,11.577854,11.511786,11.447625,11.385327,11.324849,11.266147,11.209182,11.153913,11.100307,11.048327,10.997940,10.949115,10.901822,10.856030,10.811713,10.768847,10.727407,10.687368,10.648709,10.611409,10.575451,10.540812,10.507479,10.475433,10.444661,10.415150,10.386884,10.359855,10.334050,10.309460,10.286076,10.263889,10.242895,10.223087,10.204462,10.187013,10.170737,10.155637,10.141708,10.128950,10.117368,10.106958,10.097728,10.089681,10.082819,10.077152,10.072684,10.069427,10.067385,10.066573,10.067000,10.068679,10.071625,10.075850,10.081370,10.088205,10.096374,10.105893,10.116789,10.129078,10.142791,10.157947,10.174578,10.192712,10.212379,10.233611,10.256444,10.280910,10.307052,10.334906,10.364517,10.395928,10.429188,10.464342,10.501447,10.540553,10.581723,10.625010,10.670485,10.718213,10.768262,10.820708,10.875631,10.933108,10.993230,11.056087,11.121776,11.190396,11.262054,11.336864,11.414945,11.496419,11.581421,11.670089,11.762569,11.859021,11.959604,12.064495,12.173874,12.287943,12.406905,12.530978,12.660393,12.795399,12.936255,13.083241,13.236652,13.396800,13.564019,13.738667,13.921120,14.111783,14.311090,14.519496,14.737495,14.965608,15.204404,15.454473,15.716461,15.991057,16.278999,16.581070,16.898117,17.231041,17.580824,17.948492,18.335167,18.742039,19.170372,19.621546,20.097017,20.598320,21.127106,21.685133,22.274242,22.896374,23.553555,24.247885,24.981524,25.756660,26.575468,27.440037,28.352337,29.314083,30.326601,31.390652,32.506218,33.672161,34.885830,36.142582,37.435059,38.752392,40.079033,41.393467,42.666374,43.858418,44.917458,45.775066,50.000000
75.000000,70.052414,68.410973,66.611320,64.706665,62.740929,60.749619,58.760799,56.796181,54.872086,53.000507,51.189831,49.445614,47.771156,46.168022,44.636436,43.175613,41.784008,40.459576,39.199886,38.002281,36.863979,35.782108,34.753838,33.776344,32.846893,31.962826,31.121622,30.320847,29.558214,28.831532,28.138750,27.477930,26.847256,26.245001,25.669569,25.119450,24.593239,24.089611,23.607330,23.145231,22.702234,22.277317,21.869535,21.477991,21.101849,20.740324,20.392679,20.058224,19.736313,19.426332,19.127708,18.839909,18.562424,18.294773,18.036512,17.787209,17.546467,17.313919,17.089191,16.871969,16.661915,16.458735,16.262148,16.071878,15.887678,15.709299,15.536517,15.369112,15.206875,15.049617,14.897145,14.749285,14.605867,14.466737,14.331734,14.200717,14.073549,13.950096,13.830235,13.713845,13.600813,13.491029,13.384389,13.280797,13.180154,13.082374,12.987367,12.895052,12.805349,12.718187,12.633489,12.551189,12.471221,12.393520,12.318030,12.244692,12.173448,12.104247,12.037043,11.971782,11.908422,11.846918,11.787229,11.729314,11.673134,11.618656,11.565844,11.514665,11.465085,11.417078,11.370613,11.325665,11.282208,11.240218,11.199673,11.160547,11.122825,11.086485,11.051509,11.017884,10.985590,10.954615,10.924946,10.896569,10.869473,10.843651,10.819089,10.795783,10.773725,10.752906,10.733326,10.714978,10.697860,10.681969,10.667307,10.653869,10.641661,10.630682,10.620935,10.612427,10.605163,10.599146,10.594385,10.590888,10.588666,10.587729,10.588088,10.589756,10.592749,10.597081,10.602769,10.609828,10.618283,10.628150,10.639454,10.652216,10.666464,10.682222,10.699520,10.718389,10.738855,10.760960,10.784732,10.810210,10.837436,10.866449,10.897295,10.930018,10.964668,11.001295,11.039951,11.080695,11.123587,11.168688,11.216065,11.265784,11.317921,11.372553,11.429755,11.489619,11.552227,11.617681,11.686072,11.757507,11.832097,11.909956,11.991206,12.075972,12.164395,12.256612,12.352780,12.453053,12.557597,12.666595,12.780231,12.898706,13.022230,13.151024,13.285322,13.425377,13.571451,13.723825,13.882801,14.048690,14.221834,14.402585,14.591331,14.788466,14.994432,15.209682,15.434711,15.670033,15.916208,16.173832,16.443535,16.726004,17.021946,17.332140,17.657413,17.998648,18.356770,18.732798,19.127792,19.542902,19.979332,20.438379,20.921412,21.429876,21.965311,22.529327,23.123625,23.749956,24.410151,25.106083,25.839655,26.612764,27.427275,28.284954,29.187420,30.136047,31.131844,32.175350,33.266418,34.403984,35.585869,36.808357,38.065857,39.350395,40.651039,41.953362,43.238636,44.483200,45.657730,46.726807,50.000000
75.000000,71.697433,69.674179,67.646309,65.617172,63.595669,61.592751,59.619526,57.686008,55.800686,53.970322,52.199993,50.493210,48.852127,47.277763,45.770180,44.328709,42.952049,41.638515,40.386051,39.192402,38.055176,36.971878,35.939995,34.957043,34.020561,33.128155,32.277508,31.466398,30.692696,29.954367,29.249489,28.576235,27.932877,27.317793,26.729441,26.166376,25.627239,25.110752,24.615709,24.140989,23.685522,23.248312,22.828434,22.424999,22.037176,21.664204,21.305336,20.959894,20.627226,20.306734,19.997835,19.699993,19.412701,19.135475,18.867863,18.609447,18.359816,18.118586,17.885405,17.659925,17.441828,17.230812,17.026577,16.828861,16.637392,16.451937,16.272259,16.098129,15.929340,15.765694,15.606999,15.453074,15.303746,15.158853,15.018237,14.881747,14.749249,14.620600,14.495675,14.374349,14.256506,14.142036,14.030828,13.922786,13.817803,13.715796,13.616672,13.520346,13.426733,13.335761,13.247355,13.161439,13.077950,12.996824,12.917994,12.841404,12.766996,12.694718,12.624513,12.556336,12.490139,12.425876,12.363502,12.302978,12.244263,12.187322,12.132114,12.078611,12.026778,11.976583,11.927997,11.880992,11.835544,11.791625,11.749210,11.708282,11.668815,11.630792,11.594194,11.559001,11.525201,11.492777,11.461714,11.432001,11.403625,11.376578,11.350849,11.326428,11.303312,11.281490,11.260958,11.241714,11.223754,11.207075,11.191678,11.177559,11.164723,11.153172,11.142907,11.133933,11.126257,11.119882,11.114820,11.111076,11.108663,11.107588,11.107866,11.109511,11.112535,11.116957,11.122791,11.130060,11.138779,11.148972,11.160662,11.173871,11.188628,11.204959,11.222895,11.242464,11.263698,11.286636,11.311312,11.337762,11.366032,11.396161,11.428196,11.462182,11.498172,11.536217,11.576368,11.618692,11.663245,11.710092,11.759300,11.810940,11.865088,11.921822,11.981224,12.043381,12.108386,12.176333,12.247324,12.321466,12.398871,12.479657,12.563949,12.651873,12.743573,12.839191,12.938883,13.042809,13.151140,13.264058,13.381752,13.504425,13.632287,13.765563,13.904497,14.049332,14.200345,14.357811,14.522035,14.693333,14.872038,15.058517,15.253145,15.456327,15.668493,15.890102,16.121632,16.363605,16.616577,16.881119,17.157864,17.447468,17.750647,18.068148,18.400768,18.749361,19.114834,19.498148,19.900324,20.322454,20.765688,21.231230,21.720377,22.234478,22.774944,23.343264,23.940979,24.569687,25.231022,25.926645,26.658241,27.427454,28.235882,29.085037,29.976284,30.910748,31.889286,32.912361,33.979904,35.091267,36.244991,37.438744,38.669136,39.931671,41.220676,42.529469,43.850666,45.176952,46.502396,47.824760,50.000000
75.000000,73.342522,70.943794,68.683418,66.520370,64.431770,62.406040,60.438271,58.527336,56.674019,54.879833,53.146366,51.474903,49.866230,48.320591,46.837727,45.416889,44.056927,42.756329,41.513371,40.326092,39.192429,38.110207,37.077236,36.091293,35.150181,34.251747,33.393883,32.574562,31.791817,31.043762,30.328617,29.644651,28.990250,28.363863,27.764040,27.189377,26.638599,26.110456,25.603790,25.117496,24.650562,24.202000,23.770893,23.356396,22.957676,22.573978,22.204575,21.848793,21.505980,21.175539,20.856907,20.549530,20.252913,19.966564,19.690039,19.422901,19.164759,18.915213,18.673912,18.440506,18.214668,17.996098,17.784496,17.579586,17.381104,17.188805,17.002449,16.821806,16.646662,16.476826,16.312084,16.152267,15.997192,15.846695,15.700611,15.558795,15.421096,15.287379,15.157516,15.031370,14.908830,14.789780,14.674107,14.561708,14.452483,14.346338,14.243178,14.142922,14.045478,13.950770,13.858725,13.769266,13.682323,13.597826,13.515718,13.435935,13.358417,13.283111,13.209959,13.138912,13.069923,13.002941,12.937925,12.874833,12.813619,12.754249,12.696686,12.640890,12.586832,12.534479,12.483800,12.434765,12.387348,12.341524,12.297268,12.254555,12.213364,12.173676,12.135470,12.098728,12.063437,12.029574,11.997133,11.966096,11.936452,11.908189,11.881300,11.855774,11.831602,11.808783,11.787306,11.767168,11.748366,11.730901,11.714768,11.699969,11.686503,11.674376,11.663587,11.654142,11.646048,11.639309,11.633936,11.629935,11.627318,11.626095,11.626279,11.627884,11.630926,11.635421,11.641383,11.648838,11.657801,11.668298,11.680347,11.693979,11.709219,11.726092,11.744633,11.764872,11.786841,11.810575,11.836116,11.863500,11.892769,11.923969,11.957144,11.992343,12.029620,12.069027,12.110619,12.154459,12.200609,12.249134,12.300102,12.353589,12.409670,12.468425,12.529938,12.594298,12.661601,12.731943,12.805429,12.882166,12.962267,13.045856,13.133055,13.224000,13.318832,13.417698,13.520755,13.628167,13.740102,13.856750,13.978297,14.104954,14.236929,14.374454,14.517768,14.667123,14.822785,14.985044,15.154198,15.330563,15.514480,15.706302,15.906414,16.115208,16.333118,16.560600,16.798119,17.046198,17.305370,17.576208,17.859333,18.155376,18.465033,18.789036,19.128157,19.483200,19.855062,20.244640,20.652916,21.080923,21.529734,22.000496,22.494408,23.012714,23.556732,24.127806,24.727346,25.356792,26.017599,26.711243,27.439198,28.202902,29.003742,29.843010,30.721869,31.641315,32.602112,33.604771,34.649464,35.736015,36.863907,38.032284,39.240086,40.486301,41.770401,43.093166,44.457825,45.872131,47.351315,48.922749,50.000000
75.000000,74.786835,72.079666,69.626137,67.350914,65.206108,63.161945,61.200474,59.311169,57.488224,55.728588,54.030674,52.393719,50.817192,49.300568,47.843182,46.444157,45.102386,43.816490,42.584980,41.406158,40.278225,39.199299,38.167450,37.180710,36.237133,35.334766,34.471733,33.646152,32.856258,32.100273,31.376568,30.683519,30.019615,29.383390,28.773474,28.188532,27.627335,27.088690,26.571493,26.074669,25.597235,25.138226,24.696772,24.272013,23.863157,23.469460,23.090204,22.724716,22.372364,22.032557,21.704723,21.388319,21.082851,20.787834,20.502823,20.227379,19.961103,19.703602,19.454529,19.213516,18.980251,18.754416,18.535725,18.323887,18.118639,17.919733,17.726925,17.539982,17.358688,17.182848,17.012253,16.846714,16.686064,16.530119,16.378721,16.231724,16.088964,15.950314,15.815631,15.684789,15.557667,15.434142,15.314110,15.197459,15.084085,14.973893,14.866788,14.762681,14.661487,14.563124,14.467510,14.374573,14.284243,14.196446,14.111120,14.028201,13.947628,13.869346,13.793299,13.719432,13.647697,13.578043,13.510427,13.444805,13.381133,13.319372,13.259485,13.201432,13.145182,13.090702,13.037956,12.986919,12.937563,12.889857,12.843780,12.799305,12.756411,12.715075,12.675282,12.637008,12.600240,12.564957,12.531147,12.498798,12.467896,12.438429,12.410387,12.383761,12.358544,12.334729,12.312310,12.291284,12.271645,12.253392,12.236526,12.221043,12.206946,12.194239,12.182922,12.173001,12.164483,12.157373,12.151679,12.147410,12.144580,12.143194,12.143271,12.144823,12.147863,12.152412,12.158486,12.166106,12.175292,12.186067,12.198454,12.212480,12.228173,12.245562,12.264674,12.285547,12.308214,12.332712,12.359078,12.387352,12.417578,12.449799,12.484068,12.520430,12.558940,12.599650,12.642623,12.687920,12.735597,12.785732,12.838387,12.893645,12.951578,13.012268,13.075804,13.142275,13.211778,13.284412,13.360281,13.439499,13.522177,13.608441,13.698419,13.792243,13.890059,13.992017,14.098273,14.208993,14.324355,14.444536,14.569738,14.700163,14.836028,14.977561,15.124997,15.278601,15.438634,15.605386,15.779152,15.960249,16.149019,16.345808,16.550995,16.764980,16.988186,17.221052,17.464058,17.717695,17.982500,18.259031,18.547880,18.849678,19.165089,19.494822,19.839615,20.200254,20.577572,20.972443,21.385796,21.818590,22.271843,22.746628,23.244049,23.765261,24.311466,24.883896,25.483822,26.112537,26.771332,27.461523,28.184397,28.941210,29.733154,30.561356,31.426836,32.330479,33.273029,34.255089,35.277084,36.339375,37.442307,38.586399,39.772690,41.003235,42.281891,43.615669,45.016548,46.504372,48.111076,49.886875,50.000000
75.000000,75.871048,72.968552,70.394958,68.053963,65.881706,63.836407,61.891209,60.029076,58.239391,56.515697,54.854069,53.252094,51.708218,50.221260,48.790249,47.414165,46.091908,44.822262,43.603886,42.435322,41.315010,40.241314,39.212551,38.226967,37.282864,36.378483,35.512123,34.682095,33.886765,33.124542,32.393867,31.693264,31.021313,30.376633,29.757931,29.163956,28.593525,28.045506,27.518826,27.012470,26.525480,26.056921,25.605949,25.171732,24.753500,24.350506,23.962063,23.587509,23.226217,22.877604,22.541101,22.216185,21.902344,21.599113,21.306038,21.022690,20.748669,20.483583,20.227072,19.978788,19.738403,19.505604,19.280098,19.061594,18.849838,18.644560,18.445534,18.252508,18.065279,17.883627,17.707363,17.536287,17.370224,17.208996,17.052444,16.900402,16.752731,16.609278,16.469908,16.334492,16.202900,16.075018,15.950734,15.829931,15.712507,15.598361,15.487400,15.379532,15.274669,15.172724,15.073620,14.977278,14.883628,14.792596,14.704114,14.618121,14.534552,14.453350,14.374457,14.297821,14.223389,14.151110,14.080938,14.012829,13.946736,13.882624,13.820447,13.760175,13.701764,13.645186,13.590407,13.537396,13.486124,13.436563,13.388688,13.342475,13.297898,13.254938,13.213573,13.173784,13.135552,13.098865,13.063704,13.030053,12.997904,12.967242,12.938057,12.910339,12.884085,12.859282,12.835926,12.814011,12.793538,12.774500,12.756898,12.740733,12.726003,12.712712,12.700862,12.690460,12.681511,12.674020,12.667998,12.663452,12.660394,12.658834,12.658789,12.660272,12.663295,12.667880,12.674045,12.681809,12.691194,12.702223,12.714922,12.729316,12.745433,12.763303,12.782957,12.804432,12.827761,12.852979,12.880127,12.909250,12.940389,12.973587,13.008898,13.046371,13.086057,13.128016,13.172306,13.218990,13.268135,13.319807,13.374077,13.431025,13.490727,13.553267,13.618735,13.687222,13.758824,13.833645,13.911788,13.993370,14.078503,14.167315,14.259933,14.356497,14.457148,14.562038,14.671329,14.785184,14.903782,15.027308,15.155957,15.289936,15.429458,15.574758,15.726070,15.883653,16.047771,16.218719,16.396772,16.582272,16.775534,16.976913,17.186789,17.405540,17.633593,17.871380,18.119368,18.378036,18.647911,18.929535,19.223488,19.530371,19.850832,20.185551,20.535233,20.900631,21.282539,21.681784,22.099236,22.535799,22.992435,23.470125,23.969900,24.492815,25.039980,25.612494,26.211514,26.838192,27.493675,28.179121,28.895653,29.644365,30.426291,31.242407,32.093609,32.980705,33.904419,34.865440,35.864426,36.902134,37.979630,39.098488,40.261353,41.472527,42.739067,44.072350,45.490284,47.020714,48.706192,50.610947,50.000000
75.000000,76.493767,73.536270,70.936554,68.591896,66.432732,64.412392,62.499954,60.675190,58.924984,57.240997,55.617947,54.052448,52.542320,51.086021,49.682369,48.330303,47.028790,45.776733,44.572964,43.416225,42.305176,41.238411,40.214443,39.231781,38.288868,37.384190,36.516186,35.683353,34.884197,34.117249,33.381111,32.674377,31.995731,31.343910,30.717678,30.115847,29.537306,28.980978,28.445845,27.930918,27.435278,26.958046,26.498379,26.055483,25.628603,25.217010,24.820044,24.437044,24.067408,23.710541,23.365902,23.032965,22.711231,22.400236,22.099529,21.808685,21.527300,21.254988,20.991392,20.736162,20.488972,20.249502,20.017464,19.792568,19.574553,19.363148,19.158127,18.959244,18.766281,18.579025,18.397276,18.220846,18.049547,17.883205,17.721647,17.564722,17.412275,17.264156,17.120232,16.980366,16.844431,16.712303,16.583872,16.459023,16.337646,16.219646,16.104921,15.993379,15.884927,15.779484,15.676967,15.577294,15.480395,15.386192,15.294621,15.205615,15.119110,15.035044,14.953363,14.874006,14.796925,14.722069,14.649386,14.578834,14.510364,14.443936,14.379511,14.317050,14.256515,14.197872,14.141088,14.086132,14.032974,13.981584,13.931937,13.884007,13.837771,13.793205,13.750288,13.709002,13.669328,13.631247,13.594746,13.559809,13.526423,13.494578,13.464260,13.435461,13.408171,13.382386,13.358097,13.335301,13.313993,13.294173,13.275836,13.258986,13.243621,13.229742,13.217357,13.206466,13.197078,13.189198,13.182838,13.178004,13.174706,13.172960,13.172777,13.174174,13.177165,13.181768,13.188004,13.195891,13.205454,13.216711,13.229694,13.244428,13.260938,13.279261,13.299425,13.321463,13.345415,13.371317,13.399209,13.429134,13.461137,13.495265,13.531567,13.570094,13.610903,13.654050,13.699596,13.747606,13.798144,13.851281,13.907089,13.965650,14.027038,14.091342,14.158649,14.229054,14.302656,14.379555,14.459862,14.543688,14.631154,14.722381,14.817507,14.916662,15.020000,15.127665,15.239821,15.356635,15.478288,15.604959,15.736850,15.874165,16.017118,16.165943,16.320877,16.482172,16.650093,16.824926,17.006964,17.196529,17.393934,17.599537,17.813698,18.036810,18.269270,18.511509,18.763988,19.027176,19.301579,19.587719,19.886164,20.197496,20.522333,20.861319,21.215137,21.584507,21.970171,22.372923,22.793562,23.232954,23.691978,24.171549,24.672611,25.196144,25.743134,26.314594,26.911551,27.535032,28.186052,28.865622,29.574720,30.314291,31.085222,31.888363,32.724476,33.594299,34.498531,35.437847,36.413067,37.425205,38.475727,39.566853,40.702141,41.887142,43.130589,44.445976,45.853924,47.385536,49.087181,51.027336,50.000000
75.000000,76.619423,73.753990,71.228493,68.948082,66.847466,64.882179,63.022202,61.247494,59.544853,57.905689,56.324455,54.797550,53.322655,51.898163,50.522911,49.195900,47.916203,46.682892,45.494984,44.351418,43.251053,42.192684,41.175049,40.196819,39.256653,38.353207,37.485085,36.650940,35.849415,35.079182,34.338932,33.627399,32.943359,32.285622,31.653017,31.044458,30.458889,29.895275,29.352652,28.830091,28.326691,27.841614,27.374050,26.923223,26.488407,26.068907,25.664057,25.273226,24.895821,24.531254,24.179005,23.838545,23.509392,23.191078,22.883162,22.585226,22.296856,22.017685,21.747347,21.485504,21.231815,20.985977,20.747692,20.516672,20.292650,20.075369,19.864584,19.660063,19.461578,19.268919,19.081884,18.900280,18.723917,18.552624,18.386227,18.224567,18.067490,17.914846,17.766499,17.622311,17.482147,17.345896,17.213430,17.084642,16.959417,16.837660,16.719261,16.604134,16.492182,16.383322,16.277468,16.174540,16.074461,15.977160,15.882565,15.790609,15.701225,15.614356,15.529939,15.447920,15.368239,15.290852,15.215706,15.142753,15.071947,15.003247,14.936610,14.872000,14.809375,14.748700,14.689944,14.633072,14.578055,14.524863,14.473470,14.423847,14.375972,14.329820,14.285374,14.242608,14.201508,14.162051,14.124225,14.088016,14.053406,14.020387,13.988943,13.959069,13.930756,13.903993,13.878777,13.855103,13.832963,13.812361,13.793290,13.775752,13.759748,13.745280,13.732353,13.720970,13.711137,13.702860,13.696151,13.691018,13.687471,13.685525,13.685190,13.686485,13.689424,13.694026,13.700310,13.708299,13.718012,13.729475,13.742717,13.757760,13.774635,13.793378,13.814014,13.836583,13.861119,13.887664,13.916256,13.946941,13.979763,14.014768,14.052010,14.091537,14.133410,14.177687,14.224425,14.273693,14.325555,14.380086,14.437355,14.497445,14.560435,14.626413,14.695465,14.767693,14.843188,14.922059,15.004415,15.090368,15.180039,15.273553,15.371046,15.472652,15.578521,15.688799,15.803657,15.923254,16.047771,16.177397,16.312321,16.452755,16.598913,16.751017,16.909319,17.074062,17.245506,17.423937,17.609648,17.802938,18.004147,18.213598,18.431665,18.658726,18.895168,19.141411,19.397905,19.665110,19.943506,20.233612,20.535959,20.851120,21.179682,21.522255,21.879501,22.252096,22.640738,23.046167,23.469151,23.910480,24.370974,24.851479,25.352865,25.876013,26.421820,26.991199,27.585064,28.204329,28.849876,29.522587,30.223314,30.952845,31.711946,32.501316,33.321629,34.173500,35.057537,35.974388,36.924866,37.910015,38.931404,39.991402,41.093719,42.244095,43.451317,44.728748,46.096397,47.583923,49.234837,51.112370,50.000000
75.000000,76.278023,73.638657,71.280212,69.127831,67.129242,65.248299,63.460285,61.748474,60.101757,58.512775,56.976799,55.490749,54.052635,52.661106,51.315216,50.014153,48.757217,47.543648,46.372665,45.243401,44.154926,43.106228,42.096218,41.123779,40.187733,39.286884,38.420013,37.585911,36.783348,36.011116,35.268036,34.552940,33.864697,33.202168,32.564323,31.950104,31.358517,30.788595,30.239416,29.710096,29.199791,28.707670,28.232975,27.774958,27.332912,26.906158,26.494057,26.095993,25.711386,25.339670,24.980318,24.632832,24.296721,23.971527,23.656820,23.352186,23.057220,22.771551,22.494820,22.226685,21.966810,21.714899,21.470650,21.233776,21.004009,20.781092,20.564781,20.354843,20.151049,19.953192,19.761061,19.574471,19.393221,19.217146,19.046066,18.879829,18.718271,18.561245,18.408611,18.260225,18.115965,17.975698,17.839317,17.706692,17.577726,17.452303,17.330332,17.211710,17.096346,16.984154,16.875042,16.768932,16.665754,16.565422,16.467871,16.373030,16.280830,16.191214,16.104122,16.019489,15.937264,15.857396,15.779832,15.704525,15.631427,15.560494,15.491688,15.424962,15.360282,15.297610,15.236915,15.178158,15.121310,15.066344,15.013228,14.961938,14.912449,14.864736,14.818777,14.774551,14.732039,14.691225,14.652089,14.614619,14.578797,14.544616,14.512060,14.481120,14.451788,14.424056,14.397917,14.373366,14.350400,14.329015,14.309210,14.290985,14.274342,14.259281,14.245807,14.233923,14.223638,14.214957,14.207891,14.202446,14.198638,14.196475,14.195975,14.197151,14.200020,14.204601,14.210915,14.218979,14.228822,14.240466,14.253936,14.269261,14.286470,14.305596,14.326673,14.349733,14.374819,14.401963,14.431213,14.462611,14.496203,14.532038,14.570164,14.610640,14.653518,14.698858,14.746727,14.797183,14.850300,14.906147,14.964799,15.026339,15.090847,15.158407,15.229113,15.303059,15.380350,15.461082,15.545371,15.633329,15.725083,15.820752,15.920470,16.024382,16.132626,16.245363,16.362745,16.484949,16.612146,16.744530,16.882286,17.025623,17.174753,17.329908,17.491322,17.659245,17.833935,18.015671,18.204741,18.401442,18.606102,18.819057,19.040649,19.271255,19.511259,19.761070,20.021116,20.291845,20.573732,20.867262,21.172953,21.491352,21.823017,22.168535,22.528526,22.903637,23.294518,23.701862,24.126398,24.568844,25.029968,25.510538,26.011356,26.533215,27.076933,27.643326,28.233187,28.847332,29.486528,30.151543,30.843075,31.561813,32.308380,33.083336,33.887226,34.720531,35.583736,36.477367,37.402065,38.358727,39.348682,40.373966,41.437759,42.544933,43.702934,44.922878,46.221249,47.622158,49.160454,50.886013,50.000000
75.000000,75.556488,73.247536,71.129562,69.156433,67.295235,65.522812,63.823055,62.185020,60.601311,59.067139,57.579403,56.136124,54.736080,53.378460,52.062683,50.788300,49.554840,48.361797,47.208607,46.094589,45.019020,43.981064,42.979832,42.014347,41.083614,40.186577,39.322186,38.489338,37.686951,36.913925,36.169174,35.451649,34.760284,34.094067,33.452011,32.833122,32.236481,31.661179,31.106325,30.571104,30.054695,29.556320,29.075233,28.610731,28.162123,27.728767,27.310026,26.905312,26.514059,26.135719,25.769775,25.415737,25.073126,24.741491,24.420416,24.109476,23.808292,23.516487,23.233698,22.959597,22.693857,22.436163,22.186230,21.943769,21.708517,21.480211,21.258608,21.043478,20.834589,20.631735,20.434710,20.243309,20.057358,19.876667,19.701073,19.530413,19.364521,19.203251,19.046463,18.894018,18.745781,18.601629,18.461439,18.325096,18.192486,18.063507,17.938053,17.816029,17.697344,17.581900,17.469616,17.360409,17.254198,17.150908,17.050467,16.952805,16.857855,16.765553,16.675840,16.588650,16.503937,16.421637,16.341705,16.264088,16.188742,16.115620,16.044680,15.975881,15.909183,15.844549,15.781943,15.721335,15.662688,15.605972,15.551164,15.498231,15.447148,15.397896,15.350445,15.304778,15.260877,15.218719,15.178288,15.139572,15.102552,15.067220,15.033561,15.001564,14.971220,14.942524,14.915468,14.890046,14.866254,14.844090,14.823551,14.804638,14.787352,14.771692,14.757668,14.745279,14.734534,14.725441,14.718006,14.712241,14.708155,14.705766,14.705081,14.706122,14.708903,14.713445,14.719765,14.727887,14.737832,14.749629,14.763299,14.778877,14.796389,14.815867,14.837347,14.860864,14.886454,14.914160,14.944022,14.976089,15.010402,15.047013,15.085972,15.127337,15.171162,15.217505,15.266438,15.318017,15.372314,15.429404,15.489362,15.552266,15.618201,15.687255,15.759520,15.835088,15.914062,15.996550,16.082659,16.172504,16.266209,16.363899,16.465708,16.571775,16.682249,16.797277,16.917023,17.041655,17.171349,17.306288,17.446672,17.592695,17.744581,17.902546,18.066824,18.237663,18.415323,18.600071,18.792196,18.991999,19.199781,19.415873,19.640625,19.874390,20.117552,20.370501,20.633652,20.907438,21.192312,21.488754,21.797247,22.118319,22.452494,22.800343,23.162445,23.539398,23.931829,24.340385,24.765730,25.208536,25.669508,26.149357,26.648802,27.168560,27.709375,28.271961,28.857027,29.465277,30.097370,30.753963,31.435637,32.142952,32.876415,33.636425,34.423409,35.237671,36.079533,36.949318,37.847382,38.774265,39.730804,40.718292,41.738815,42.795570,43.893467,45.039822,46.245342,47.525490,48.902214,50.406250,50.000000
75.000000,74.583977,72.668365,70.836220,69.074699,67.373634,65.725479,64.124702,62.567593,61.051628,59.575279,58.137657,56.738346,55.377140,54.053963,52.768772,51.521519,50.312046,49.140095,48.005341,46.907326,45.845478,44.819172,43.827663,42.870155,41.945778,41.053642,40.192806,39.362320,38.561184,37.788445,37.043091,36.324181,35.630741,34.961830,34.316509,33.693905,33.093109,32.513290,31.953625,31.413298,30.891569,30.387678,29.900915,29.430609,28.976101,28.536751,28.111971,27.701180,27.303827,26.919376,26.547338,26.187218,25.838554,25.500914,25.173870,24.857029,24.549990,24.252399,23.963898,23.684156,23.412851,23.149679,22.894346,22.646566,22.406076,22.172628,21.945972,21.725870,21.512100,21.304453,21.102722,20.906710,20.716228,20.531101,20.351154,20.176218,20.006149,19.840784,19.679983,19.523605,19.371515,19.223595,19.079716,18.939758,18.803619,18.671179,18.542347,18.417015,18.295092,18.176487,18.061110,17.948881,17.839718,17.733547,17.630285,17.529869,17.432232,17.337303,17.245031,17.155344,17.068188,16.983511,16.901257,16.821381,16.743830,16.668562,16.595531,16.524696,16.456018,16.389458,16.324978,16.262548,16.202131,16.143702,16.087221,16.032673,15.980023,15.929252,15.880330,15.833243,15.787968,15.744485,15.702776,15.662827,15.624623,15.588150,15.553396,15.520353,15.489007,15.459353,15.431384,15.405095,15.380480,15.357537,15.336266,15.316664,15.298732,15.282474,15.267893,15.254993,15.243781,15.234264,15.226453,15.220352,15.215981,15.213346,15.212465,15.213354,15.216029,15.220509,15.226816,15.234968,15.244993,15.256915,15.270761,15.286559,15.304341,15.324137,15.345984,15.369917,15.395977,15.424200,15.454631,15.487317,15.522303,15.559639,15.599377,15.641573,15.686285,15.733572,15.783498,15.836130,15.891539,15.949795,16.010979,16.075167,16.142441,16.212896,16.286621,16.363708,16.444265,16.528395,16.616207,16.707817,16.803352,16.902931,17.006689,17.114769,17.227314,17.344475,17.466410,17.593296,17.725300,17.862610,18.005415,18.153913,18.308325,18.468863,18.635761,18.809263,18.989624,19.177105,19.371988,19.574568,19.785143,20.004038,20.231585,20.468136,20.714056,20.969730,21.235552,21.511942,21.799339,22.098192,22.408976,22.732174,23.068314,23.417906,23.781513,24.159687,24.553030,24.962122,25.387596,25.830067,26.290176,26.768583,27.265924,27.782864,28.320042,28.878109,29.457684,30.059361,30.683718,31.331284,32.002556,32.697956,33.417850,34.162556,34.932289,35.727219,36.547432,37.392986,38.263908,39.160236,40.082104,41.029797,42.003910,43.005463,44.036102,45.098354,46.195873,47.333702,48.518604,49.759167,50.000000
75.000000,73.512741,72.006157,70.472794,68.932899,67.399513,65.881012,64.382973,62.909191,61.462433,60.044731,58.657661,57.302475,55.980160,54.691467,53.436928,52.216946,51.031681,49.881187,48.765327,47.683865,46.636402,45.622475,44.641491,43.692810,42.775703,41.889400,41.033089,40.205917,39.407032,38.635551,37.890587,37.171257,36.476681,35.805992,35.158333,34.532867,33.928780,33.345268,32.781570,32.236916,31.710604,31.201902,30.710154,30.234695,29.774906,29.330177,28.899935,28.483612,28.080687,27.690639,27.312979,26.947239,26.592976,26.249739,25.917139,25.594763,25.282246,24.979219,24.685343,24.400280,24.123718,23.855352,23.594896,23.342073,23.096607,22.858259,22.626776,22.401930,22.183491,21.971258,21.765015,21.564575,21.369749,21.180351,20.996214,20.817173,20.643068,20.473753,20.309074,20.148895,19.993088,19.841518,19.694069,19.550613,19.411047,19.275255,19.143139,19.014591,18.889524,18.767849,18.649464,18.534288,18.422251,18.313265,18.207258,18.104158,18.003899,17.906408,17.811632,17.719501,17.629963,17.542957,17.458441,17.376347,17.296640,17.219267,17.144188,17.071358,17.000736,16.932283,16.865967,16.801744,16.739594,16.679470,16.621355,16.565212,16.511021,16.458755,16.408388,16.359900,16.313267,16.268475,16.225504,16.184340,16.144960,16.107363,16.071526,16.037441,16.005102,15.974499,15.945623,15.918470,15.893035,15.869316,15.847311,15.827019,15.808440,15.791577,15.776436,15.763018,15.751333,15.741385,15.733184,15.726742,15.722067,15.719174,15.718081,15.718800,15.721349,15.725748,15.732018,15.740179,15.750257,15.762279,15.776268,15.792257,15.810275,15.830358,15.852533,15.876849,15.903333,15.932032,15.962986,15.996244,16.031853,16.069862,16.110325,16.153296,16.198832,16.247000,16.297855,16.351469,16.407915,16.467264,16.529587,16.594975,16.663502,16.735268,16.810356,16.888865,16.970898,17.056561,17.145962,17.239216,17.336445,17.437782,17.543354,17.653296,17.767759,17.886896,18.010862,18.139822,18.273956,18.413437,18.558464,18.709225,18.865942,19.028824,19.198101,19.374006,19.556805,19.746737,19.944084,20.149141,20.362192,20.583551,20.813545,21.052515,21.300814,21.558807,21.826887,22.105446,22.394911,22.695700,23.008280,23.333107,23.670671,24.021463,24.386005,24.764824,25.158468,25.567492,25.992460,26.433956,26.892559,27.368868,27.863457,28.376921,28.909834,29.462753,30.036221,30.630758,31.246840,31.884903,32.545322,33.228436,33.934483,34.663631,35.415962,36.191463,36.989986,37.811298,38.655045,39.520695,40.407608,41.314945,42.241676,43.186394,44.147316,45.121880,46.106358,47.095161,48.079655,49.046257,50.000000
75.000000,72.497391,71.368896,70.114632,68.783897,67.410057,66.015823,64.616776,63.223671,61.844112,60.483490,59.145741,57.833710,56.549538,55.294762,54.070526,52.877609,51.716545,50.587612,49.490910,48.426369,47.393776,46.392811,45.423019,44.483887,43.574821,42.695160,41.844219,41.021248,40.225491,39.456161,38.712448,37.993572,37.298721,36.627113,35.977951,35.350452,34.743874,34.157452,33.590469,33.042221,32.512020,31.999189,31.503103,31.023123,30.558659,30.109129,29.673973,29.252659,28.844667,28.449511,28.066704,27.695795,27.336348,26.987946,26.650171,26.322651,26.005013,25.696901,25.397974,25.107904,24.826391,24.553120,24.287821,24.030214,23.780029,23.537022,23.300945,23.071577,22.848688,22.632071,22.421515,22.216833,22.017838,21.824343,21.636179,21.453192,21.275206,21.102081,20.933664,20.769821,20.610416,20.455328,20.304422,20.157583,20.014694,19.875654,19.740355,19.608692,19.480576,19.355909,19.234602,19.116570,19.001732,18.890007,18.781326,18.675606,18.572790,18.472803,18.375586,18.281071,18.189203,18.099926,18.013187,17.928932,17.847113,17.767683,17.690596,17.615812,17.543283,17.472979,17.404856,17.338882,17.275019,17.213240,17.153509,17.095806,17.040094,16.986357,16.934565,16.884695,16.836727,16.790644,16.746429,16.704060,16.663525,16.624809,16.587900,16.552790,16.519464,16.487915,16.458139,16.430128,16.403875,16.379381,16.356644,16.335661,16.316433,16.298964,16.283257,16.269316,16.257145,16.246759,16.238159,16.231358,16.226370,16.223209,16.221884,16.222416,16.224817,16.229116,16.235325,16.243473,16.253578,16.265671,16.279778,16.295925,16.314150,16.334480,16.356953,16.381603,16.408476,16.437605,16.469042,16.502825,16.539005,16.577633,16.618761,16.662451,16.708752,16.757732,16.809454,16.863983,16.921389,16.981749,17.045137,17.111637,17.181332,17.254313,17.330669,17.410501,17.493902,17.580982,17.671856,17.766634,17.865440,17.968399,18.075642,18.187304,18.303539,18.424488,18.550314,18.681183,18.817255,18.958721,19.105768,19.258587,19.417391,19.582390,19.753807,19.931873,20.116837,20.308956,20.508486,20.715715,20.930935,21.154430,21.386536,21.627571,21.877882,22.137814,22.407743,22.688051,22.979149,23.281435,23.595337,23.921312,24.259794,24.611275,24.976219,25.355143,25.748529,26.156908,26.580801,27.020735,27.477243,27.950861,28.442118,28.951527,29.479605,30.026834,30.593693,31.180605,31.787979,32.416149,33.065411,33.735973,34.427986,35.141514,35.876461,36.632652,37.409733,38.207184,39.024239,39.859859,40.712646,41.580677,42.461342,43.351036,44.244713,45.135174,46.012028,46.860161,47.657322,48.370621,50.000000
75.000000,71.675240,70.853577,69.830353,68.676224,67.439827,66.154694,64.844093,63.524246,62.206585,60.899220,59.607960,58.337013,57.089432,55.867470,54.672737,53.506386,52.369240,51.261780,50.184311,49.136917,48.119522,47.131950,46.173866,45.244884,44.344513,43.472210,42.627377,41.809372,41.017513,40.251114,39.509472,38.791866,38.097549,37.425793,36.775902,36.147144,35.538799,34.950191,34.380642,33.829491,33.296059,32.779751,32.279938,31.796038,31.327478,30.873701,30.434175,30.008385,29.595829,29.196032,28.808538,28.432898,28.068687,27.715509,27.372955,27.040659,26.718252,26.405388,26.101742,25.806986,25.520813,25.242933,24.973063,24.710930,24.456274,24.208849,23.968420,23.734745,23.507618,23.286816,23.072144,22.863409,22.660419,22.463003,22.270985,22.084194,21.902485,21.725695,21.553686,21.386312,21.223446,21.064949,20.910707,20.760597,20.614502,20.472315,20.333935,20.199251,20.068174,19.940607,19.816463,19.695654,19.578098,19.463715,19.352425,19.244167,19.138857,19.036434,18.936834,18.839993,18.745853,18.654358,18.565451,18.479080,18.395199,18.313757,18.234705,18.158003,18.083612,18.011494,17.941599,17.873899,17.808365,17.744957,17.683643,17.624401,17.567200,17.512012,17.458817,17.407589,17.358305,17.310947,17.265503,17.221947,17.180267,17.140448,17.102480,17.066347,17.032043,16.999563,16.968889,16.940020,16.912958,16.887691,16.864220,16.842546,16.822666,16.804588,16.788311,16.773838,16.761179,16.750341,16.741333,16.734163,16.728849,16.725401,16.723833,16.724157,16.726395,16.730572,16.736700,16.744808,16.754915,16.767054,16.781242,16.797523,16.815916,16.836460,16.859192,16.884142,16.911356,16.940876,16.972744,17.007006,17.043709,17.082903,17.124647,17.168991,17.216000,17.265726,17.318243,17.373613,17.431910,17.493208,17.557581,17.625113,17.695883,17.769985,17.847511,17.928556,18.013224,18.101616,18.193851,18.290030,18.390282,18.494732,18.603508,18.716751,18.834602,18.957207,19.084730,19.217323,19.355171,19.498432,19.647306,19.801977,19.962652,20.129543,20.302862,20.482845,20.669727,20.863756,21.065193,21.274311,21.491385,21.716715,21.950598,22.193354,22.445318,22.706818,22.978216,23.259882,23.552195,23.855549,24.170338,24.496990,24.835938,25.187614,25.552473,25.930979,26.323605,26.730816,27.153103,27.590942,28.044819,28.515221,29.002615,29.507462,30.030212,30.571295,31.131102,31.709997,32.308300,32.926285,33.564159,34.222042,34.899986,35.597939,36.315701,37.052921,37.809090,38.583405,39.374798,40.181789,41.002323,41.833607,42.671753,43.511360,44.344807,45.161285,45.945259,46.674393,47.316265,47.823776,50.000000
75.000000,71.149895,70.534554,69.673355,68.648407,67.516670,66.317902,65.079865,63.822086,62.558395,61.298561,60.049679,58.816803,57.603638,56.412876,55.246510,54.105938,52.992180,51.905926,50.847599,49.817417,48.815434,47.841576,46.895618,45.977268,45.086140,44.221779,43.383694,42.571316,41.784065,41.021332,40.282482,39.566845,38.873787,38.202641,37.552727,36.923393,36.313995,35.723896,35.152424,34.598991,34.062992,33.543804,33.040871,32.553627,32.081516,31.624029,31.180645,30.750866,30.334225,29.930256,29.538513,29.158571,28.790016,28.432446,28.085489,27.748774,27.421953,27.104675,26.796625,26.497480,26.206947,25.924734,25.650566,25.384171,25.125294,24.873693,24.629122,24.391371,24.160213,23.935436,23.716841,23.504236,23.297438,23.096268,22.900553,22.710131,22.524843,22.344538,22.169071,21.998297,21.832094,21.670326,21.512863,21.359594,21.210402,21.065176,20.923811,20.786207,20.652260,20.521887,20.394991,20.271486,20.151289,20.034321,19.920504,19.809761,19.702028,19.597237,19.495317,19.396214,19.299860,19.206200,19.115175,19.026741,18.940844,18.857430,18.776461,18.697889,18.621672,18.547771,18.476145,18.406761,18.339582,18.274574,18.211710,18.150957,18.092289,18.035681,17.981100,17.928535,17.877956,17.829348,17.782688,17.737957,17.695150,17.654243,17.615225,17.578081,17.542810,17.509396,17.477833,17.448118,17.420242,17.394203,17.370003,17.347633,17.327101,17.308411,17.291557,17.276546,17.263393,17.252096,17.242668,17.235121,17.229464,17.225714,17.223883,17.223988,17.226040,17.230072,17.236099,17.244141,17.254223,17.266380,17.280628,17.297003,17.315535,17.336258,17.359207,17.384420,17.411936,17.441801,17.474058,17.508745,17.545919,17.585629,17.627926,17.672871,17.720516,17.770931,17.824179,17.880322,17.939434,18.001587,18.066864,18.135336,18.207100,18.282234,18.360836,18.442999,18.528828,18.618420,18.711887,18.809355,18.910927,19.016737,19.126917,19.241590,19.360905,19.485016,19.614071,19.748228,19.887659,20.032532,20.183037,20.339359,20.501699,20.670261,20.845259,21.026917,21.215469,21.411152,21.614227,21.824949,22.043592,22.270439,22.505789,22.749939,23.003208,23.265926,23.538429,23.821070,24.114212,24.418215,24.733473,25.060387,25.399345,25.750772,26.115082,26.492710,26.884089,27.289650,27.709846,28.145109,28.595877,29.062582,29.545652,30.045494,30.562490,31.097017,31.649406,32.219963,32.808933,33.416538,34.042873,34.688023,35.351971,36.034534,36.735432,37.454212,38.190216,38.942482,39.709686,40.490044,41.281094,42.079422,42.880344,43.677303,44.461124,45.218769,45.931725,46.573505,47.106079,47.474789,50.000000
75.000000,70.979980,70.455414,69.676102,68.724541,67.658607,66.519005,65.334435,64.125244,62.905880,61.686691,60.475163,59.276711,58.095287,56.933811,55.794395,54.678616,53.587593,52.522114,51.482716,50.469704,49.483227,48.523285,47.589745,46.682411,45.800980,44.945076,44.114292,43.308136,42.526119,41.767670,41.032253,40.319271,39.628120,38.958225,38.308964,37.679733,37.069920,36.478939,35.906189,35.351093,34.813091,34.291607,33.786106,33.296066,32.820946,32.360260,31.913507,31.480227,31.059958,30.652256,30.256689,29.872858,29.500347,29.138781,28.787786,28.447010,28.116102,27.794739,27.482597,27.179371,26.884762,26.598495,26.320292,26.049892,25.787039,25.531498,25.283026,25.041410,24.806429,24.577875,24.355549,24.139265,23.928831,23.724075,23.524832,23.330931,23.142214,22.958542,22.779758,22.605724,22.436310,22.271385,22.110826,21.954514,21.802332,21.654175,21.509932,21.369499,21.232786,21.099689,20.970129,20.844013,20.721252,20.601776,20.485500,20.372356,20.262268,20.155172,20.050999,19.949684,19.851171,19.755402,19.662317,19.571869,19.484001,19.398666,19.315825,19.235420,19.157415,19.081774,19.008455,18.937414,18.868629,18.802052,18.737663,18.675430,18.615320,18.557312,18.501377,18.447496,18.395639,18.345793,18.297939,18.252056,18.208130,18.166143,18.126087,18.087948,18.051714,18.017380,17.984932,17.954372,17.925690,17.898884,17.873949,17.850891,17.829704,17.810389,17.792957,17.777405,17.763742,17.751984,17.742128,17.734188,17.728176,17.724108,17.721998,17.721859,17.723713,17.727579,17.733479,17.741430,17.751467,17.763607,17.777884,17.794321,17.812960,17.833824,17.856958,17.882397,17.910173,17.940336,17.972929,18.008003,18.045597,18.085764,18.128563,18.174046,18.222277,18.273310,18.327217,18.384060,18.443914,18.506849,18.572947,18.642282,18.714945,18.791019,18.870598,18.953777,19.040659,19.131342,19.225941,19.324570,19.427341,19.534380,19.645815,19.761786,19.882423,20.007881,20.138308,20.273861,20.414701,20.561007,20.712952,20.870729,21.034529,21.204546,21.380997,21.564098,21.754076,21.951162,22.155607,22.367668,22.587593,22.815672,23.052177,23.297401,23.551657,23.815256,24.088507,24.371759,24.665348,24.969633,25.284971,25.611731,25.950293,26.301048,26.664381,27.040693,27.430389,27.833860,28.251514,28.683767,29.130993,29.593582,30.071917,30.566355,31.077236,31.604870,32.149548,32.711506,33.290939,33.888004,34.502762,35.135227,35.785294,36.452751,37.137245,37.838264,38.555027,39.286530,40.031322,40.787472,41.552349,42.322334,43.092449,43.855782,44.602699,45.319649,45.987492,46.579082,47.055843,47.362774,50.000000
75.000000,71.174286,70.625305,69.847092,68.912247,67.872253,66.763695,65.612701,64.437881,63.252689,62.066826,60.887341,59.719421,58.566887,57.432583,56.318588,55.226479,54.157410,53.112198,52.091412,51.095428,50.124454,49.178543,48.257660,47.361641,46.490273,45.643257,44.820244,44.020832,43.244564,42.490978,41.759583,41.049835,40.361221,39.693184,39.045174,38.416634,37.807011,37.215740,36.642292,36.086124,35.546673,35.023445,34.515911,34.023579,33.545948,33.082542,32.632900,32.196579,31.773129,31.362118,30.963146,30.575817,30.199741,29.834543,29.479868,29.135372,28.800714,28.475582,28.159651,27.852640,27.554243,27.264191,26.982218,26.708063,26.441479,26.182226,25.930079,25.684809,25.446215,25.214081,24.988220,24.768433,24.554544,24.346378,24.143766,23.946545,23.754553,23.567654,23.385693,23.208530,23.036037,22.868084,22.704548,22.545305,22.390247,22.239258,22.092237,21.949076,21.809683,21.673964,21.541821,21.413174,21.287937,21.166027,21.047371,20.931894,20.819517,20.710182,20.603815,20.500357,20.399744,20.301918,20.206825,20.114412,20.024626,19.937418,19.852741,19.770550,19.690804,19.613459,19.538481,19.465822,19.395454,19.327347,19.261467,19.197775,19.136253,19.076870,19.019604,18.964426,18.911316,18.860254,18.811216,18.764196,18.719166,18.676117,18.635036,18.595907,18.558723,18.523474,18.490150,18.458748,18.429262,18.401691,18.376026,18.352270,18.330427,18.310490,18.292473,18.276375,18.262199,18.249962,18.239666,18.231323,18.224945,18.220547,18.218142,18.217741,18.219372,18.223055,18.228802,18.236641,18.246599,18.258703,18.272976,18.289448,18.308157,18.329132,18.352407,18.378023,18.406025,18.436443,18.469330,18.504734,18.542696,18.583273,18.626514,18.672480,18.721228,18.772816,18.827316,18.884789,18.945312,19.008949,19.075790,19.145903,19.219376,19.296297,19.376760,19.460855,19.548687,19.640356,19.735968,19.835638,19.939484,20.047623,20.160189,20.277308,20.399126,20.525778,20.657419,20.794197,20.936285,21.083841,21.237045,21.396080,21.561132,21.732399,21.910084,22.094402,22.285570,22.483824,22.689384,22.902512,23.123453,23.352472,23.589844,23.835846,24.090771,24.354918,24.628595,24.912113,25.205803,25.510000,25.825037,26.151274,26.489054,26.838739,27.200703,27.575294,27.962902,28.363880,28.778608,29.207438,29.650730,30.108839,30.582077,31.070776,31.575222,32.095680,32.632397,33.185558,33.755318,34.341759,34.944942,35.564800,36.201202,36.853897,37.522511,38.206490,38.905064,39.617184,40.341473,41.076019,41.818283,42.564812,43.310890,44.050049,44.773354,45.468334,46.117634,46.696831,47.171604,47.493553,50.000000
75.000000,71.693367,71.019539,70.171272,69.202660,68.152718,67.049652,65.913895,64.760307,63.599754,62.440250,61.287716,60.146584,59.020149,57.910934,56.820827,55.751266,54.703335,53.677807,52.675282,51.696129,50.740585,49.808773,48.900677,48.016216,47.155220,46.317429,45.502605,44.710365,43.940342,43.192116,42.465256,41.759289,41.073742,40.408119,39.761906,39.134624,38.525742,37.934750,37.361130,36.804390,36.264038,35.739586,35.230515,34.736378,34.256721,33.791069,33.338997,32.900059,32.473846,32.059948,31.657965,31.267523,30.888248,30.519783,30.161776,29.813892,29.475809,29.147217,28.827806,28.517288,28.215382,27.921818,27.636330,27.358669,27.088589,26.825855,26.570248,26.321545,26.079535,25.844019,25.614809,25.391706,25.174541,24.963127,24.757309,24.556921,24.361811,24.171829,23.986828,23.806671,23.631229,23.460369,23.293974,23.131914,22.974087,22.820377,22.670677,22.524891,22.382915,22.244656,22.110023,21.978931,21.851294,21.727032,21.606066,21.488323,21.373732,21.262220,21.153723,21.048178,20.945526,20.845703,20.748653,20.654329,20.562672,20.473637,20.387173,20.303238,20.221786,20.142778,20.066177,19.991940,19.920027,19.850416,19.783068,19.717957,19.655048,19.594315,19.535736,19.479286,19.424942,19.372683,19.322487,19.274340,19.228222,19.184126,19.142029,19.101921,19.063795,19.027639,18.993444,18.961208,18.930923,18.902584,18.876192,18.851742,18.829237,18.808681,18.790073,18.773417,18.758724,18.746000,18.735250,18.726496,18.719736,18.714989,18.712271,18.711596,18.712988,18.716459,18.722036,18.729738,18.739594,18.751627,18.765863,18.782341,18.801085,18.822130,18.845516,18.871275,18.899450,18.930084,18.963217,18.998903,19.037182,19.078112,19.121742,19.168129,19.217335,19.269417,19.324440,19.382475,19.443590,19.507858,19.575354,19.646162,19.720358,19.798040,19.879288,19.964205,20.052879,20.145420,20.241938,20.342533,20.447330,20.556446,20.670004,20.788141,20.910988,21.038691,21.171385,21.309237,21.452394,21.601028,21.755310,21.915413,22.081528,22.253834,22.432545,22.617859,22.809988,23.009161,23.215601,23.429539,23.651228,23.880928,24.118881,24.365372,24.620665,24.885061,25.158834,25.442301,25.735750,26.039520,26.353918,26.679266,27.015905,27.364164,27.724375,28.096889,28.482040,28.880157,29.291590,29.716652,30.155666,30.608950,31.076778,31.559444,32.057190,32.570240,33.098793,33.643005,34.202984,34.778782,35.370411,35.977806,36.600788,37.239105,37.892380,38.560070,39.241474,39.935623,40.641254,41.356701,42.079742,42.807449,43.535835,44.259598,44.971485,45.661575,46.316254,46.916698,47.436924,47.840855,50.000000
75.000000,72.457214,71.584778,70.613327,69.572624,68.485054,67.367386,66.232262,65.089211,63.945431,62.806473,61.676540,60.558899,59.456093,58.370102,57.302460,56.254383,55.226799,54.220409,53.235752,52.273197,51.333000,50.415272,49.520058,48.647312,47.796902,46.968674,46.162350,45.377678,44.614307,43.871880,43.150017,42.448318,41.766338,41.103622,40.459743,39.834213,39.226566,38.636353,38.063084,37.506294,36.965523,36.440315,35.930191,35.434731,34.953484,34.486034,34.031948,33.590820,33.162254,32.745853,32.341251,31.948069,31.565954,31.194569,30.833563,30.482620,30.141420,29.809671,29.487066,29.173328,28.868181,28.571367,28.282616,28.001688,27.728350,27.462364,27.203514,26.951586,26.706367,26.467665,26.235289,26.009054,25.788773,25.574289,25.365425,25.162025,24.963942,24.771017,24.583120,24.400101,24.221836,24.048193,23.879055,23.714298,23.553810,23.397486,23.245213,23.096893,22.952427,22.811722,22.674686,22.541231,22.411278,22.284739,22.161539,22.041601,21.924866,21.811245,21.700684,21.593113,21.488478,21.386711,21.287764,21.191576,21.098099,21.007282,20.919079,20.833441,20.750328,20.669697,20.591509,20.515720,20.442305,20.371222,20.302441,20.235931,20.171663,20.109610,20.049746,19.992044,19.936485,19.883047,19.831709,19.782455,19.735268,19.690128,19.647032,19.605957,19.566896,19.529842,19.494785,19.461718,19.430634,19.401535,19.374413,19.349270,19.326105,19.304918,19.285715,19.268499,19.253281,19.240061,19.228851,19.219666,19.212511,19.207401,19.204359,19.203390,19.204515,19.207760,19.213142,19.220680,19.230406,19.242344,19.256517,19.272966,19.291714,19.312794,19.336250,19.362112,19.390421,19.421225,19.454561,19.490477,19.529024,19.570251,19.614212,19.660961,19.710564,19.763075,19.818558,19.877081,19.938719,20.003534,20.071613,20.143030,20.217869,20.296211,20.378151,20.463785,20.553207,20.646517,20.743822,20.845230,20.950863,21.060823,21.175249,21.294266,21.418005,21.546602,21.680206,21.818964,21.963032,22.112574,22.267754,22.428740,22.595718,22.768877,22.948402,23.134501,23.327375,23.527235,23.734310,23.948824,24.171013,24.401115,24.639387,24.886082,25.141468,25.405806,25.679388,25.962490,26.255398,26.558416,26.871845,27.195978,27.531137,27.877626,28.235760,28.605848,28.988203,29.383127,29.790932,30.211905,30.646338,31.094498,31.556646,32.033028,32.523838,33.029282,33.549526,34.084671,34.634811,35.199982,35.780136,36.375206,36.985020,37.609333,38.247791,38.899918,39.565083,40.242504,40.931133,41.629669,42.336395,43.049149,43.765110,44.480602,45.190811,45.889381,46.567886,47.215157,47.816261,48.351334,50.000000
75.000000,73.357628,72.247444,71.123398,69.988571,68.846809,67.702087,66.558189,65.418533,64.286102,63.163502,62.052933,60.956295,59.875168,58.810860,57.764496,56.736969,55.729031,54.741257,53.774090,52.827896,51.902897,50.999229,50.116955,49.256046,48.416443,47.597973,46.800461,46.023663,45.267307,44.531075,43.814640,43.117622,42.439655,41.780312,41.139210,40.515903,39.909981,39.321022,38.748558,38.192188,37.651451,37.125938,36.615215,36.118862,35.636467,35.167629,34.711945,34.269024,33.838493,33.419968,33.013111,32.617542,32.232944,31.858963,31.495285,31.141596,30.797588,30.462973,30.137465,29.820778,29.512659,29.212843,28.921080,28.637123,28.360758,28.091740,27.829861,27.574915,27.326687,27.084986,26.849632,26.620438,26.397224,26.179825,25.968073,25.761822,25.560907,25.365187,25.174522,24.988777,24.807819,24.631519,24.459753,24.292412,24.129377,23.970537,23.815794,23.665037,23.518179,23.375120,23.235767,23.100035,22.967842,22.839106,22.713747,22.591696,22.472872,22.357212,22.244650,22.135117,22.028557,21.924906,21.824108,21.726114,21.630867,21.538317,21.448416,21.361120,21.276386,21.194174,21.114437,21.037138,20.962248,20.889727,20.819542,20.751665,20.686062,20.622715,20.561588,20.502659,20.445906,20.391308,20.338850,20.288502,20.240259,20.194099,20.150011,20.107977,20.067993,20.030048,19.994135,19.960243,19.928368,19.898506,19.870657,19.844820,19.820990,19.799171,19.779373,19.761591,19.745832,19.732113,19.720432,19.710806,19.703243,19.697758,19.694368,19.693087,19.693930,19.696922,19.702087,19.709442,19.719011,19.730822,19.744904,19.761288,19.780005,19.801088,19.824575,19.850498,19.878902,19.909828,19.943317,19.979424,20.018187,20.059656,20.103895,20.150949,20.200886,20.253757,20.309631,20.368578,20.430660,20.495955,20.564533,20.636477,20.711864,20.790785,20.873327,20.959581,21.049646,21.143620,21.241606,21.343712,21.450050,21.560740,21.675905,21.795666,21.920160,22.049511,22.183874,22.323383,22.468203,22.618481,22.774382,22.936075,23.103737,23.277542,23.457689,23.644361,23.837765,24.038103,24.245583,24.460434,24.682873,24.913143,25.151470,25.398108,25.653309,25.917328,26.190424,26.472872,26.764935,27.066902,27.379053,27.701672,28.035038,28.379448,28.735184,29.102539,29.481787,29.873222,30.277105,30.693705,31.123280,31.566063,32.022293,32.492157,32.975853,33.473530,33.985336,34.511341,35.051609,35.606152,36.174919,36.757835,37.354740,37.965393,38.589508,39.226685,39.876431,40.538136,41.211052,41.894344,42.586910,43.287514,43.994667,44.706638,45.421440,46.136795,46.850189,47.558952,48.260532,48.952858,50.000000
75.000000,74.273697,72.924294,71.644379,70.411438,69.211433,68.035881,66.879814,65.740562,64.616882,63.508411,62.415359,61.338135,60.277359,59.233650,58.207649,57.199951,56.211060,55.241444,54.291466,53.361397,52.451454,51.561798,50.692474,49.843487,49.014812,48.206310,47.417843,46.649208,45.900188,45.170486,44.459824,43.767876,43.094318,42.438770,41.800858,41.180229,40.576469,39.989174,39.417961,38.862434,38.322159,37.796776,37.285851,36.789024,36.305893,35.836067,35.379169,34.934845,34.502720,34.082443,33.673676,33.276073,32.889305,32.513062,32.147018,31.790890,31.444368,31.107176,30.779032,30.459671,30.148832,29.846266,29.551731,29.264988,28.985809,28.713980,28.449284,28.191511,27.940472,27.695967,27.457817,27.225840,26.999859,26.779711,26.565237,26.356272,26.152679,25.954306,25.761017,25.572670,25.389143,25.210302,25.036036,24.866219,24.700745,24.539501,24.382385,24.229296,24.080132,23.934807,23.793224,23.655302,23.520952,23.390097,23.262653,23.138550,23.017721,22.900085,22.785582,22.674150,22.565723,22.460243,22.357656,22.257900,22.160936,22.066702,21.975155,21.886242,21.799931,21.716169,21.634922,21.556152,21.479820,21.405893,21.334335,21.265120,21.198215,21.133595,21.071230,21.011095,20.953173,20.897442,20.843870,20.792452,20.743164,20.695993,20.650930,20.607952,20.567055,20.528229,20.491461,20.456749,20.424086,20.393467,20.364895,20.338360,20.313864,20.291414,20.271009,20.252653,20.236353,20.222120,20.209957,20.199881,20.191896,20.186022,20.182270,20.180655,20.181204,20.183922,20.188841,20.195982,20.205370,20.217030,20.230989,20.247276,20.265932,20.286980,20.310457,20.336403,20.364862,20.395868,20.429466,20.465708,20.504635,20.546297,20.590755,20.638062,20.688267,20.741442,20.797640,20.856939,20.919395,20.985086,21.054090,21.126478,21.202335,21.281742,21.364790,21.451571,21.542173,21.636705,21.735266,21.837957,21.944895,22.056187,22.171961,22.292339,22.417448,22.547415,22.682388,22.822502,22.967909,23.118763,23.275219,23.437449,23.605606,23.779882,23.960451,24.147501,24.341223,24.541819,24.749495,24.964451,25.186916,25.417103,25.655247,25.901579,26.156338,26.419765,26.692104,26.973625,27.264568,27.565212,27.875803,28.196609,28.527895,28.869940,29.222994,29.587328,29.963202,30.350859,30.750561,31.162527,31.586998,32.024185,32.474277,32.937454,33.413876,33.903667,34.406933,34.923737,35.454121,35.998077,36.555557,37.126472,37.710686,38.308002,38.918148,39.540867,40.175770,40.822506,41.480621,42.149704,42.829353,43.519264,44.219334,44.929798,45.651474,46.386150,47.137100,47.910023,48.714241,49.564819,50.000000
75.000000,75.087952,73.533699,72.119759,70.802277,69.552277,68.350601,67.184845,66.047134,64.932503,63.837997,62.761967,61.703548,60.662476,59.638729,58.632515,57.644100,56.673828,55.722008,54.788887,53.874741,52.979736,52.104004,51.247631,50.410637,49.592987,48.794617,48.015388,47.255154,46.513710,45.790848,45.086288,44.399761,43.730965,43.079575,42.445251,41.827663,41.226460,40.641251,40.071697,39.517406,38.978008,38.453140,37.942432,37.445511,36.962009,36.491570,36.033829,35.588459,35.155090,34.733406,34.323067,33.923752,33.535152,33.156948,32.788857,32.430576,32.081818,31.742325,31.411816,31.090038,30.776731,30.471664,30.174591,29.885286,29.603521,29.329086,29.061779,28.801386,28.547728,28.300600,28.059826,27.825241,27.596659,27.373920,27.156876,26.945360,26.739233,26.538343,26.342560,26.151745,25.965775,25.784519,25.607864,25.435692,25.267883,25.104336,24.944950,24.789618,24.638250,24.490753,24.347029,24.206995,24.070568,23.937668,23.808216,23.682140,23.559366,23.439825,23.323450,23.210176,23.099945,22.992695,22.888367,22.786909,22.688271,22.592402,22.499247,22.408768,22.320917,22.235657,22.152933,22.072725,21.994989,21.919689,21.846792,21.776268,21.708088,21.642221,21.578644,21.517328,21.458254,21.401398,21.346743,21.294270,21.243956,21.195787,21.149759,21.105848,21.064047,21.024345,20.986736,20.951208,20.917759,20.886387,20.857086,20.829853,20.804695,20.781607,20.760595,20.741661,20.724813,20.710054,20.697403,20.686859,20.678440,20.672159,20.668030,20.666067,20.666290,20.668718,20.673376,20.680281,20.689459,20.700937,20.714745,20.730909,20.749462,20.770439,20.793877,20.819805,20.848270,20.879313,20.912975,20.949305,20.988344,21.030151,21.074774,21.122265,21.172686,21.226093,21.282555,21.342134,21.404898,21.470915,21.540258,21.613010,21.689247,21.769056,21.852524,21.939734,22.030779,22.125771,22.224791,22.327963,22.435375,22.547159,22.663420,22.784281,22.909872,23.040321,23.175762,23.316332,23.462173,23.613441,23.770290,23.932878,24.101364,24.275927,24.456732,24.643963,24.837809,25.038462,25.246115,25.460968,25.683229,25.913113,26.150835,26.396620,26.650690,26.913280,27.184622,27.464956,27.754522,28.053564,28.362329,28.681059,29.010008,29.349419,29.699528,30.060579,30.432817,30.816460,31.211733,31.618853,32.038013,32.469398,32.913189,33.369507,33.838528,34.320316,34.814976,35.322556,35.843056,36.376476,36.922760,37.481815,38.053524,38.637726,39.234230,39.842827,40.463310,41.095478,41.739220,42.394508,43.061558,43.740929,44.433723,45.141895,45.868759,46.619595,47.402653,48.230679,49.123032,50.108921,50.000000
75.000000,75.701576,74.006363,72.501015,71.127296,69.845802,68.630089,67.462364,66.330956,65.228210,64.149254,63.091022,62.051701,61.030281,60.026287,59.039555,58.070118,57.118145,56.183819,55.267353,54.368927,53.488724,52.626850,51.783405,50.958424,50.151878,49.363762,48.593937,47.842300,47.108685,46.392902,45.694721,45.013912,44.350197,43.703304,43.072918,42.458744,41.860435,41.277687,40.710136,40.157467,39.619312,39.095352,38.585205,38.088558,37.605061,37.134365,36.676144,36.230064,35.795792,35.373024,34.961449,34.560734,34.170601,33.790737,33.420879,33.060734,32.710022,32.368496,32.035881,31.711931,31.396408,31.089066,30.789684,30.498034,30.213900,29.937073,29.667353,29.404535,29.148439,28.898876,28.655663,28.418634,28.187616,27.962456,27.742987,27.529066,27.320543,27.117279,26.919132,26.725983,26.537693,26.354143,26.175211,26.000790,25.830757,25.665016,25.503458,25.345989,25.192507,25.042921,24.897142,24.755079,24.616659,24.481794,24.350409,24.222429,24.097782,23.976402,23.858213,23.743162,23.631186,23.522219,23.416208,23.313101,23.212841,23.115381,23.020670,22.928665,22.839319,22.752590,22.668440,22.586830,22.507721,22.431080,22.356873,22.285070,22.215641,22.148558,22.083792,22.021317,21.961117,21.903160,21.847437,21.793922,21.742599,21.693451,21.646467,21.601633,21.558937,21.518370,21.479921,21.443586,21.409359,21.377234,21.347208,21.319284,21.293453,21.269724,21.248098,21.228582,21.211176,21.195890,21.182735,21.171717,21.162851,21.156149,21.151625,21.149294,21.149179,21.151293,21.155661,21.162304,21.171247,21.182520,21.196142,21.212149,21.230572,21.251442,21.274796,21.300673,21.329105,21.360140,21.393818,21.430189,21.469294,21.511185,21.555920,21.603544,21.654118,21.707699,21.764353,21.824146,21.887138,21.953411,22.023022,22.096060,22.172596,22.252718,22.336506,22.424051,22.515453,22.610794,22.710180,22.813711,22.921501,23.033648,23.150272,23.271500,23.397444,23.528234,23.664001,23.804884,23.951015,24.102549,24.259626,24.422411,24.591053,24.765724,24.946585,25.133816,25.327597,25.528105,25.735531,25.950073,26.171923,26.401287,26.638367,26.883373,27.136526,27.398045,27.668146,27.947054,28.234995,28.532198,28.838892,29.155302,29.481661,29.818188,30.165115,30.522655,30.891024,31.270430,31.661064,32.063129,32.476784,32.902203,33.339523,33.788887,34.250385,34.724110,35.210110,35.708427,36.219074,36.742004,37.277176,37.824505,38.383873,38.955151,39.538216,40.132908,40.739159,41.356915,41.986286,42.627613,43.281548,43.949310,44.632912,45.335640,46.062580,46.821533,47.624321,48.488602,49.440643,50.519241,50.000000
75.000000,76.046227,74.293655,72.753708,71.362137,70.075066,68.862511,67.704216,66.586548,65.500450,64.439987,63.401302,62.382019,61.380718,60.396606,59.429302,58.478703,57.544819,56.627792,55.727757,54.844906,53.979366,53.131283,52.300709,51.487747,50.692383,49.914574,49.154289,48.411404,47.685814,46.977329,46.285786,45.610966,44.952621,44.310513,43.684387,43.073925,42.478870,41.898911,41.333717,40.783016,40.246452,39.723721,39.214512,38.718468,38.235310,37.764694,37.306313,36.859844,36.425007,36.001472,35.588947,35.187130,34.795761,34.414536,34.043190,33.681442,33.329048,32.985744,32.651272,32.325397,32.007889,31.698513,31.397047,31.103271,30.816977,30.537960,30.266022,30.000975,29.742624,29.490797,29.245319,29.006012,28.772724,28.545288,28.323553,28.107374,27.896597,27.691092,27.490723,27.295359,27.104874,26.919142,26.738054,26.561491,26.389349,26.221510,26.057882,25.898367,25.742859,25.591280,25.443533,25.299534,25.159195,25.022442,24.889194,24.759384,24.632933,24.509777,24.389847,24.273079,24.159412,24.048786,23.941151,23.836439,23.734612,23.635611,23.539391,23.445902,23.355101,23.266953,23.181404,23.098431,23.017986,22.940039,22.864553,22.791504,22.720852,22.652576,22.586647,22.523037,22.461729,22.402697,22.345921,22.291382,22.239065,22.188951,22.141027,22.095280,22.051701,22.010275,21.970999,21.933861,21.898857,21.865982,21.835232,21.806610,21.780113,21.755741,21.733500,21.713388,21.695419,21.679598,21.665928,21.654425,21.645098,21.637957,21.633022,21.630310,21.629833,21.631613,21.635670,21.642029,21.650711,21.661743,21.675158,21.690975,21.709232,21.729961,21.753197,21.778978,21.807339,21.838324,21.871973,21.908339,21.947456,21.989384,22.034170,22.081869,22.132536,22.186228,22.243017,22.302954,22.366112,22.432558,22.502365,22.575605,22.652361,22.732708,22.816738,22.904530,22.996178,23.091778,23.191422,23.295214,23.403255,23.515657,23.632538,23.753998,23.880167,24.011166,24.147129,24.288181,24.434458,24.586102,24.743261,24.906078,25.074717,25.249331,25.430073,25.617125,25.810654,26.010830,26.217844,26.431870,26.653105,26.881737,27.117966,27.361988,27.614006,27.874229,28.142866,28.420122,28.706209,29.001339,29.305731,29.619596,29.943134,30.276564,30.620083,30.973896,31.338192,31.713160,32.098980,32.495800,32.903797,33.323109,33.753841,34.196121,34.650013,35.115604,35.592918,36.081985,36.582787,37.095295,37.619431,38.155144,38.702301,39.260807,39.830555,40.411457,41.003506,41.606758,42.221478,42.848190,43.487843,44.142029,44.813297,45.505619,46.225025,46.980606,47.785885,48.660809,49.634663,50.750256,50.000000
75.000000,76.091690,74.373131,72.861305,71.494812,70.231346,69.041771,67.906174,66.811089,65.747421,64.709145,63.692322,62.694466,61.714039,60.750160,59.802391,58.870564,57.954647,57.054749,56.170994,55.303547,54.452564,53.618156,52.800430,51.999470,51.215286,50.447884,49.697235,48.963242,48.245819,47.544834,46.860126,46.191517,45.538807,44.901760,44.280151,43.673725,43.082218,42.505337,41.942844,41.394413,40.859760,40.338596,39.830608,39.335522,38.853008,38.382786,37.924561,37.478024,37.042900,36.618893,36.205727,35.803104,35.410778,35.028454,34.655888,34.292812,33.938988,33.594151,33.258072,32.930508,32.611248,32.300056,31.996714,31.701025,31.412773,31.131763,30.857805,30.590710,30.330292,30.076378,29.828794,29.587381,29.351976,29.122425,28.898567,28.680267,28.467382,28.259773,28.057304,27.859852,27.667292,27.479504,27.296370,27.117781,26.943626,26.773796,26.608198,26.446733,26.289295,26.135807,25.986177,25.840317,25.698145,25.559584,25.424551,25.292978,25.164791,25.039930,24.918316,24.799892,24.684599,24.572372,24.463158,24.356903,24.253555,24.153061,24.055374,23.960449,23.868238,23.778706,23.691803,23.607498,23.525757,23.446533,23.369804,23.295532,23.223688,23.154247,23.087177,23.022459,22.960064,22.899975,22.842167,22.786621,22.733326,22.682261,22.633411,22.586763,22.542309,22.500036,22.459932,22.421999,22.386225,22.352602,22.321133,22.291815,22.264647,22.239630,22.216764,22.196062,22.177521,22.161152,22.146957,22.134954,22.125156,22.117563,22.112202,22.109085,22.108232,22.109655,22.113379,22.119429,22.127825,22.138592,22.151760,22.167360,22.185421,22.205973,22.229055,22.254702,22.282951,22.313843,22.347422,22.383728,22.422812,22.464722,22.509508,22.557226,22.607931,22.661676,22.718527,22.778542,22.841795,22.908346,22.978271,23.051643,23.128532,23.209023,23.293201,23.381151,23.472958,23.568716,23.668514,23.772461,23.880653,23.993200,24.110210,24.231791,24.358063,24.489145,24.625166,24.766251,24.912531,25.064144,25.221235,25.383938,25.552406,25.726791,25.907257,26.093956,26.287062,26.486725,26.693138,26.906464,27.126892,27.354597,27.589769,27.832600,28.083282,28.342001,28.608963,28.884350,29.168377,29.461227,29.763105,30.074205,30.394724,30.724848,31.064762,31.414654,31.774693,32.145046,32.525867,32.917309,33.319504,33.732563,34.156612,34.591724,35.037956,35.495365,35.963982,36.443802,36.934795,37.436932,37.950130,38.474327,39.009380,39.555229,40.111744,40.678898,41.256672,41.845196,42.444748,43.055931,43.679764,44.317898,44.972977,45.648994,46.352020,47.091030,47.879318,48.736279,49.690140,50.781818,50.000000
75.000000,75.848190,74.250328,72.826637,71.526642,70.315216,69.168076,68.068382,67.004707,65.969360,64.957085,63.964554,62.989590,62.030884,61.087673,60.159595,59.246517,58.348469,57.465542,56.597916,55.745743,54.909164,54.088341,53.283390,52.494404,51.721409,50.964451,50.223488,49.498505,48.789383,48.096062,47.418381,46.756187,46.109314,45.477573,44.860737,44.258598,43.670902,43.097420,42.537880,41.992016,41.459579,40.940269,40.433823,39.939972,39.458420,38.988895,38.531105,38.084805,37.649677,37.225491,36.811947,36.408798,36.015781,35.632633,35.259098,34.894943,34.539925,34.193813,33.856350,33.527328,33.206528,32.893734,32.588749,32.291336,32.001328,31.718519,31.442722,31.173758,30.911448,30.655621,30.406105,30.162743,29.925377,29.693859,29.468027,29.247753,29.032892,28.823307,28.618874,28.419456,28.224945,28.035212,27.850142,27.669636,27.493570,27.321857,27.154383,26.991062,26.831793,26.676483,26.525053,26.377415,26.233484,26.093189,25.956446,25.823187,25.693333,25.566826,25.443596,25.323580,25.206717,25.092945,24.982212,24.874460,24.769644,24.667704,24.568598,24.472277,24.378700,24.287825,24.199610,24.114014,24.031002,23.950541,23.872593,23.797132,23.724123,23.653545,23.585361,23.519554,23.456097,23.394970,23.336149,23.279617,23.225357,23.173353,23.123590,23.076054,23.030737,22.987623,22.946705,22.907978,22.871435,22.837072,22.804884,22.774870,22.747028,22.721363,22.697874,22.676567,22.657448,22.640522,22.625799,22.613289,22.602997,22.594944,22.589140,22.585604,22.584347,22.585394,22.588766,22.594481,22.602564,22.613041,22.625940,22.641287,22.659119,22.679459,22.702351,22.727823,22.755917,22.786674,22.820135,22.856340,22.895342,22.937185,22.981918,23.029602,23.080280,23.134016,23.190868,23.250904,23.314180,23.380766,23.450733,23.524155,23.601103,23.681656,23.765898,23.853909,23.945784,24.041605,24.141464,24.245464,24.353703,24.466280,24.583307,24.704893,24.831146,24.962187,25.098146,25.239130,25.385275,25.536718,25.693586,25.856028,26.024176,26.198185,26.378204,26.564386,26.756889,26.955877,27.161514,27.373957,27.593395,27.819992,28.053925,28.295374,28.544518,28.801538,29.066622,29.339951,29.621716,29.912085,30.211258,30.519405,30.836706,31.163338,31.499468,31.845261,32.200871,32.566448,32.942139,33.328056,33.724331,34.131054,34.548313,34.976185,35.414707,35.863926,36.323833,36.794426,37.275673,37.767498,38.269848,38.782612,39.305687,39.838963,40.382332,40.935722,41.499126,42.072617,42.656456,43.251133,43.857525,44.477066,45.112022,45.765850,46.443699,47.153194,47.905525,48.716919,49.610760,50.620735,50.000000
75.000000,75.363289,73.956924,72.670792,71.471649,70.336113,69.247742,68.195137,67.170479,66.168434,65.185509,64.219345,63.268547,62.332275,61.410072,60.501812,59.607468,58.727161,57.861080,57.009388,56.172302,55.350006,54.542660,53.750397,52.973320,52.211506,51.465000,50.733791,50.017860,49.317162,48.631618,47.961117,47.305519,46.664692,46.038460,45.426632,44.829010,44.245396,43.675545,43.119236,42.576221,42.046261,41.529087,41.024467,40.532127,40.051815,39.583248,39.126190,38.680367,38.245537,37.821426,37.407780,37.004356,36.610905,36.227173,35.852940,35.487953,35.131973,34.784801,34.446182,34.115929,33.793816,33.479630,33.173183,32.874260,32.582684,32.298260,32.020817,31.750160,31.486130,31.228550,30.977262,30.732115,30.492941,30.259596,30.031940,29.809830,29.593122,29.381701,29.175419,28.974163,28.777815,28.586254,28.399363,28.217043,28.039179,27.865671,27.696423,27.531334,27.370321,27.213282,27.060137,26.910803,26.765196,26.623243,26.484859,26.349981,26.218534,26.090452,25.965664,25.844114,25.725740,25.610477,25.498280,25.389088,25.282850,25.179516,25.079037,24.981369,24.886467,24.794285,24.704790,24.617939,24.533697,24.452028,24.372898,24.296278,24.222134,24.150442,24.081173,24.014299,23.949802,23.887655,23.827843,23.770344,23.715136,23.662209,23.611544,23.563131,23.516960,23.473011,23.431290,23.391773,23.354471,23.319365,23.286459,23.255749,23.227236,23.200920,23.176804,23.154888,23.135185,23.117695,23.102428,23.089394,23.078602,23.070072,23.063810,23.059835,23.058165,23.058811,23.061808,23.067167,23.074907,23.085068,23.097666,23.112734,23.130302,23.150396,23.173061,23.198326,23.226225,23.256802,23.290100,23.326164,23.365030,23.406754,23.451385,23.498974,23.549572,23.603239,23.660038,23.720016,23.783255,23.849800,23.919744,23.993139,24.070065,24.150599,24.234821,24.322817,24.414661,24.510456,24.610277,24.714231,24.822411,24.934917,25.051853,25.173321,25.299440,25.430326,25.566086,25.706844,25.852728,26.003859,26.160374,26.322405,26.490089,26.663570,26.842993,27.028496,27.220242,27.418381,27.623072,27.834473,28.052742,28.278049,28.510559,28.750444,28.997871,29.253010,29.516039,29.787123,30.066435,30.354145,30.650429,30.955441,31.269358,31.592325,31.924511,32.266045,32.617088,32.977760,33.348171,33.728458,34.118698,34.519001,34.929417,35.349983,35.780781,36.221786,36.672997,37.134407,37.605949,38.087551,38.579147,39.080605,39.591797,40.112610,40.642902,41.182560,41.731510,42.289745,42.857384,43.434708,44.022266,44.621033,45.232521,45.859081,46.504288,47.173344,47.873856,48.616760,49.417645,50.298725,50.000000
75.000000,74.714302,73.545479,72.429527,71.354240,70.310616,69.292213,68.294357,67.313889,66.348679,65.397263,64.458870,63.533047,62.619606,61.718578,60.830109,59.954376,59.091652,58.242203,57.406265,56.584087,55.775898,54.981884,54.202198,53.436974,52.686302,51.950226,51.228798,50.521988,49.829807,49.152142,48.488941,47.840099,47.205482,46.584942,45.978321,45.385437,44.806118,44.240131,43.687286,43.147373,42.620136,42.105362,41.602818,41.112259,40.633438,40.166115,39.710037,39.264969,38.830677,38.406891,37.993404,37.589947,37.196304,36.812241,36.437527,36.071930,35.715229,35.367214,35.027676,34.696388,34.373158,34.057785,33.750080,33.449848,33.156887,32.871040,32.592113,32.319946,32.054356,31.795191,31.542290,31.295502,31.054670,30.819651,30.590307,30.366493,30.148079,29.934935,29.726942,29.523968,29.325897,29.132620,28.944017,28.759985,28.580421,28.405228,28.234297,28.067545,27.904869,27.746189,27.591415,27.440464,27.293257,27.149721,27.009771,26.873344,26.740368,26.610777,26.484497,26.361475,26.241644,26.124958,26.011347,25.900759,25.793154,25.688469,25.586664,25.487688,25.391504,25.298065,25.207327,25.119261,25.033821,24.950977,24.870695,24.792946,24.717697,24.644917,24.574583,24.506672,24.441154,24.378016,24.317223,24.258770,24.202633,24.148796,24.097246,24.047968,24.000950,23.956182,23.913658,23.873365,23.835300,23.799461,23.765839,23.734432,23.705246,23.678276,23.653528,23.631001,23.610701,23.592640,23.576820,23.563257,23.551956,23.542931,23.536196,23.531765,23.529659,23.529890,23.532482,23.537460,23.544844,23.554655,23.566927,23.581684,23.598953,23.618773,23.641171,23.666185,23.693855,23.724215,23.757305,23.793177,23.831861,23.873421,23.917892,23.965336,24.015799,24.069342,24.126011,24.185881,24.249006,24.315456,24.385294,24.458590,24.535423,24.615856,24.699978,24.787865,24.879599,24.975267,25.074961,25.178772,25.286793,25.399120,25.515856,25.637108,25.762978,25.893583,26.029024,26.169437,26.314926,26.465624,26.621647,26.783133,26.950211,27.123014,27.301689,27.486366,27.677202,27.874338,28.077923,28.288107,28.505045,28.728901,28.959824,29.197971,29.443512,29.696598,29.957394,30.226061,30.502756,30.787642,31.080868,31.382584,31.692951,32.012104,32.340199,32.677334,33.023663,33.379299,33.744343,34.118893,34.503036,34.896824,35.300335,35.713589,36.136623,36.569416,37.011971,37.464237,37.926140,38.397640,38.878571,39.368843,39.868298,40.376785,40.894108,41.420113,41.954628,42.497517,43.048672,43.608097,44.175911,44.752392,45.338097,45.933968,46.541420,47.162605,47.800568,48.459656,49.145840,49.867287,50.000000
75.000000,73.996880,73.081848,72.148155,71.205566,70.260277,69.316338,68.376373,67.442238,66.515137,65.596092,64.685883,63.785194,62.894566,62.014561,61.145664,60.288292,59.442886,58.609795,57.789356,56.981873,56.187599,55.406769,54.639542,53.886074,53.146473,52.420826,51.709171,51.011524,50.327885,49.658199,49.002415,48.360443,47.732182,47.117504,46.516270,45.928310,45.353477,44.791588,44.242420,43.705826,43.181561,42.669415,42.169189,41.680645,41.203564,40.737720,40.282867,39.838802,39.405277,38.982082,38.568977,38.165733,37.772137,37.387966,37.012993,36.647003,36.289806,35.941174,35.600903,35.268791,34.944649,34.628292,34.319511,34.018139,33.723988,33.436890,33.156662,32.883141,32.616161,32.355572,32.101208,31.852936,31.610590,31.374037,31.143137,30.917759,30.697767,30.483034,30.273443,30.068867,29.869192,29.674307,29.484102,29.298470,29.117308,28.940516,28.768002,28.599669,28.435425,28.275187,28.118866,27.966383,27.817652,27.672609,27.531166,27.393263,27.258823,27.127783,27.000072,26.875641,26.754416,26.636349,26.521379,26.409460,26.300531,26.194546,26.091461,25.991224,25.893799,25.799133,25.707199,25.617949,25.531351,25.447363,25.365963,25.287113,25.210785,25.136950,25.065577,24.996649,24.930136,24.866016,24.804272,24.744883,24.687832,24.633099,24.580675,24.530542,24.482693,24.437113,24.393793,24.352726,24.313911,24.277336,24.242998,24.210903,24.181038,24.153412,24.128027,24.104883,24.083988,24.065346,24.048964,24.034861,24.023029,24.013498,24.006273,24.001371,23.998810,23.998606,24.000780,24.005352,24.012346,24.021786,24.033701,24.048113,24.065060,24.084564,24.106667,24.131397,24.158791,24.188892,24.221735,24.257366,24.295828,24.337172,24.381435,24.428677,24.478947,24.532303,24.588795,24.648489,24.711443,24.777721,24.847389,24.920515,24.997171,25.077431,25.161369,25.249065,25.340603,25.436060,25.535530,25.639101,25.746862,25.858915,25.975346,26.096268,26.221785,26.351992,26.487011,26.626949,26.771925,26.922056,27.077459,27.238266,27.404602,27.576593,27.754379,27.938087,28.127863,28.323849,28.526171,28.734995,28.950443,29.172684,29.401863,29.638121,29.881609,30.132481,30.390888,30.656975,30.930897,31.212791,31.502806,31.801083,32.107750,32.422958,32.746811,33.079426,33.420940,33.771435,34.131001,34.499737,34.877689,35.264938,35.661499,36.067410,36.482685,36.907303,37.341228,37.784416,38.236790,38.698238,39.168663,39.647903,40.135777,40.632099,41.136646,41.649166,42.169380,42.697010,43.231709,43.773148,44.320923,44.874580,45.433617,45.997375,46.564995,47.135265,47.706432,48.275814,48.839252,49.390263,50.000000
75.000000,73.312019,72.635956,71.875130,71.059196,70.208374,69.336365,68.452538,67.563423,66.673523,65.786072,64.903389,64.027237,63.158905,62.299431,61.449657,60.610252,59.781780,58.964725,58.159508,57.366467,56.585892,55.818043,55.063118,54.321289,53.592697,52.877422,52.175526,51.487057,50.812008,50.150360,49.502068,48.867077,48.245308,47.636612,47.040916,46.458065,45.887897,45.330280,44.785019,44.251934,43.730858,43.221565,42.723869,42.237568,41.762455,41.298317,40.844921,40.402084,39.969574,39.547180,39.134686,38.731873,38.338543,37.954475,37.579468,37.213310,36.855804,36.506744,36.165962,35.833221,35.508381,35.191200,34.881542,34.579220,34.284046,33.995853,33.714497,33.439781,33.171577,32.909718,32.654049,32.404427,32.160713,31.922768,31.690454,31.463636,31.242191,31.025995,30.814924,30.608866,30.407700,30.211317,30.019611,29.832478,29.649822,29.471535,29.297525,29.127705,28.961981,28.800268,28.642481,28.488543,28.338367,28.191887,28.049026,27.909712,27.773876,27.641455,27.512381,27.386593,27.264032,27.144646,27.028376,26.915165,26.804966,26.697731,26.593409,26.491953,26.393326,26.297482,26.204380,26.113983,26.026262,25.941172,25.858681,25.778761,25.701382,25.626514,25.554131,25.484205,25.416719,25.351645,25.288963,25.228659,25.170710,25.115095,25.061810,25.010838,24.962166,24.915781,24.871677,24.829844,24.790277,24.752974,24.717926,24.685133,24.654596,24.626312,24.600283,24.576519,24.555017,24.535788,24.518837,24.504177,24.491814,24.481758,24.474030,24.468639,24.465605,24.464945,24.466679,24.470821,24.477404,24.486444,24.497972,24.512018,24.528603,24.547762,24.569532,24.593943,24.621023,24.650826,24.683378,24.718729,24.756916,24.797995,24.842001,24.888988,24.939014,24.992126,25.048382,25.107838,25.170551,25.236593,25.306023,25.378908,25.455318,25.535324,25.618999,25.706427,25.797680,25.892845,25.992002,26.095238,26.202652,26.314322,26.430353,26.550844,26.675890,26.805603,26.940075,27.079426,27.223763,27.373209,27.527870,27.687872,27.853334,28.024380,28.201143,28.383747,28.572321,28.767006,28.967934,29.175238,29.389061,29.609537,29.836813,30.071028,30.312313,30.560825,30.816692,31.080057,31.351053,31.629822,31.916487,32.211174,32.514027,32.825150,33.144653,33.472656,33.809235,34.154491,34.508507,34.871346,35.243073,35.623711,36.013317,36.411884,36.819408,37.235863,37.661221,38.095413,38.538330,38.989891,39.449932,39.918312,40.394802,40.879185,41.371204,41.870502,42.376728,42.889420,43.408020,43.931850,44.460014,44.991379,45.524380,46.056862,46.585808,47.106892,47.613846,48.097527,48.544502,48.934929,50.000000
75.000000,72.752441,72.272583,71.655617,70.946732,70.176964,69.367706,68.533676,67.685165,66.829315,65.971153,65.114311,64.261398,63.414349,62.574585,61.743271,60.921253,60.109253,59.307827,58.517464,57.738556,56.971432,56.216366,55.473587,54.743279,54.025593,53.320621,52.628460,51.949146,51.282711,50.629147,49.988430,49.360516,48.745312,48.142750,47.552719,46.975113,46.409790,45.856609,45.315426,44.786049,44.268337,43.762108,43.267155,42.783310,42.310379,41.848148,41.396442,40.955044,40.523754,40.102379,39.690712,39.288540,38.895683,38.511936,38.137089,37.770962,37.413361,37.064087,36.722958,36.389786,36.064396,35.746609,35.436249,35.133133,34.837116,34.548012,34.265678,33.989933,33.720654,33.457661,33.200836,32.950020,32.705074,32.465874,32.232273,32.004143,31.781372,31.563829,31.351400,31.143967,30.941418,30.743650,30.550550,30.362017,30.177959,29.998272,29.822861,29.651644,29.484524,29.321423,29.162254,29.006937,28.855391,28.707552,28.563339,28.422682,28.285519,28.151777,28.021399,27.894320,27.770483,27.649830,27.532305,27.417858,27.306438,27.197998,27.092484,26.989857,26.890072,26.793087,26.698860,26.607357,26.518538,26.432375,26.348827,26.267870,26.189468,26.113594,26.040222,25.969330,25.900888,25.834881,25.771284,25.710075,25.651243,25.594770,25.540636,25.488834,25.439348,25.392170,25.347286,25.304697,25.264385,25.226351,25.190596,25.157112,25.125896,25.096952,25.070284,25.045889,25.023777,25.003952,24.986423,24.971195,24.958284,24.947695,24.939445,24.933554,24.930027,24.928890,24.930159,24.933853,24.940001,24.948618,24.959736,24.973377,24.989578,25.008356,25.029760,25.053808,25.080544,25.110001,25.142221,25.177248,25.215120,25.255884,25.299585,25.346272,25.395992,25.448807,25.504765,25.563921,25.626341,25.692080,25.761204,25.833775,25.909864,25.989548,26.072889,26.159964,26.250853,26.345633,26.444391,26.547207,26.654173,26.765371,26.880907,27.000860,27.125340,27.254438,27.388262,27.526917,27.670506,27.819147,27.972942,28.132017,28.296478,28.466454,28.642065,28.823429,29.010670,29.203924,29.403313,29.608963,29.821016,30.039595,30.264828,30.496855,30.735807,30.981813,31.235001,31.495506,31.763443,32.038952,32.322140,32.613129,32.912037,33.218964,33.534012,33.857277,34.188847,34.528790,34.877178,35.234085,35.599518,35.973541,36.356163,36.747383,37.147186,37.555538,37.972382,38.397648,38.831242,39.273037,39.722874,40.180580,40.645924,41.118652,41.598450,42.084911,42.577595,43.075893,43.579079,44.086151,44.595863,45.106457,45.615517,46.119671,46.614170,47.092175,47.543846,47.954926,48.304737,48.563126,50.000000
75.000000,72.390945,72.042938,71.525711,70.893524,70.183983,69.423058,68.628838,67.813927,66.987160,66.154785,65.321190,64.489655,63.662418,62.841282,62.027550,61.222221,60.426109,59.639847,58.863956,58.098854,57.344917,56.602406,55.871590,55.152657,54.445747,53.751007,53.068523,52.398373,51.740551,51.095093,50.461998,49.841198,49.232681,48.636341,48.052101,47.479881,46.919540,46.370960,45.833992,45.308529,44.794365,44.291359,43.799355,43.318142,42.847588,42.387482,41.937637,41.497883,41.068027,40.647869,40.237232,39.835907,39.443714,39.060482,38.685997,38.320099,37.962582,37.613277,37.272003,36.938576,36.612831,36.294598,35.983700,35.679970,35.383263,35.093403,34.810249,34.533630,34.263424,33.999462,33.741615,33.489742,33.243694,33.003368,32.768604,32.539299,32.315315,32.096550,31.882875,31.674183,31.470366,31.271311,31.076918,30.887089,30.701725,30.520729,30.344009,30.171480,30.003052,29.838642,29.678167,29.521553,29.368713,29.219585,29.074095,28.932167,28.793734,28.658741,28.527115,28.398804,28.273746,28.151882,28.033159,27.917530,27.804934,27.695333,27.588673,27.484917,27.384016,27.285929,27.190619,27.098042,27.008165,26.920959,26.836390,26.754419,26.675024,26.598173,26.523838,26.451998,26.382629,26.315706,26.251211,26.189121,26.129423,26.072098,26.017132,25.964514,25.914227,25.866259,25.820606,25.777262,25.736216,25.697462,25.660995,25.626818,25.594927,25.565321,25.538004,25.512980,25.490250,25.469822,25.451704,25.435902,25.422428,25.411295,25.402514,25.396097,25.392061,25.390429,25.391214,25.394436,25.400122,25.408293,25.418970,25.432182,25.447960,25.466337,25.487331,25.510988,25.537340,25.566422,25.598270,25.632925,25.670431,25.710836,25.754183,25.800512,25.849884,25.902344,25.957947,26.016750,26.078806,26.144182,26.212933,26.285128,26.360832,26.440107,26.523035,26.609682,26.700127,26.794451,26.892723,26.995029,27.101458,27.212095,27.327030,27.446354,27.570162,27.698549,27.831621,27.969467,28.112198,28.259920,28.412743,28.570772,28.734114,28.902901,29.077227,29.257229,29.443014,29.634708,29.832426,30.036297,30.246447,30.462988,30.686054,30.915762,31.152243,31.395613,31.645998,31.903503,32.168262,32.440392,32.719986,33.007168,33.302017,33.604649,33.915150,34.233597,34.560066,34.894630,35.237350,35.588253,35.947380,36.314774,36.690403,37.074299,37.466408,37.866711,38.275116,38.691574,39.115955,39.548130,39.987949,40.435207,40.889664,41.351048,41.818996,42.293106,42.772816,43.257462,43.746170,44.237778,44.730732,45.222893,45.711311,46.191826,46.658550,47.103077,47.513371,47.872066,48.154133,48.323387,50.000000
75.000000,72.271515,71.978577,71.508026,70.915863,70.241074,69.510803,68.744057,67.954124,67.150360,66.339394,65.525948,64.713432,63.904343,63.100536,62.303379,61.513962,60.733109,59.961494,59.199635,58.448006,57.706940,56.976757,56.257694,55.549969,54.853745,54.169144,53.496281,52.835224,52.186016,51.548683,50.923241,50.309639,49.707851,49.117821,48.539490,47.972755,47.417526,46.873676,46.341106,45.819668,45.309212,44.809616,44.320713,43.842346,43.374336,42.916538,42.468765,42.030838,41.602589,41.183842,40.774414,40.374134,39.982803,39.600269,39.226337,38.860836,38.503597,38.154434,37.813187,37.479683,37.153755,36.835232,36.523964,36.219791,35.922550,35.632099,35.348274,35.070938,34.799938,34.535152,34.276424,34.023621,33.776619,33.535282,33.299496,33.069122,32.844059,32.624176,32.409370,32.199528,31.994547,31.794312,31.598728,31.407696,31.221123,31.038912,30.860971,30.687222,30.517565,30.351931,30.190229,30.032389,29.878330,29.727987,29.581284,29.438147,29.298519,29.162334,29.029524,28.900034,28.773809,28.650793,28.530924,28.414158,28.300442,28.189726,28.081970,27.977123,27.875143,27.775995,27.679634,27.586025,27.495131,27.406916,27.321346,27.238396,27.158035,27.080231,27.004961,26.932199,26.861919,26.794106,26.728729,26.665775,26.605232,26.547071,26.491283,26.437857,26.386780,26.338037,26.291626,26.247532,26.205751,26.166277,26.129107,26.094238,26.061670,26.031403,26.003435,25.977774,25.954422,25.933386,25.914667,25.898283,25.884237,25.872541,25.863213,25.856258,25.851700,25.849550,25.849831,25.852562,25.857763,25.865458,25.875668,25.888426,25.903755,25.921684,25.942251,25.965481,25.991404,26.020069,26.051504,26.085752,26.122854,26.162851,26.205793,26.251720,26.300686,26.352741,26.407930,26.466318,26.527958,26.592903,26.661221,26.732969,26.808216,26.887024,26.969467,27.055613,27.145533,27.239307,27.337011,27.438728,27.544535,27.654522,27.768766,27.887363,28.010410,28.137989,28.270197,28.407137,28.548904,28.695602,28.847334,29.004202,29.166323,29.333792,29.506731,29.685246,29.869452,30.059462,30.255392,30.457359,30.665476,30.879862,31.100632,31.327902,31.561789,31.802404,32.049862,32.304272,32.565735,32.834358,33.110256,33.393513,33.684227,33.982471,34.288330,34.601894,34.923206,35.252335,35.589321,35.934208,36.287006,36.647739,37.016411,37.392986,37.777454,38.169750,38.569813,38.977558,39.392860,39.815578,40.245571,40.682617,41.126472,41.576855,42.033390,42.495651,42.963062,43.434917,43.910297,44.387962,44.866245,45.342892,45.814732,46.277348,46.724518,47.147354,47.533230,47.864006,48.113716,48.244995,50.000000
75.000000,72.404472,72.087868,71.609192,71.018890,70.352264,69.634094,68.881821,68.107704,67.320435,66.526253,65.729599,64.933693,64.140915,63.353058,62.571445,61.797092,61.030853,60.273335,59.525108,58.786564,58.058083,57.339966,56.632469,55.935787,55.250095,54.575527,53.912224,53.260220,52.619617,51.990406,51.372620,50.766243,50.171261,49.587624,49.015266,48.454124,47.904118,47.365135,46.837067,46.319809,45.813236,45.317188,44.831547,44.356171,43.890903,43.435566,42.990028,42.554108,42.127655,41.710499,41.302464,40.903381,40.513115,40.131447,39.758244,39.393322,39.036522,38.687679,38.346626,38.013210,37.687263,37.368626,37.057144,36.752686,36.455063,36.164158,35.879822,35.601906,35.330261,35.064770,34.805298,34.551708,34.303871,34.061661,33.824959,33.593655,33.367611,33.146732,32.930904,32.720028,32.513973,32.312656,32.115990,31.923849,31.736156,31.552818,31.373749,31.198860,31.028061,30.861279,30.698431,30.539440,30.384241,30.232748,30.084900,29.940624,29.799862,29.662544,29.528614,29.398010,29.270672,29.146553,29.025589,28.907738,28.792944,28.681166,28.572351,28.466459,28.363447,28.263275,28.165901,28.071293,27.979410,27.890221,27.803690,27.719788,27.638487,27.559761,27.483576,27.409916,27.338753,27.270061,27.203829,27.140028,27.078646,27.019669,26.963076,26.908857,26.856998,26.807491,26.760321,26.715490,26.672977,26.632790,26.594917,26.559361,26.526115,26.495182,26.466562,26.440260,26.416281,26.394623,26.375305,26.358322,26.343693,26.331423,26.321531,26.314026,26.308924,26.306242,26.306000,26.308214,26.312906,26.320101,26.329823,26.342094,26.356947,26.374403,26.394499,26.417267,26.442734,26.470942,26.501925,26.535725,26.572376,26.611923,26.654415,26.699888,26.748398,26.799994,26.854723,26.912638,26.973799,27.038258,27.106073,27.177315,27.252039,27.330307,27.412191,27.497761,27.587088,27.680237,27.777296,27.878336,27.983437,28.092680,28.206154,28.323935,28.446117,28.572796,28.704048,28.839977,28.980680,29.126247,29.276785,29.432390,29.593170,29.759222,29.930655,30.107573,30.290085,30.478296,30.672325,30.872269,31.078239,31.290350,31.508709,31.733425,31.964605,32.202351,32.446774,32.697968,32.956028,33.221062,33.493156,33.772411,34.058880,34.352673,34.653828,34.962433,35.278522,35.602161,35.933392,36.272228,36.618687,36.972775,37.334484,37.703793,38.080662,38.465034,38.856831,39.255962,39.662327,40.075779,40.496140,40.923203,41.356754,41.796490,42.242050,42.693005,43.148819,43.608803,44.072063,44.537411,45.003269,45.467480,45.927074,46.377903,46.814186,47.227722,47.606880,47.935184,48.189041,48.334904,50.000000
75.000000,72.766441,72.355644,71.819519,71.196518,70.513817,69.790695,69.040840,68.273994,67.497162,66.715393,65.932350,65.150726,64.372528,63.599289,62.832184,62.072117,61.319836,60.575909,59.840851,59.115044,58.398861,57.692558,56.996410,56.310604,55.635323,54.970692,54.316849,53.673855,53.041794,52.420696,51.810585,51.211472,50.623325,50.046124,49.479828,48.924377,48.379673,47.845657,47.322224,46.809277,46.306694,45.814354,45.332138,44.859894,44.397503,43.944801,43.501659,43.067917,42.643433,42.228024,41.821556,41.423870,41.034798,40.654175,40.281864,39.917690,39.561497,39.213135,38.872444,38.539268,38.213455,37.894863,37.583321,37.278713,36.980865,36.689655,36.404942,36.126575,35.854439,35.588390,35.328297,35.074039,34.825489,34.582527,34.345039,34.112904,33.886002,33.664246,33.447502,33.235680,33.028671,32.826378,32.628700,32.435551,32.246841,32.062466,31.882349,31.706400,31.534542,31.366693,31.202774,31.042711,30.886435,30.733868,30.584942,30.439596,30.297760,30.159372,30.024374,29.892712,29.764322,29.639149,29.517145,29.398258,29.282436,29.169638,29.059813,28.952917,28.848909,28.747755,28.649408,28.553835,28.460997,28.370867,28.283403,28.198580,28.116369,28.036741,27.959673,27.885134,27.813107,27.743565,27.676489,27.611862,27.549665,27.489880,27.432493,27.377493,27.324865,27.274599,27.226686,27.181114,27.137886,27.096985,27.058414,27.022169,26.988245,26.956646,26.927374,26.900425,26.875809,26.853531,26.833597,26.816011,26.800787,26.787935,26.777464,26.769392,26.763729,26.760498,26.759710,26.761389,26.765551,26.772226,26.781427,26.793188,26.807533,26.824488,26.844080,26.866354,26.891327,26.919043,26.949535,26.982840,27.019001,27.058056,27.100050,27.145025,27.193029,27.244116,27.298325,27.355715,27.416340,27.480255,27.547512,27.618177,27.692312,27.769974,27.851234,27.936157,28.024809,28.117268,28.213600,28.313885,28.418198,28.526617,28.639227,28.756104,28.877337,29.003016,29.133217,29.268045,29.407585,29.551926,29.701170,29.855410,30.014746,30.179274,30.349089,30.524303,30.705015,30.891323,31.083332,31.281141,31.484863,31.694595,31.910433,32.132484,32.360847,32.595619,32.836906,33.084785,33.339355,33.600708,33.868919,34.144070,34.426243,34.715488,35.011868,35.315468,35.626301,35.944420,36.269859,36.602623,36.942738,37.290184,37.644962,38.007042,38.376362,38.752876,39.136501,39.527157,39.924709,40.329037,40.739975,41.157310,41.580837,42.010269,42.445290,42.885490,43.330391,43.779385,44.231682,44.686264,45.141808,45.596493,46.047894,46.492638,46.926056,47.341652,47.730289,48.079136,48.370060,48.577461,50.000000
75.000000,73.304398,72.746117,72.114899,71.432564,70.714905,69.973412,69.216393,68.449966,67.678619,66.905655,66.133553,65.364220,64.599121,63.839352,63.085861,62.339348,61.600430,60.869621,60.147316,59.433914,58.729729,58.035000,57.349995,56.674900,56.009876,55.355072,54.710606,54.076550,53.452999,52.840000,52.237560,51.645706,51.064442,50.493732,49.933548,49.383839,48.844555,48.315594,47.796909,47.288380,46.789917,46.301399,45.822727,45.353779,44.894405,44.444485,44.003902,43.572483,43.150101,42.736614,42.331867,41.935726,41.548016,41.168606,40.797344,40.434078,40.078648,39.730923,39.390739,39.057964,38.732437,38.414028,38.102577,37.797970,37.500038,37.208664,36.923710,36.645039,36.372517,36.106037,35.845467,35.590660,35.341522,35.097931,34.859764,34.626911,34.399269,34.176723,33.959179,33.746513,33.538647,33.335472,33.136890,32.942829,32.753178,32.567848,32.386776,32.209850,32.037014,31.868176,31.703262,31.542200,31.384916,31.231340,31.081408,30.935051,30.792206,30.652813,30.516808,30.384138,30.254747,30.128580,30.005585,29.885708,29.768911,29.655132,29.544342,29.436487,29.331530,29.229424,29.130142,29.033638,28.939882,28.848839,28.760475,28.674763,28.591667,28.511168,28.433235,28.357845,28.284973,28.214602,28.146704,28.081268,28.018269,27.957693,27.899529,27.843760,27.790373,27.739359,27.690706,27.644411,27.600462,27.558853,27.519587,27.482655,27.448053,27.415787,27.385855,27.358259,27.333008,27.310097,27.289537,27.271339,27.255510,27.242060,27.230997,27.222345,27.216106,27.212305,27.210955,27.212078,27.215691,27.221813,27.230473,27.241695,27.255503,27.271925,27.290991,27.312733,27.337181,27.364367,27.394331,27.427103,27.462730,27.501249,27.542702,27.587133,27.634584,27.685108,27.738754,27.795559,27.855595,27.918903,27.985544,28.055571,28.129055,28.206045,28.286612,28.370821,28.458735,28.550417,28.645950,28.745405,28.848850,28.956369,29.068031,29.183916,29.304113,29.428709,29.557772,29.691404,29.829687,29.972706,30.120558,30.273335,30.431122,30.594027,30.762131,30.935539,31.114344,31.298647,31.488537,31.684111,31.885477,32.092716,32.305943,32.525234,32.750687,32.982399,33.220444,33.464924,33.715912,33.973484,34.237736,34.508732,34.786510,35.071163,35.362732,35.661263,35.966793,36.279362,36.598988,36.925686,37.259441,37.600266,37.948139,38.303017,38.664860,39.033604,39.409161,39.791435,40.180328,40.575703,40.977398,41.385227,41.799004,42.218468,42.643330,43.073257,43.507851,43.946617,44.388943,44.834095,45.281090,45.728661,46.175163,46.618362,47.055313,47.481915,47.892632,48.279793,48.632881,48.937317,50.000000
75.000000,73.943573,73.208199,72.460419,71.703186,70.939301,70.171227,69.401085,68.630692,67.861542,67.094933,66.331940,65.573486,64.820335,64.073158,63.332516,62.598961,61.872917,61.154758,60.444885,59.743572,59.051105,58.367737,57.693676,57.029118,56.374214,55.729115,55.093922,54.468750,53.853668,53.248711,52.653950,52.069370,51.495007,50.930817,50.376801,49.832912,49.299084,48.775280,48.261417,47.757412,47.263176,46.778610,46.303608,45.838066,45.381851,44.934849,44.496952,44.068008,43.647900,43.236465,42.833591,42.439133,42.052940,41.674889,41.304829,40.942612,40.588104,40.241161,39.901642,39.569408,39.244308,38.926224,38.615013,38.310535,38.012657,37.721252,37.436188,37.157341,36.884583,36.617786,36.356846,36.101624,35.852009,35.607899,35.369175,35.135723,34.907436,34.684212,34.465961,34.252560,34.043934,33.839966,33.640591,33.445690,33.255192,33.068996,32.887043,32.709229,32.535492,32.365738,32.199898,32.037903,31.879688,31.725176,31.574301,31.426994,31.283199,31.142857,31.005907,30.872290,30.741953,30.614841,30.490902,30.370090,30.252356,30.137653,30.025932,29.917162,29.811287,29.708279,29.608093,29.510696,29.416052,29.324133,29.234896,29.148321,29.064373,28.983025,28.904257,28.828037,28.754345,28.683159,28.614462,28.548231,28.484447,28.423100,28.364168,28.307638,28.253508,28.201756,28.152374,28.105356,28.060696,28.018387,27.978424,27.940805,27.905531,27.872595,27.842003,27.813757,27.787853,27.764307,27.743120,27.724300,27.707853,27.693794,27.682131,27.672878,27.666054,27.661663,27.659731,27.660273,27.663315,27.668869,27.676962,27.687616,27.700863,27.716722,27.735229,27.756409,27.780289,27.806915,27.836313,27.868517,27.903570,27.941511,27.982378,28.026215,28.073072,28.122984,28.176004,28.232182,28.291571,28.354219,28.420183,28.489521,28.562290,28.638544,28.718355,28.801775,28.888876,28.979723,29.074390,29.172930,29.275433,29.381971,29.492607,29.607422,29.726501,29.849926,29.977764,30.110111,30.247044,30.388653,30.535023,30.686241,30.842394,31.003578,31.169876,31.341379,31.518185,31.700375,31.888052,32.081303,32.280209,32.484871,32.695385,32.911819,33.134274,33.362820,33.597546,33.838543,34.085873,34.339607,34.599815,34.866562,35.139923,35.419922,35.706612,36.000038,36.300247,36.607235,36.921040,37.241657,37.569088,37.903316,38.244320,38.592045,38.946461,39.307503,39.675072,40.049103,40.429459,40.816029,41.208672,41.607212,42.011471,42.421246,42.836292,43.256344,43.681103,44.110245,44.543377,44.980026,45.419716,45.861805,46.305592,46.750206,47.194668,47.637741,48.078030,48.513870,48.943420,49.364704,50.000000
75.000000,74.598190,73.682701,72.815331,71.980438,71.167831,70.371071,69.585976,68.810074,68.041878,67.280571,66.525780,65.777397,65.035545,64.300369,63.572102,62.851051,62.137489,61.431660,60.733879,60.044369,59.363388,58.691151,58.027855,57.373661,56.728741,56.093216,55.467232,54.850868,54.244179,53.647263,53.060127,52.482834,51.915359,51.357735,50.809914,50.271893,49.743607,49.225021,48.716076,48.216675,47.726768,47.246250,46.775036,46.313011,45.860081,45.416130,44.981052,44.554714,44.136978,43.727764,43.326897,42.934273,42.549740,42.173183,41.804466,41.443443,41.089993,40.743973,40.405254,40.073700,39.749172,39.431557,39.120701,38.816494,38.518806,38.227497,37.942451,37.663551,37.390671,37.123695,36.862499,36.606972,36.356998,36.112488,35.873306,35.639355,35.410542,35.186741,34.967880,34.753841,34.544548,34.339893,34.139790,33.944149,33.752884,33.565918,33.383163,33.204540,33.029972,32.859375,32.692688,32.529842,32.370758,32.215370,32.063618,31.915428,31.770748,31.629513,31.491674,31.357162,31.225931,31.097925,30.973097,30.851393,30.732771,30.617184,30.504580,30.394930,30.288185,30.184303,30.083256,29.985001,29.889505,29.796738,29.706663,29.619251,29.534477,29.452311,29.372725,29.295700,29.221210,29.149235,29.079752,29.012745,28.948195,28.886084,28.826399,28.769131,28.714262,28.661777,28.611677,28.563944,28.518579,28.475571,28.434917,28.396614,28.360662,28.327057,28.295801,28.266901,28.240351,28.216162,28.194338,28.174887,28.157814,28.143131,28.130854,28.120991,28.113556,28.108562,28.106033,28.105980,28.108423,28.113384,28.120888,28.130953,28.143606,28.158878,28.176790,28.197378,28.220667,28.246691,28.275482,28.307085,28.341524,28.378843,28.419081,28.462284,28.508492,28.557749,28.610100,28.665598,28.724287,28.786222,28.851454,28.920038,28.992031,29.067492,29.146481,29.229053,29.315277,29.405214,29.498934,29.596502,29.697985,29.803463,29.912996,30.026670,30.144550,30.266718,30.393251,30.524229,30.659731,30.799841,30.944643,31.094212,31.248638,31.408010,31.572409,31.741920,31.916634,32.096626,32.281994,32.472820,32.669189,32.871193,33.078896,33.292389,33.511749,33.737064,33.968395,34.205826,34.449417,34.699242,34.955360,35.217812,35.486675,35.761974,36.043758,36.332062,36.626904,36.928307,37.236282,37.550827,37.871944,38.199596,38.533752,38.874390,39.221451,39.574860,39.934544,40.300419,40.672375,41.050297,41.434044,41.823471,42.218433,42.618744,43.024235,43.434711,43.849991,44.269878,44.694248,45.122936,45.555904,45.993229,46.435143,46.882195,47.335361,47.796326,48.267826,48.754211,49.262241,49.802338,50.000000
75.000000,75.182777,74.110420,73.138657,72.235947,71.380966,70.559464,69.761887,68.981918,68.215416,67.459732,66.713226,65.974846,65.244072,64.520638,63.804489,63.095661,62.394287,61.700520,61.014584,60.336658,59.666943,59.005627,58.352913,57.708939,57.073860,56.447815,55.830925,55.223270,54.624947,54.035995,53.456478,52.886440,52.325886,51.774830,51.233242,50.701122,50.178436,49.665131,49.161167,48.666454,48.180965,47.704597,47.237259,46.778870,46.329346,45.888542,45.456402,45.032787,44.617592,44.210690,43.811962,43.421299,43.038563,42.663639,42.296394,41.936707,41.584446,41.239491,40.901703,40.570969,40.247150,39.930107,39.619759,39.315952,39.018562,38.727474,38.442585,38.163746,37.890865,37.623814,37.362484,37.106773,36.856556,36.611732,36.372208,36.137867,35.908607,35.684341,35.464970,35.250389,35.040524,34.835262,34.634521,34.438232,34.246288,34.058624,33.875145,33.695789,33.520470,33.349113,33.181652,33.018017,32.858131,32.701939,32.549370,32.400356,32.254848,32.112785,31.974108,31.838757,31.706684,31.577837,31.452164,31.329617,31.210154,31.093723,30.980280,30.869793,30.762215,30.657505,30.555628,30.456547,30.360235,30.266649,30.175764,30.087549,30.001972,29.919012,29.838634,29.760830,29.685562,29.612816,29.542568,29.474802,29.409502,29.346645,29.286222,29.228218,29.172623,29.119421,29.068607,29.020168,28.974104,28.930403,28.889063,28.850075,28.813446,28.779175,28.747253,28.717691,28.690489,28.665651,28.643181,28.623093,28.605383,28.590071,28.577162,28.566675,28.558615,28.553003,28.549852,28.549183,28.551014,28.555359,28.562248,28.571695,28.583736,28.598391,28.615679,28.635643,28.658306,28.683697,28.711853,28.742807,28.776594,28.813255,28.852831,28.895351,28.940868,28.989422,29.041054,29.095816,29.153755,29.214924,29.279371,29.347147,29.418312,29.492914,29.571018,29.652681,29.737961,29.826925,29.919638,30.016157,30.116552,30.220896,30.329258,30.441704,30.558311,30.679152,30.804291,30.933823,31.067812,31.206339,31.349485,31.497324,31.649942,31.807413,31.969826,32.137264,32.309799,32.487507,32.670483,32.858807,33.052547,33.251785,33.456612,33.667080,33.883286,34.105278,34.333153,34.566944,34.806740,35.052589,35.304546,35.562664,35.826981,36.097553,36.374378,36.657539,36.947002,37.242809,37.544949,37.853428,38.168236,38.489334,38.816708,39.150307,39.490067,39.835938,40.187820,40.545662,40.909328,41.278717,41.653725,42.034206,42.420040,42.811069,43.207195,43.608280,44.014244,44.425072,44.840790,45.261570,45.687794,46.120106,46.559650,47.008171,47.468430,47.944630,48.443150,48.973492,49.549873,50.193314,50.000000
75.000000,75.623726,74.439987,73.394623,72.444824,71.561394,70.724457,69.920517,69.140503,68.378288,67.629860,66.892555,66.164734,65.445290,64.733681,64.029572,63.332836,62.643482,61.961578,61.287270,60.620716,59.962070,59.311520,58.669209,58.035313,57.409954,56.793270,56.185360,55.586353,54.996307,54.415295,53.843365,53.280571,52.726925,52.182430,51.647110,51.120930,50.603874,50.095905,49.596981,49.107052,48.626034,48.153900,47.690536,47.235886,46.789841,46.352325,45.923233,45.502445,45.089890,44.685436,44.288971,43.900398,43.519585,43.146420,42.780777,42.422546,42.071602,41.727829,41.391102,41.061306,40.738312,40.422012,40.112267,39.808975,39.512020,39.221279,38.936642,38.657990,38.385220,38.118210,37.856865,37.601063,37.350704,37.105694,36.865917,36.631290,36.401695,36.177055,35.957260,35.742241,35.531879,35.326103,35.124825,34.927959,34.735420,34.547138,34.363022,34.183006,34.007004,33.834953,33.666794,33.502430,33.341824,33.184879,33.031559,32.881786,32.735504,32.592670,32.453205,32.317074,32.184216,32.054569,31.928104,31.804762,31.684502,31.567274,31.453035,31.341747,31.233374,31.127869,31.025198,30.925331,30.828230,30.733862,30.642195,30.553202,30.466854,30.383125,30.301987,30.223417,30.147394,30.073896,30.002903,29.934395,29.868361,29.804775,29.743628,29.684900,29.628590,29.574680,29.523161,29.474026,29.427265,29.382874,29.340847,29.301184,29.263878,29.228933,29.196348,29.166124,29.138262,29.112768,29.089647,29.068909,29.050556,29.034599,29.021055,29.009926,29.001230,28.994984,28.991194,28.989893,28.991085,28.994795,29.001043,29.009855,29.021250,29.035259,29.051903,29.071209,29.093212,29.117939,29.145424,29.175697,29.208796,29.244759,29.283623,29.325422,29.370203,29.418009,29.468880,29.522863,29.580002,29.640352,29.703957,29.770872,29.841146,29.914839,29.991997,30.072689,30.156965,30.244892,30.336525,30.431931,30.531176,30.634321,30.741430,30.852581,30.967836,31.087271,31.210953,31.338959,31.471355,31.608225,31.749628,31.895662,32.046387,32.201885,32.362232,32.527504,32.697773,32.873127,33.053635,33.239365,33.430401,33.626820,33.828678,34.036057,34.249020,34.467640,34.691967,34.922077,35.158016,35.399837,35.647572,35.901306,36.161053,36.426849,36.698708,36.976677,37.260754,37.550964,37.847279,38.149712,38.458233,38.772820,39.093449,39.420055,39.752590,40.090992,40.435165,40.785057,41.140549,41.501541,41.867924,42.239590,42.616432,42.998310,43.385189,43.776974,44.173683,44.575386,44.982300,45.394821,45.813641,46.239891,46.675327,47.122646,47.585896,48.071144,48.587379,49.147873,49.772083,50.488514,50.000000
75.000000,75.868393,74.634399,73.557228,72.588890,71.696411,70.857185,70.055756,69.281601,68.527611,67.788986,67.062553,66.346275,65.638763,64.939278,64.247299,63.562637,62.885204,62.215038,61.552219,60.896858,60.249130,59.609161,58.977112,58.353134,57.737362,57.129921,56.530918,55.940472,55.358635,54.785511,54.221134,53.665550,53.118790,52.580887,52.051834,51.531605,51.020214,50.517624,50.023800,49.538689,49.062248,48.594410,48.135117,47.684280,47.241817,46.807667,46.381725,45.963898,45.554077,45.152184,44.758106,44.371738,43.992954,43.621658,43.257744,42.901096,42.551590,42.209126,41.873577,41.544842,41.222797,40.907330,40.598316,40.295673,39.999268,39.708984,39.424717,39.146355,38.873806,38.606949,38.345680,38.089909,37.839516,37.594406,37.354496,37.119667,36.889835,36.664917,36.444801,36.229408,36.018650,35.812454,35.610710,35.413357,35.220303,35.031479,34.846802,34.666199,34.489601,34.316925,34.148125,33.983109,33.821827,33.664204,33.510193,33.359715,33.212727,33.069172,32.928982,32.792122,32.658524,32.528133,32.400921,32.276833,32.155811,32.037830,31.922836,31.810795,31.701662,31.595398,31.491976,31.391348,31.293491,31.198370,31.105951,31.016212,30.929119,30.844645,30.762766,30.683462,30.606701,30.532475,30.460756,30.391527,30.324768,30.260466,30.198608,30.139177,30.082157,30.027548,29.975332,29.925505,29.878056,29.832979,29.790272,29.749929,29.711950,29.676338,29.643082,29.612190,29.583670,29.557514,29.533735,29.512337,29.493332,29.476725,29.462523,29.450747,29.441399,29.434498,29.430058,29.428101,29.428638,29.431692,29.437283,29.445429,29.456158,29.469494,29.485460,29.504086,29.525398,29.549425,29.576204,29.605761,29.638136,29.673361,29.711475,29.752514,29.796520,29.843533,29.893595,29.946751,30.003042,30.062521,30.125237,30.191235,30.260569,30.333288,30.409451,30.489111,30.572323,30.659147,30.749645,30.843872,30.941893,31.043768,31.149567,31.259352,31.373188,31.491148,31.613297,31.739698,31.870428,32.005562,32.145161,32.289303,32.438057,32.591511,32.749706,32.912731,33.080673,33.253582,33.431538,33.614620,33.802876,33.996395,34.195221,34.399448,34.609108,34.824280,35.045013,35.271366,35.503399,35.741138,35.984631,36.233929,36.489075,36.750065,37.016941,37.289711,37.568398,37.852997,38.143497,38.439892,38.742161,39.050278,39.364201,39.683865,40.009239,40.340248,40.676819,41.018852,41.366268,41.718971,42.076855,42.439808,42.807751,43.180588,43.558266,43.940765,44.328133,44.720520,45.118240,45.521835,45.932167,46.350624,46.779343,47.221500,47.681824,48.167358,48.688400,49.259995,49.904171,50.652893,50.000000
75.000000,75.891716,74.675552,73.613434,72.658752,71.779305,70.952888,70.164261,69.402931,68.661835,67.936104,67.222572,66.519089,65.824280,65.137344,64.457748,63.785233,63.119698,62.461163,61.809689,61.165390,60.528408,59.898869,59.276943,58.662754,58.056442,57.458138,56.867935,56.285954,55.712273,55.146965,54.590096,54.041691,53.501816,52.970482,52.447693,51.933453,51.427757,50.930584,50.441898,49.961666,49.489857,49.026390,48.571224,48.124283,47.685509,47.254810,46.832111,46.417324,46.010368,45.611130,45.219532,44.835472,44.458832,44.089531,43.727448,43.372494,43.024544,42.683495,42.349247,42.021690,41.700703,41.386185,41.078033,40.776131,40.480373,40.190666,39.906876,39.628922,39.356697,39.090099,38.829021,38.573372,38.323044,38.077942,37.837971,37.603058,37.373074,37.147953,36.927608,36.711945,36.500881,36.294331,36.092216,35.894451,35.700966,35.511677,35.326508,35.145386,34.968258,34.795033,34.625656,34.460049,34.298161,34.139927,33.985283,33.834167,33.686520,33.542301,33.401443,33.263889,33.129608,32.998524,32.870617,32.745823,32.624092,32.505394,32.389690,32.276928,32.167080,32.060093,31.955946,31.854597,31.756018,31.660175,31.567038,31.476572,31.388760,31.303568,31.220972,31.140951,31.063482,30.988543,30.916115,30.846178,30.778719,30.713713,30.651157,30.591028,30.533321,30.478020,30.425116,30.374603,30.326473,30.280716,30.237333,30.196314,30.157663,30.121376,30.087452,30.055895,30.026705,29.999884,29.975443,29.953379,29.933712,29.916437,29.901575,29.889130,29.879120,29.871552,29.866444,29.863815,29.863678,29.866053,29.870962,29.878422,29.888458,29.901096,29.916357,29.934269,29.954865,29.978163,30.004202,30.033014,30.064627,30.099079,30.136404,30.176641,30.219830,30.266005,30.315214,30.367495,30.422894,30.481455,30.543230,30.608261,30.676601,30.748301,30.823404,30.901979,30.984068,31.069733,31.159029,31.252018,31.348751,31.449301,31.553715,31.662071,31.774420,31.890833,32.011375,32.136105,32.265099,32.398434,32.536144,32.678333,32.825047,32.976368,33.132355,33.293068,33.458603,33.628998,33.804344,33.984692,34.170101,34.360645,34.556385,34.757381,34.963680,35.175346,35.392433,35.614990,35.843048,36.076683,36.315895,36.560734,36.811226,37.067390,37.329258,37.596840,37.870121,38.149117,38.433815,38.724205,39.020248,39.321930,39.629192,39.941986,40.260262,40.583961,40.912975,41.247265,41.586704,41.931221,42.280701,42.635052,42.994190,43.358036,43.726532,44.099701,44.477589,44.860371,45.248375,45.642185,46.042686,46.451305,46.870186,47.302540,47.753105,48.228855,48.739960,49.301212,49.934097,50.669678,50.000000
75.000000,75.698486,74.566032,73.564552,72.655022,71.810318,71.011612,70.245972,69.504425,68.780899,68.071228,67.372643,66.683296,66.002045,65.328110,64.661125,64.000854,63.347195,62.700222,62.059990,61.426617,60.800220,60.180988,59.569031,58.964497,58.367512,57.778221,57.196739,56.623138,56.057526,55.499992,54.950573,54.409325,53.876301,53.351524,52.835014,52.326767,51.826782,51.335049,50.851547,50.376247,49.909103,49.450077,48.999104,48.556133,48.121105,47.693951,47.274582,46.862930,46.458916,46.062439,45.673420,45.291775,44.917385,44.550182,44.190041,43.836887,43.490597,43.151077,42.818230,42.491951,42.172146,41.858685,41.551491,41.250439,40.955444,40.666405,40.383213,40.105759,39.833969,39.567722,39.306934,39.051506,38.801334,38.556335,38.316414,38.081486,37.851452,37.626228,37.405743,37.189888,36.978592,36.771782,36.569366,36.371269,36.177422,35.987736,35.802155,35.620598,35.443001,35.269299,35.099411,34.933285,34.770855,34.612057,34.456841,34.305145,34.156898,34.012074,33.870586,33.732410,33.597481,33.465759,33.337193,33.211742,33.089344,32.969978,32.853596,32.740158,32.629623,32.521957,32.417118,32.315083,32.215809,32.119274,32.025444,31.934286,31.845779,31.759893,31.676605,31.595892,31.517729,31.442102,31.368984,31.298361,31.230207,31.164520,31.101276,31.040466,30.982077,30.926094,30.872511,30.821320,30.772512,30.726082,30.682026,30.640333,30.601009,30.564053,30.529459,30.497227,30.467367,30.439878,30.414764,30.392035,30.371691,30.353746,30.338205,30.325085,30.314396,30.306145,30.300354,30.297033,30.296204,30.297882,30.302086,30.308836,30.318157,30.330072,30.344603,30.361778,30.381620,30.404163,30.429434,30.457460,30.488277,30.521917,30.558418,30.597816,30.640146,30.685450,30.733763,30.785124,30.839582,30.897182,30.957966,31.021982,31.089277,31.159899,31.233898,31.311327,31.392242,31.476688,31.564728,31.656412,31.751804,31.850960,31.953936,32.060791,32.171589,32.286392,32.405262,32.528255,32.655449,32.786903,32.922676,33.062828,33.207432,33.356556,33.510258,33.668602,33.831657,33.999477,34.172131,34.349693,34.532188,34.719704,34.912292,35.110004,35.312889,35.521000,35.734390,35.953102,36.177170,36.406628,36.641525,36.881870,37.127705,37.379040,37.635876,37.898243,38.166149,38.439541,38.718456,39.002853,39.292698,39.587982,39.888634,40.194622,40.505871,40.822315,41.143890,41.470509,41.802074,42.138496,42.479671,42.825504,43.175915,43.530830,43.890160,44.253929,44.622166,44.995026,45.372776,45.755917,46.145203,46.541889,46.947811,47.365738,47.799732,48.255753,48.742447,49.272362,49.863575,50.542107,50.000000
75.000000,75.322159,74.328300,73.425674,72.587837,71.796249,71.037964,70.304039,69.588249,68.886337,68.195412,67.513565,66.839508,66.172478,65.511978,64.857811,64.209831,63.568062,62.932545,62.303429,61.680843,61.064907,60.455814,59.853687,59.258667,58.670910,58.090511,57.517632,56.952332,56.394718,55.844872,55.302856,54.768738,54.242542,53.724304,53.214054,52.711803,52.217556,51.731285,51.252995,50.782658,50.320229,49.865692,49.418972,48.980042,48.548836,48.125290,47.709335,47.300907,46.899914,46.506290,46.119942,45.740799,45.368767,45.003750,44.645653,44.294392,43.949875,43.611992,43.280659,42.955757,42.637222,42.324924,42.018784,41.718700,41.424572,41.136303,40.853798,40.576958,40.305695,40.039894,39.779491,39.524376,39.274460,39.029655,38.789875,38.555019,38.325024,38.099785,37.879227,37.663269,37.451832,37.244835,37.042191,36.843845,36.649704,36.459709,36.273781,36.091854,35.913857,35.739731,35.569408,35.402824,35.239918,35.080620,34.924889,34.772652,34.623871,34.478485,34.336433,34.197681,34.062160,33.929836,33.800663,33.674587,33.551579,33.431576,33.314556,33.200478,33.089302,32.980980,32.875496,32.772800,32.672871,32.575668,32.481174,32.389351,32.300179,32.213619,32.129665,32.048283,31.969448,31.893148,31.819357,31.748062,31.679241,31.612883,31.548967,31.487484,31.428421,31.371771,31.317518,31.265656,31.216177,31.169077,31.124346,31.081987,31.041992,31.004364,30.969095,30.936197,30.905661,30.877497,30.851707,30.828297,30.807276,30.788649,30.772423,30.758614,30.747231,30.738283,30.731791,30.727766,30.726221,30.727180,30.730663,30.736683,30.745268,30.756433,30.770208,30.786615,30.805683,30.827435,30.851904,30.879112,30.909103,30.941904,30.977543,31.016066,31.057493,31.101879,31.149252,31.199659,31.253136,31.309725,31.369473,31.432425,31.498623,31.568121,31.640959,31.717196,31.796875,31.880051,31.966778,32.057106,32.151096,32.248798,32.350262,32.455563,32.564751,32.677879,32.795021,32.916218,33.041546,33.171051,33.304806,33.442875,33.585308,33.732166,33.883522,34.039421,34.199944,34.365116,34.535034,34.709736,34.889263,35.073700,35.263073,35.457455,35.656876,35.861389,36.071033,36.285847,36.505878,36.731155,36.961689,37.197525,37.438675,37.685162,37.936977,38.194138,38.456635,38.724457,38.997604,39.276047,39.559746,39.848656,40.142765,40.441986,40.746281,41.055561,41.369766,41.688808,42.012592,42.341011,42.673992,43.011398,43.353157,43.699169,44.049374,44.403702,44.762169,45.124828,45.491844,45.863541,46.240437,46.623379,47.013641,47.413166,47.824768,48.252586,48.702641,49.183510,49.707577,50.292458,50.000000
75.000000,74.819473,74.001167,73.223328,72.475327,71.749504,71.040436,70.344307,69.658409,68.980927,68.310661,67.646729,66.988762,66.336418,65.689606,65.048317,64.412621,63.782642,63.158501,62.540359,61.928402,61.322788,60.723667,60.131222,59.545597,58.966919,58.395325,57.830925,57.273838,56.724144,56.181938,55.647266,55.120209,54.600811,54.089100,53.585106,53.088852,52.600327,52.119553,51.646488,51.181149,50.723484,50.273464,49.831066,49.396225,48.968906,48.549038,48.136566,47.731422,47.333546,46.942852,46.559284,46.182735,45.813122,45.450386,45.094437,44.745174,44.402508,44.066357,43.736614,43.413212,43.096039,42.785019,42.480030,42.181000,41.887833,41.600433,41.318718,41.042583,40.771927,40.506687,40.246754,39.992046,39.742477,39.497952,39.258392,39.023705,38.793827,38.568653,38.348122,38.132133,37.920628,37.713520,37.510735,37.312206,37.117859,36.927612,36.741405,36.559177,36.380852,36.206364,36.035667,35.868683,35.705353,35.545616,35.389431,35.236721,35.087448,34.941555,34.798988,34.659698,34.523640,34.390762,34.261032,34.134380,34.010788,33.890205,33.772591,33.657906,33.546116,33.437180,33.331078,33.227749,33.127197,33.029362,32.934231,32.841770,32.751953,32.664757,32.580154,32.498119,32.418640,32.341690,32.267242,32.195297,32.125809,32.058796,31.994225,31.932083,31.872362,31.815046,31.760130,31.707605,31.657465,31.609699,31.564302,31.521273,31.480610,31.442310,31.406370,31.372795,31.341581,31.312740,31.286268,31.262175,31.240463,31.221144,31.204220,31.189713,31.177622,31.167969,31.160757,31.156008,31.153740,31.153965,31.156700,31.161972,31.169790,31.180187,31.193178,31.208794,31.227055,31.247990,31.271626,31.297993,31.327122,31.359043,31.393791,31.431395,31.471889,31.515318,31.561718,31.611120,31.663574,31.719109,31.777779,31.839617,31.904675,31.972996,32.044632,32.119617,32.198009,32.279865,32.365227,32.454140,32.546665,32.642860,32.742771,32.846455,32.953976,33.065372,33.180714,33.300049,33.423443,33.550957,33.682640,33.818550,33.958744,34.103291,34.252235,34.405636,34.563549,34.726040,34.893150,35.064938,35.241451,35.422741,35.608856,35.799862,35.995766,36.196636,36.402493,36.613396,36.829346,37.050400,37.276581,37.507866,37.744324,37.985943,38.232719,38.484680,38.741798,39.004063,39.271465,39.543968,39.821548,40.104145,40.391754,40.684288,40.981686,41.283882,41.590801,41.902359,42.218456,42.538986,42.863853,43.192944,43.526150,43.863354,44.204449,44.549355,44.897976,45.250290,45.606266,45.966026,46.329704,46.697651,47.070385,47.448723,47.833881,48.227657,48.632603,49.052353,49.491978,49.958584,50.000000
75.000000,74.262520,73.634239,72.991638,72.340958,71.686249,71.030167,70.374451,69.720261,69.068405,68.419533,67.774078,67.132393,66.494820,65.861687,65.233231,64.609711,63.991367,63.378437,62.771114,62.169621,61.574142,60.984867,60.401947,59.825554,59.255836,58.692917,58.136917,57.587940,57.046078,56.511444,55.984074,55.464039,54.951389,54.446175,53.948425,53.458153,52.975372,52.500080,52.032280,51.571953,51.119083,50.673641,50.235592,49.804901,49.381512,48.965389,48.556473,48.154690,47.759995,47.372314,46.991581,46.617702,46.250622,45.890255,45.536522,45.189350,44.848625,44.514297,44.186264,43.864441,43.548733,43.239059,42.935318,42.637447,42.345329,42.058899,41.778053,41.502708,41.232777,40.968163,40.708797,40.454582,40.205444,39.961288,39.722034,39.487598,39.257915,39.032890,38.812447,38.596519,38.385025,38.177876,37.975029,37.776390,37.581890,37.391468,37.205067,37.022594,36.844006,36.669228,36.498207,36.330879,36.167191,36.007076,35.850483,35.697357,35.547646,35.401306,35.258266,35.118496,34.981941,34.848560,34.718296,34.591129,34.466988,34.345856,34.227680,34.112438,34.000072,33.890553,33.783859,33.679951,33.578793,33.480358,33.384617,33.291550,33.201115,33.113297,33.028065,32.945412,32.865295,32.787708,32.712635,32.640041,32.569927,32.502266,32.437050,32.374260,32.313889,32.255924,32.200356,32.147175,32.096375,32.047951,32.001892,31.958197,31.916866,31.877895,31.841284,31.807032,31.775139,31.745613,31.718452,31.693668,31.671261,31.651239,31.633614,31.618393,31.605583,31.595205,31.587267,31.581781,31.578764,31.578234,31.580210,31.584702,31.591743,31.601345,31.613529,31.628326,31.645752,31.665846,31.688622,31.714115,31.742348,31.773359,31.807177,31.843828,31.883360,31.925795,31.971174,32.019535,32.070923,32.125366,32.182907,32.243591,32.307465,32.374565,32.444939,32.518631,32.595695,32.676170,32.760113,32.847561,32.938583,33.033211,33.131504,33.233521,33.339310,33.448917,33.562412,33.679825,33.801235,33.926689,34.056240,34.189941,34.327843,34.470013,34.616486,34.767330,34.922592,35.082325,35.246586,35.415421,35.588863,35.766960,35.949783,36.137348,36.329704,36.526886,36.728928,36.935867,37.147720,37.364529,37.586308,37.813049,38.044807,38.281551,38.523308,38.770061,39.021801,39.278534,39.540203,39.806812,40.078304,40.354664,40.635815,40.921715,41.212299,41.507492,41.807209,42.111370,42.419872,42.732620,43.049507,43.370384,43.695145,44.023647,44.355736,44.691284,45.030117,45.372074,45.716961,46.064587,46.414749,46.767170,47.121578,47.477528,47.834507,48.191715,48.548016,48.901630,49.249855,49.588543,50.000000
75.000000,73.728767,73.281097,72.767654,72.210373,71.624245,71.019447,70.403015,69.779716,69.152931,68.525017,67.897591,67.271904,66.648827,66.029076,65.413208,64.801628,64.194702,63.592758,62.996040,62.404827,61.819294,61.239689,60.666149,60.098858,59.537968,58.983593,58.435883,57.894928,57.360817,56.833668,56.313519,55.800457,55.294537,54.795795,54.304256,53.819958,53.342915,52.873123,52.410595,51.955299,51.507256,51.066422,50.632767,50.206257,49.786877,49.374538,48.969231,48.570881,48.179440,47.794830,47.417004,47.045876,46.681400,46.323479,45.972065,45.627045,45.288376,44.955952,44.629696,44.309532,43.995380,43.687157,43.384758,43.088120,42.797150,42.511772,42.231888,41.957424,41.688290,41.424400,41.165688,40.912048,40.663422,40.419716,40.180847,39.946754,39.717342,39.492542,39.272278,39.056480,38.845055,38.637962,38.435101,38.236423,38.041855,37.851322,37.664772,37.482132,37.303337,37.128338,36.957062,36.789444,36.625450,36.465012,36.308071,36.154583,36.004486,35.857727,35.714279,35.574074,35.437065,35.303219,35.172485,35.044823,34.920193,34.798550,34.679855,34.564075,34.451176,34.341114,34.233868,34.129391,34.027664,33.928665,33.832340,33.738678,33.647655,33.559242,33.473415,33.390152,33.309429,33.231232,33.155533,33.082321,33.011581,32.943295,32.877445,32.814022,32.753014,32.694405,32.638191,32.584366,32.532913,32.483826,32.437115,32.392757,32.350761,32.311127,32.273834,32.238907,32.206329,32.176121,32.148266,32.122784,32.099670,32.078941,32.060600,32.044659,32.031124,32.020004,32.011322,32.005077,32.001305,32.000000,32.001190,32.004890,32.011124,32.019917,32.031269,32.045223,32.061798,32.081013,32.102905,32.127487,32.154797,32.184868,32.217724,32.253395,32.291920,32.333324,32.377647,32.424931,32.475212,32.528522,32.584896,32.644386,32.707024,32.772861,32.841930,32.914284,32.989960,33.069016,33.151485,33.237431,33.326881,33.419891,33.516521,33.616817,33.720821,33.828583,33.940166,34.055622,34.174992,34.298321,34.425686,34.557117,34.692680,34.832413,34.976368,35.124603,35.277161,35.434101,35.595455,35.761276,35.931591,36.106476,36.285942,36.470043,36.658810,36.852280,37.050472,37.253422,37.461151,37.673691,37.891056,38.113251,38.340290,38.572159,38.808887,39.050453,39.296833,39.548054,39.804020,40.064770,40.330227,40.600368,40.875130,41.154457,41.438290,41.726555,42.019165,42.316036,42.617058,42.922131,43.231136,43.543934,43.860390,44.180332,44.503582,44.829926,45.159142,45.490913,45.824898,46.160625,46.497501,46.834728,47.171177,47.505291,47.834839,48.156616,48.465950,48.756042,49.016914,49.233932,50.000000
75.000000,73.290596,72.992081,72.586372,72.107903,71.580360,71.020050,70.438164,69.842522,69.238480,68.629860,68.019310,67.408722,66.799500,66.192635,65.588898,64.988876,64.393044,63.801819,63.215477,62.634308,62.058552,61.488426,60.924103,60.365761,59.813560,59.267620,58.728081,58.195045,57.668617,57.148876,56.635895,56.129761,55.630505,55.138195,54.652851,54.174515,53.703190,53.238899,52.781651,52.331421,51.888214,51.452011,51.022800,50.600517,50.185165,49.776676,49.375031,48.980156,48.592033,48.210564,47.835716,47.467426,47.105610,46.750225,46.401188,46.058422,45.721863,45.391426,45.067039,44.748623,44.436108,44.129410,43.828438,43.533131,43.243385,42.959133,42.680305,42.406803,42.138546,41.875473,41.617485,41.364517,41.116474,40.873295,40.634907,40.401218,40.172161,39.947659,39.727646,39.512043,39.300781,39.093796,38.891003,38.692356,38.497772,38.307205,38.120571,37.937820,37.758884,37.583710,37.412235,37.244408,37.080162,36.919445,36.762211,36.608406,36.457973,36.310871,36.167046,36.026451,35.889042,35.754772,35.623608,35.495499,35.370403,35.248291,35.129112,35.012833,34.899437,34.788864,34.681091,34.576092,34.473831,34.374279,34.277401,34.183186,34.091595,34.002602,33.916199,33.832344,33.751038,33.672249,33.595947,33.522137,33.450779,33.381882,33.315411,33.251366,33.189732,33.130493,33.073643,33.019176,32.967079,32.917351,32.869980,32.824963,32.782307,32.741993,32.704033,32.668423,32.635166,32.604256,32.575710,32.549519,32.525700,32.504250,32.485184,32.468513,32.454235,32.442368,32.432934,32.425926,32.421368,32.419277,32.419662,32.422554,32.427963,32.435909,32.446419,32.459503,32.475193,32.493511,32.514488,32.538136,32.564499,32.593590,32.625454,32.660107,32.697590,32.737938,32.781170,32.827335,32.876461,32.928596,32.983772,33.042019,33.103394,33.167912,33.235641,33.306610,33.380863,33.458439,33.539398,33.623775,33.711609,33.802956,33.897877,33.996387,34.098560,34.204441,34.314064,34.427483,34.544765,34.665939,34.791061,34.920185,35.053337,35.190590,35.331985,35.477558,35.627365,35.781452,35.939846,36.102619,36.269783,36.441391,36.617474,36.798073,36.983212,37.172928,37.367256,37.566196,37.769787,37.978039,38.190975,38.408596,38.630909,38.857925,39.089626,39.326015,39.567066,39.812767,40.063087,40.318001,40.577469,40.841446,41.109875,41.382702,41.659863,41.941277,42.226868,42.516537,42.810188,43.107716,43.408974,43.713837,44.022141,44.333702,44.648312,44.965710,45.285580,45.607533,45.931061,46.255482,46.579861,46.902966,47.223003,47.537457,47.842709,48.133598,48.402611,48.638920,48.826721,48.943073,50.000000
75.000000,73.005997,72.807648,72.476059,72.053299,71.568459,71.041611,70.486710,69.913422,69.328461,68.736534,68.140991,67.544144,66.947754,66.352997,65.760811,65.171921,64.586830,64.005974,63.429729,62.858387,62.292175,61.731346,61.176071,60.626534,60.082874,59.545258,59.013767,58.488564,57.969719,57.457306,56.951443,56.452156,55.959541,55.473625,54.994453,54.522038,54.056442,53.597649,53.145676,52.700520,52.262173,51.830624,51.405857,50.987854,50.576569,50.171982,49.774040,49.382706,48.997936,48.619682,48.247883,47.882473,47.523407,47.170620,46.824032,46.483585,46.149220,45.820854,45.498409,45.181824,44.871033,44.565933,44.266472,43.972557,43.684128,43.401089,43.123390,42.850933,42.583645,42.321449,42.064281,41.812042,41.564678,41.322109,41.084259,40.851048,40.622421,40.398293,40.178596,39.963268,39.752232,39.545414,39.342766,39.144215,38.949696,38.759140,38.572495,38.389694,38.210674,38.035389,37.863773,37.695774,37.531338,37.370396,37.212929,37.058857,36.908138,36.760727,36.616577,36.475636,36.337872,36.203228,36.071671,35.943153,35.817638,35.695087,35.575470,35.458736,35.344864,35.233814,35.125553,35.020046,34.917274,34.817207,34.719810,34.625053,34.532921,34.443390,34.356422,34.272015,34.190132,34.110767,34.033890,33.959484,33.887535,33.818039,33.750961,33.686306,33.624050,33.564198,33.506718,33.451614,33.398880,33.348503,33.300488,33.254814,33.211491,33.170513,33.131886,33.095592,33.061646,33.030045,33.000793,32.973900,32.949360,32.927193,32.907391,32.889969,32.874939,32.862312,32.852100,32.844311,32.838963,32.836067,32.835640,32.837696,32.842262,32.849354,32.858982,32.871174,32.885963,32.903358,32.923389,32.946079,32.971458,32.999550,33.030384,33.063988,33.100403,33.139645,33.181763,33.226776,33.274723,33.325642,33.379570,33.436539,33.496597,33.559776,33.626110,33.695644,33.768433,33.844498,33.923889,34.006653,34.092831,34.182480,34.275623,34.372314,34.472610,34.576538,34.684162,34.795517,34.910645,35.029610,35.152439,35.279194,35.409908,35.544632,35.683411,35.826279,35.973289,36.124485,36.279892,36.439564,36.603527,36.771824,36.944492,37.121548,37.303040,37.488991,37.679401,37.874317,38.073753,38.277702,38.486210,38.699257,38.916847,39.139000,39.365692,39.596909,39.832638,40.072876,40.317558,40.566685,40.820190,41.078053,41.340221,41.606602,41.877171,42.151821,42.430489,42.713062,42.999454,43.289551,43.583202,43.880299,44.180626,44.484032,44.790241,45.098995,45.409931,45.722565,46.036297,46.350296,46.663452,46.974171,47.280247,47.578545,47.864571,48.131889,48.371204,48.569126,48.706272,48.754589,50.000000
75.000000,72.911110,72.753395,72.454811,72.059341,71.597519,71.090561,70.553192,69.995651,69.425148,68.846680,68.263824,67.679100,67.094299,66.510757,65.929443,65.351120,64.776314,64.205544,63.639088,63.077312,62.520435,61.968708,61.422310,60.881405,60.346169,59.816727,59.293198,58.775719,58.264355,57.759220,57.260372,56.767910,56.281876,55.802315,55.329273,54.862785,54.402885,53.949577,53.502876,53.062798,52.629322,52.202457,51.782177,51.368462,50.961281,50.560627,50.166447,49.778694,49.397343,49.022354,48.653652,48.291195,47.934933,47.584797,47.240738,46.902683,46.570587,46.244354,45.923923,45.609245,45.300236,44.996822,44.698948,44.406509,44.119469,43.837730,43.561226,43.289890,43.023643,42.762413,42.506123,42.254696,42.008087,41.766190,41.528954,41.296310,41.068176,40.844494,40.625187,40.410194,40.199455,39.992886,39.790436,39.592045,39.397640,39.207172,39.020569,38.837776,38.658737,38.483398,38.311699,38.143585,37.979004,37.817902,37.660236,37.505947,37.354996,37.207329,37.062901,36.921661,36.783577,36.648594,36.516685,36.387806,36.261909,36.138962,36.018932,35.901779,35.787468,35.675972,35.567253,35.461281,35.358028,35.257469,35.159573,35.064308,34.971661,34.881596,34.794098,34.709148,34.626717,34.546787,34.469345,34.394375,34.321850,34.251759,34.184093,34.118839,34.055984,33.995514,33.937420,33.881691,33.828320,33.777313,33.728645,33.682320,33.638336,33.596699,33.557384,33.520416,33.485775,33.453480,33.423527,33.395912,33.370655,33.347748,33.327209,33.309040,33.293243,33.279846,33.268845,33.260258,33.254105,33.250381,33.249123,33.250332,33.254036,33.260246,33.268986,33.280270,33.294125,33.310570,33.329632,33.351330,33.375706,33.402763,33.432545,33.465076,33.500385,33.538494,33.579453,33.623280,33.670010,33.719685,33.772327,33.827984,33.886681,33.948467,34.013374,34.081440,34.152706,34.227215,34.305008,34.386116,34.470600,34.558479,34.649811,34.744644,34.843006,34.944950,35.050518,35.159760,35.272705,35.389408,35.509903,35.634243,35.762474,35.894623,36.030739,36.170872,36.315029,36.463295,36.615673,36.772209,36.932941,37.097904,37.267117,37.440609,37.618423,37.800568,37.987053,38.177925,38.373180,38.572834,38.776894,38.985367,39.198235,39.415520,39.637215,39.863289,40.093727,40.328503,40.567589,40.810970,41.058578,41.310387,41.566330,41.826340,42.090382,42.358360,42.630184,42.905777,43.185024,43.467815,43.754013,44.043495,44.336052,44.631516,44.929634,45.230099,45.532543,45.836456,46.141201,46.445908,46.749359,47.049854,47.345051,47.631588,47.904694,48.157509,48.380219,48.558701,48.672596,48.692574,50.000000
75.000000,73.015999,72.836838,72.528236,72.130203,71.670692,71.169212,70.639305,70.090538,69.529533,68.961060,68.388428,67.814011,67.239525,66.666229,66.095085,65.526764,64.961838,64.400711,63.843769,63.291302,62.743553,62.200729,61.663029,61.130634,60.603661,60.082272,59.566593,59.056725,58.552773,58.054817,57.562950,57.077225,56.597713,56.124474,55.657539,55.196938,54.742729,54.294895,53.853470,53.418465,52.989872,52.567703,52.151924,51.742523,51.339493,50.942799,50.552406,50.168293,49.790413,49.418716,49.053165,48.693726,48.340324,47.992905,47.651436,47.315838,46.986057,46.662033,46.343704,46.030991,45.723843,45.422192,45.125961,44.835087,44.549496,44.269123,43.993904,43.723759,43.458622,43.198433,42.943096,42.692566,42.446758,42.205616,41.969067,41.737049,41.509483,41.286316,41.067471,40.852882,40.642494,40.436237,40.234058,40.035885,39.841667,39.651329,39.464828,39.282108,39.103104,38.927765,38.756035,38.587856,38.423191,38.261974,38.104172,37.949711,37.798565,37.650688,37.506020,37.364532,37.226170,37.090900,36.958683,36.829472,36.703232,36.579926,36.459518,36.341972,36.227268,36.115353,36.006207,35.899792,35.796089,35.695061,35.596695,35.500946,35.407806,35.317238,35.229237,35.143757,35.060795,34.980331,34.902340,34.826813,34.753727,34.683067,34.614826,34.548977,34.485523,34.424454,34.365746,34.309402,34.255405,34.203766,34.154453,34.107483,34.062843,34.020535,33.980553,33.942902,33.907574,33.874577,33.843914,33.815586,33.789593,33.765949,33.744659,33.725723,33.709160,33.694977,33.683186,33.673786,33.666801,33.662251,33.660137,33.660480,33.663303,33.668613,33.676434,33.686783,33.699688,33.715164,33.733231,33.753922,33.777256,33.803261,33.831963,33.863380,33.897556,33.934505,33.974274,34.016876,34.062355,34.110748,34.162075,34.216373,34.273685,34.334042,34.397480,34.464031,34.533752,34.606655,34.682796,34.762215,34.844952,34.931042,35.020519,35.113438,35.209827,35.309738,35.413212,35.520287,35.631001,35.745407,35.863525,35.985416,36.111107,36.240635,36.374065,36.511395,36.652683,36.797977,36.947296,37.100674,37.258129,37.419716,37.585457,37.755367,37.929462,38.107784,38.290340,38.477142,38.668213,38.863544,39.063168,39.267056,39.475220,39.687660,39.904350,40.125298,40.350464,40.579811,40.813358,41.051010,41.292774,41.538567,41.788353,42.042076,42.299667,42.561031,42.826126,43.094830,43.367039,43.642658,43.921551,44.203590,44.488583,44.776348,45.066654,45.359207,45.653641,45.949482,46.246113,46.542690,46.838078,47.130684,47.418278,47.697742,47.964607,48.212528,48.432461,48.611401,48.730732,48.763737,50.000000
75.000000,73.303780,73.046951,72.689072,72.261162,71.784920,71.275581,70.743851,70.197281,69.641220,69.079460,68.514702,67.948914,67.383499,66.819542,66.257843,65.698990,65.143501,64.591721,64.043991,63.500584,62.961727,62.427628,61.898468,61.374397,60.855568,60.342121,59.834175,59.331829,58.835186,58.344345,57.859367,57.380329,56.907299,56.440327,55.979462,55.524731,55.076164,54.633801,54.197655,53.767715,53.344021,52.926537,52.515274,52.110229,51.711357,51.318661,50.932095,50.551651,50.177273,49.808937,49.446594,49.090202,48.739723,48.395084,48.056259,47.723175,47.395786,47.074028,46.757843,46.447178,46.141960,45.842129,45.547623,45.258369,44.974312,44.695370,44.421509,44.152622,43.888668,43.629574,43.375267,43.125698,42.880779,42.640465,42.404667,42.173332,41.946407,41.723808,41.505482,41.291363,41.081398,40.875515,40.673664,40.475769,40.281792,40.091660,39.905315,39.722721,39.543804,39.368515,39.196812,39.028629,38.863922,38.702641,38.544743,38.390167,38.238880,38.090828,37.945976,37.804276,37.665680,37.530155,37.397663,37.268166,37.141613,37.017986,36.897247,36.779346,36.664261,36.551960,36.442421,36.335598,36.231468,36.130013,36.031189,35.934990,35.841373,35.750328,35.661831,35.575851,35.492382,35.411392,35.332870,35.256805,35.183170,35.111958,35.043140,34.976727,34.912689,34.851025,34.791714,34.734756,34.680153,34.627876,34.577938,34.530315,34.485023,34.442051,34.401394,34.363060,34.327038,34.293343,34.261959,34.232914,34.206188,34.181797,34.159744,34.140041,34.122704,34.107719,34.095116,34.084900,34.077084,34.071674,34.068695,34.068161,34.070072,34.074467,34.081352,34.090752,34.102680,34.117168,34.134220,34.153873,34.176144,34.201057,34.228653,34.258930,34.291946,34.327702,34.366249,34.407604,34.451809,34.498863,34.548847,34.601757,34.657642,34.716534,34.778469,34.843472,34.911594,34.982872,35.057331,35.135014,35.215950,35.300194,35.387787,35.478752,35.573135,35.670967,35.772308,35.877182,35.985619,36.097672,36.213383,36.332771,36.455898,36.582779,36.713463,36.847977,36.986359,37.128639,37.274857,37.425030,37.579201,37.737392,37.899624,38.065910,38.236290,38.410763,38.589367,38.772102,38.958969,39.149990,39.345161,39.544479,39.747929,39.955532,40.167252,40.383083,40.603001,40.826973,41.054974,41.286972,41.522911,41.762760,42.006454,42.253933,42.505150,42.760002,43.018440,43.280350,43.545654,43.814217,44.085957,44.360706,44.638332,44.918640,45.201416,45.486408,45.773315,46.061680,46.351017,46.640598,46.929489,47.216377,47.499439,47.776173,48.043007,48.294926,48.524761,48.722370,48.873291,48.956860,50.000000
75.000000,73.733727,73.355881,72.918449,72.439384,71.931488,71.403793,70.862862,70.313286,69.758430,69.200722,68.641930,68.083374,67.525978,66.970596,66.417740,65.867882,65.321442,64.778656,64.239876,63.705307,63.175144,62.649586,62.128792,61.612915,61.102097,60.596478,60.096146,59.601223,59.111805,58.627987,58.149837,57.677422,57.210823,56.750076,56.295242,55.846340,55.403412,54.966499,54.535599,54.110744,53.691921,53.279156,52.872429,52.471733,52.077057,51.688381,51.305672,50.928925,50.558094,50.193153,49.834068,49.480778,49.133251,48.791458,48.455326,48.124825,47.799877,47.480453,47.166485,46.857918,46.554684,46.256744,45.964031,45.676456,45.393990,45.116562,44.844105,44.576565,44.313854,44.055923,43.802715,43.554161,43.310196,43.070763,42.835796,42.605221,42.378986,42.157036,41.939289,41.725704,41.516220,41.310768,41.109299,40.911751,40.718063,40.528194,40.342072,40.159653,39.980877,39.805702,39.634068,39.465923,39.301228,39.139931,38.981983,38.827339,38.675949,38.527775,38.382771,38.240898,38.102119,37.966381,37.833660,37.703903,37.577091,37.453167,37.332115,37.213898,37.098476,36.985821,36.875916,36.768707,36.664185,36.562313,36.463070,36.366436,36.272377,36.180870,36.091908,36.005444,35.921478,35.839989,35.760960,35.684368,35.610199,35.538441,35.469074,35.402096,35.337486,35.275234,35.215336,35.157780,35.102554,35.049660,34.999084,34.950829,34.904884,34.861244,34.819920,34.780899,34.744186,34.709782,34.677685,34.647907,34.620445,34.595303,34.572487,34.552006,34.533875,34.518082,34.504665,34.493607,34.484943,34.478672,34.474812,34.473377,34.474373,34.477833,34.483761,34.492188,34.503124,34.516590,34.532608,34.551193,34.572384,34.596188,34.622643,34.651772,34.683586,34.718124,34.755413,34.795490,34.838375,34.884087,34.932678,34.984165,35.038589,35.095982,35.156380,35.219803,35.286297,35.355892,35.428623,35.504532,35.583649,35.666027,35.751671,35.840645,35.932980,36.028706,36.127865,36.230484,36.336624,36.446293,36.559547,36.676407,36.796917,36.921116,37.049034,37.180687,37.316124,37.455372,37.598465,37.745407,37.896255,38.051025,38.209724,38.372375,38.539013,38.709641,38.884274,39.062920,39.245583,39.432270,39.622993,39.817745,40.016506,40.219269,40.426044,40.636787,40.851471,41.070091,41.292603,41.518970,41.749149,41.983101,42.220760,42.462078,42.706985,42.955399,43.207268,43.462494,43.720982,43.982635,44.247334,44.514965,44.785397,45.058437,45.333958,45.611710,45.891468,46.172901,46.455624,46.739151,47.022820,47.305752,47.586777,47.864262,48.136005,48.398880,48.648586,48.879040,49.081753,49.244743,50.000000
75.000000,74.246826,73.723198,73.188599,72.645897,72.097397,71.545013,70.990280,70.434410,69.878365,69.322998,68.768860,68.216560,67.666512,67.119064,66.574593,66.033386,65.495636,64.961639,64.431572,63.905605,63.383945,62.866779,62.354198,61.846382,61.343449,60.845520,60.352711,59.865120,59.382839,58.905964,58.434563,57.968719,57.508495,57.053913,56.605064,56.161961,55.724659,55.293171,54.867516,54.447727,54.033794,53.625736,53.223549,52.827229,52.436760,52.052124,51.673309,51.300285,50.933033,50.571529,50.215733,49.865585,49.521080,49.182163,48.848782,48.520897,48.198456,47.881413,47.569725,47.263309,46.962132,46.666138,46.375263,46.089451,45.808643,45.532787,45.261803,44.995651,44.734253,44.477570,44.225513,43.978050,43.735100,43.496609,43.262516,43.032764,42.807293,42.586044,42.368946,42.155945,41.947002,41.742043,41.541016,41.343872,41.150536,40.960972,40.775120,40.592934,40.414356,40.239334,40.067825,39.899773,39.735142,39.573875,39.415920,39.261250,39.109814,38.961555,38.816448,38.674442,38.535507,38.399597,38.266670,38.136703,38.009655,37.885487,37.764160,37.645653,37.529922,37.416946,37.306698,37.199135,37.094242,36.991993,36.892353,36.795311,36.700821,36.608875,36.519463,36.432545,36.348106,36.266132,36.186607,36.109505,36.034817,35.962528,35.892628,35.825092,35.759918,35.697098,35.636612,35.578457,35.522636,35.469128,35.417923,35.369022,35.322433,35.278133,35.236134,35.196434,35.159027,35.123913,35.091103,35.060589,35.032383,35.006481,34.982895,34.961624,34.942696,34.926090,34.911839,34.899940,34.890411,34.883255,34.878498,34.876148,34.876217,34.878723,34.883686,34.891117,34.901035,34.913464,34.928413,34.945923,34.966000,34.988674,35.013966,35.041893,35.072502,35.105789,35.141804,35.180565,35.222103,35.266438,35.313610,35.363647,35.416576,35.472431,35.531254,35.593060,35.657883,35.725769,35.796745,35.870853,35.948109,36.028557,36.112244,36.199188,36.289433,36.383011,36.479950,36.580296,36.684082,36.791340,36.902092,37.016392,37.134266,37.255741,37.380840,37.509617,37.642071,37.778263,37.918194,38.061890,38.209396,38.360710,38.515862,38.674866,38.837742,39.004498,39.175156,39.349712,39.528172,39.710541,39.896812,40.086998,40.281071,40.479031,40.680855,40.886536,41.096031,41.309319,41.526382,41.747162,41.971619,42.199722,42.431404,42.666618,42.905296,43.147354,43.392750,43.641373,43.893150,44.147987,44.405781,44.666428,44.929806,45.195782,45.464241,45.735008,46.007935,46.282795,46.559414,46.837521,47.116825,47.396969,47.677525,47.957966,48.237640,48.515747,48.791252,49.062912,49.329132,49.588047,50.000000
75.000000,74.774208,74.101410,73.466805,72.858078,72.267136,71.688545,71.118797,70.555664,69.997673,69.443962,68.894005,68.347488,67.804375,67.264580,66.728218,66.195358,65.666138,65.140671,64.619102,64.101608,63.588306,63.079342,62.574844,62.074955,61.579788,61.089443,60.604050,60.123688,59.648464,59.178471,58.713753,58.254410,57.800484,57.352055,56.909138,56.471813,56.040085,55.613995,55.193584,54.778839,54.369785,53.966450,53.568802,53.176865,52.790619,52.410042,52.035137,51.665886,51.302242,50.944199,50.591721,50.244762,49.903313,49.567322,49.236729,48.911522,48.591637,48.277035,47.967667,47.663464,47.364403,47.070415,46.781448,46.497444,46.218357,45.944115,45.674679,45.409973,45.149960,44.894558,44.643734,44.397415,44.155540,43.918060,43.684910,43.456028,43.231380,43.010883,42.794495,42.582153,42.373802,42.169388,41.968861,41.772160,41.579239,41.390034,41.204510,41.022602,40.844269,40.669464,40.498123,40.330215,40.165688,40.004494,39.846588,39.691933,39.540478,39.392181,39.247005,39.104919,38.965874,38.829823,38.696747,38.566593,38.439339,38.314945,38.193382,38.074619,37.958618,37.845345,37.734783,37.626900,37.521664,37.419056,37.319042,37.221607,37.126724,37.034367,36.944519,36.857159,36.772274,36.689831,36.609818,36.532230,36.457039,36.384235,36.313801,36.245724,36.180004,36.116615,36.055565,35.996826,35.940395,35.886276,35.834454,35.784924,35.737679,35.692726,35.650059,35.609673,35.571571,35.535751,35.502216,35.470963,35.442001,35.415340,35.390980,35.368919,35.349171,35.331749,35.316654,35.303902,35.293495,35.285454,35.279789,35.276505,35.275627,35.277168,35.281128,35.287552,35.296440,35.307808,35.321682,35.338081,35.357029,35.378540,35.402649,35.429367,35.458717,35.490738,35.525444,35.562859,35.603024,35.645950,35.691681,35.740234,35.791637,35.845936,35.903141,35.963295,36.026428,36.092564,36.161743,36.234009,36.309368,36.387875,36.469547,36.554428,36.642548,36.733940,36.828636,36.926674,37.028072,37.132874,37.241112,37.352814,37.468010,37.586735,37.708996,37.834850,37.964310,38.097404,38.234154,38.374580,38.518711,38.666565,38.818142,38.973480,39.132591,39.295471,39.462135,39.632591,39.806850,39.984882,40.166733,40.352352,40.541756,40.734909,40.931816,41.132454,41.336777,41.544788,41.756416,41.971664,42.190460,42.412766,42.638531,42.867702,43.100212,43.335991,43.574986,43.817093,44.062252,44.310375,44.561375,44.815144,45.071609,45.330658,45.592205,45.856155,46.122433,46.390965,46.661713,46.934696,47.209984,47.487762,47.768372,48.052414,48.340836,48.635159,48.937717,49.252110,49.583778,49.940895,50.000000
75.000000,75.246468,74.442436,73.719749,73.052979,72.424789,71.823395,71.240891,70.671867,70.112770,69.561234,69.015656,68.475090,67.938889,67.406700,66.878334,66.353722,65.832840,65.315765,64.802597,64.293411,63.788319,63.287445,62.790913,62.298813,61.811287,61.328430,60.850342,60.377136,59.908878,59.445667,58.987568,58.534653,58.086994,57.644642,57.207645,56.776035,56.349865,55.929169,55.513958,55.104256,54.700085,54.301453,53.908375,53.520817,53.138794,52.762306,52.391331,52.025848,51.665848,51.311302,50.962177,50.618454,50.280094,49.947060,49.619316,49.296814,48.979542,48.667423,48.360420,48.058495,47.761597,47.469666,47.182663,46.900517,46.623203,46.350655,46.082809,45.819618,45.561031,45.306995,45.057434,44.812325,44.571583,44.335175,44.103012,43.875084,43.651306,43.431625,43.216000,43.004360,42.796658,42.592850,42.392872,42.196671,42.004211,41.815430,41.630276,41.448704,41.270668,41.096111,40.924988,40.757271,40.592899,40.431820,40.274006,40.119404,39.967983,39.819691,39.674496,39.532352,39.393230,39.257084,39.123886,38.993591,38.866165,38.741592,38.619816,38.500824,38.384579,38.271046,38.160198,38.052013,37.946461,37.843521,37.743160,37.645359,37.550095,37.457348,37.367096,37.279312,37.193985,37.111088,37.030624,36.952553,36.876869,36.803562,36.732616,36.664013,36.597752,36.533813,36.472187,36.412872,36.355850,36.301132,36.248692,36.198524,36.150646,36.105038,36.061695,36.020626,35.981831,35.945297,35.911034,35.879051,35.849339,35.821907,35.796757,35.773895,35.753338,35.735081,35.719135,35.705513,35.694225,35.685280,35.678684,35.674461,35.672615,35.673168,35.676132,35.681519,35.689354,35.699650,35.712425,35.727695,35.745495,35.765816,35.788715,35.814190,35.842285,35.872997,35.906368,35.942421,35.981182,36.022667,36.066925,36.113956,36.163818,36.216507,36.272076,36.330547,36.391949,36.456314,36.523678,36.594055,36.667484,36.744011,36.823639,36.906433,36.992393,37.081570,37.173981,37.269665,37.368664,37.470982,37.576664,37.685734,37.798225,37.914165,38.033577,38.156479,38.282913,38.412891,38.546436,38.683567,38.824306,38.968678,39.116680,39.268333,39.423653,39.582653,39.745319,39.911686,40.081730,40.255459,40.432854,40.613934,40.798668,40.987049,41.179054,41.374680,41.573868,41.776611,41.982872,42.192612,42.405785,42.622353,42.842251,43.065445,43.291847,43.521420,43.754082,43.989773,44.228397,44.469898,44.714191,44.961197,45.210835,45.463039,45.717766,45.974983,46.234676,46.496906,46.761791,47.029583,47.300678,47.575760,47.855854,48.142567,48.438255,48.746525,49.072662,49.424519,49.813629,50.256989,50.000000
75.000000,75.602829,74.704010,73.918129,73.210205,72.556229,71.939819,71.349724,70.778336,70.220451,69.672592,69.132408,68.598343,68.069420,67.544998,67.024704,66.508324,65.995781,65.487022,64.982117,64.481117,63.984119,63.491207,63.002495,62.518101,62.038113,61.562641,61.091778,60.625618,60.164249,59.707748,59.256187,58.809662,58.368202,57.931885,57.500740,57.074825,56.654186,56.238834,55.828831,55.424160,55.024845,54.630917,54.242378,53.859219,53.481445,53.109039,52.742016,52.380341,52.024002,51.672985,51.327244,50.986771,50.651543,50.321510,49.996647,49.676910,49.362278,49.052692,48.748116,48.448505,48.153812,47.863995,47.579006,47.298786,47.023293,46.752476,46.486290,46.224663,45.967567,45.714939,45.466713,45.222858,44.983311,44.748020,44.516926,44.289974,44.067131,43.848324,43.633511,43.422623,43.215641,43.012474,42.813103,42.617466,42.425510,42.237194,42.052460,41.871273,41.693577,41.519321,41.348476,41.180984,41.016808,40.855896,40.698208,40.543713,40.392357,40.244114,40.098930,39.956772,39.817608,39.681400,39.548115,39.417709,39.290154,39.165417,39.043472,38.924282,38.807812,38.694046,38.582943,38.474491,38.368649,38.265400,38.164715,38.066578,37.970959,37.877838,37.787189,37.699009,37.613258,37.529938,37.449020,37.370491,37.294331,37.220535,37.149086,37.079967,37.013172,36.948692,36.886509,36.826622,36.769020,36.713692,36.660645,36.609859,36.561337,36.515068,36.471066,36.429314,36.389820,36.352577,36.317593,36.284859,36.254395,36.226185,36.200249,36.176575,36.155193,36.136101,36.119293,36.104794,36.092606,36.082745,36.075214,36.070030,36.067211,36.066761,36.068703,36.073048,36.079811,36.089008,36.100666,36.114788,36.131409,36.150539,36.172199,36.196415,36.223206,36.252598,36.284615,36.319275,36.356609,36.396633,36.439377,36.484871,36.533146,36.584213,36.638115,36.694870,36.754517,36.817070,36.882572,36.951050,37.022530,37.097031,37.174595,37.255257,37.339031,37.425949,37.516064,37.609371,37.705917,37.805717,37.908821,38.015240,38.125004,38.238125,38.354649,38.474586,38.597969,38.724812,38.855137,38.988941,39.126282,39.267143,39.411560,39.559521,39.711056,39.866158,40.024841,40.187088,40.352924,40.522331,40.695309,40.871849,41.051941,41.235565,41.422695,41.613312,41.807400,42.004921,42.205833,42.410118,42.617718,42.828598,43.042690,43.259964,43.480335,43.703758,43.930168,44.159500,44.391670,44.626629,44.864292,45.104591,45.347477,45.592907,45.840866,46.091335,46.344414,46.600204,46.858994,47.121181,47.387455,47.658833,47.936863,48.223904,48.523403,48.840431,49.182495,49.560539,49.990528,50.495811,50.000000
75.000000,75.799095,74.855270,74.040367,73.314690,72.650978,72.030472,71.440285,70.871552,70.318291,69.776413,69.243095,68.716522,68.195496,67.679214,67.167183,66.659126,66.154900,65.654427,65.157722,64.664818,64.175804,63.690784,63.209797,62.732975,62.260426,61.792248,61.328503,60.869308,60.414742,59.964874,59.519806,59.079578,58.644268,58.213932,57.788605,57.368351,56.953205,56.543186,56.138340,55.738682,55.344227,54.955009,54.570999,54.192245,53.818710,53.450420,53.087353,52.729500,52.376839,52.029358,51.687038,51.349854,51.017776,50.690788,50.368843,50.051918,49.739964,49.432953,49.130852,48.833588,48.541153,48.253498,47.970570,47.692318,47.418709,47.149677,46.885193,46.625191,46.369629,46.118458,45.871624,45.629089,45.390781,45.156662,44.926685,44.700779,44.478909,44.261028,44.047077,43.837006,43.630775,43.428322,43.229599,43.034569,42.843174,42.655373,42.471111,42.290344,42.113045,41.939137,41.768600,41.601383,41.437439,41.276741,41.119228,40.964870,40.813629,40.665459,40.520329,40.378201,40.239033,40.102802,39.969456,39.838978,39.711327,39.586464,39.464371,39.345013,39.228355,39.114384,39.003056,38.894360,38.788250,38.684719,38.583729,38.485271,38.389313,38.295841,38.204830,38.116261,38.030113,37.946377,37.865025,37.786053,37.709435,37.635166,37.563221,37.493599,37.426281,37.361267,37.298534,37.238087,37.179909,37.123985,37.070335,37.018929,36.969769,36.922852,36.878181,36.835747,36.795555,36.757603,36.721886,36.688408,36.657177,36.628197,36.601460,36.576984,36.554760,36.534821,36.517147,36.501759,36.488667,36.477879,36.469398,36.463245,36.459435,36.457970,36.458870,36.462154,36.467827,36.475918,36.486431,36.499393,36.514812,36.532722,36.553131,36.576065,36.601540,36.629581,36.660213,36.693459,36.729332,36.767868,36.809090,36.853012,36.899670,36.949089,37.001289,37.056313,37.114166,37.174896,37.238510,37.305042,37.374527,37.446987,37.522461,37.600960,37.682522,37.767170,37.854931,37.945839,38.039913,38.137177,38.237663,38.341396,38.448402,38.558697,38.672302,38.789253,38.909561,39.033253,39.160320,39.290810,39.424728,39.562077,39.702881,39.847145,39.994881,40.146076,40.300758,40.458916,40.620548,40.785641,40.954212,41.126225,41.301689,41.480553,41.662838,41.848495,42.037498,42.229836,42.425446,42.624313,42.826378,43.031609,43.239952,43.451359,43.665768,43.883106,44.103348,44.326385,44.552170,44.780651,45.011745,45.245411,45.481598,45.720264,45.961418,46.205105,46.451408,46.700550,46.952827,47.208778,47.469208,47.735359,48.009068,48.293072,48.591377,48.909882,49.257187,49.645779,50.093891,50.627907,50.000000
75.000000,75.813217,74.880585,74.075340,73.358604,72.703499,72.091499,71.509834,70.949669,70.405014,69.871773,69.347137,68.829254,68.316879,67.809219,67.305740,66.806122,66.310280,65.818054,65.329521,64.844635,64.363548,63.886269,63.412930,62.943604,62.478382,62.017384,61.560684,61.108368,60.660522,60.217239,59.778564,59.344589,58.915371,58.490963,58.071415,57.656773,57.247078,56.842361,56.442669,56.048004,55.658390,55.273849,54.894394,54.520031,54.150753,53.786572,53.427467,53.073444,52.724491,52.380585,52.041702,51.707829,51.378948,51.055031,50.736031,50.421940,50.112698,49.808311,49.508709,49.213852,48.923725,48.638283,48.357452,48.081223,47.809532,47.542343,47.279602,47.021278,46.767311,46.517654,46.272259,46.031082,45.794064,45.561172,45.332344,45.107540,44.886703,44.669800,44.456768,44.247559,44.042126,43.840427,43.642406,43.448032,43.257240,43.070004,42.886257,42.705971,42.529102,42.355591,42.185406,42.018505,41.854851,41.694386,41.537090,41.382908,41.231819,41.083771,40.938732,40.796661,40.657532,40.521301,40.387943,40.257420,40.129692,40.004742,39.882538,39.763039,39.646225,39.532074,39.420544,39.311623,39.205280,39.101482,39.000225,38.901463,38.805195,38.711388,38.620026,38.531097,38.444565,38.360428,38.278660,38.199257,38.122192,38.047455,37.975037,37.904922,37.837101,37.771557,37.708286,37.647282,37.588531,37.532032,37.477768,37.425743,37.375954,37.328392,37.283058,37.239944,37.199051,37.160389,37.123943,37.089718,37.057724,37.027954,37.000416,36.975124,36.952068,36.931271,36.912720,36.896439,36.882423,36.870693,36.861259,36.854122,36.849304,36.846813,36.846661,36.848866,36.853439,36.860397,36.869751,36.881531,36.895744,36.912399,36.931541,36.953167,36.977306,37.003979,37.033207,37.064999,37.099403,37.136425,37.176086,37.218422,37.263443,37.311180,37.361664,37.414913,37.470955,37.529812,37.591518,37.656086,37.723553,37.793945,37.867287,37.943607,38.022923,38.105267,38.190655,38.279133,38.370716,38.465408,38.563259,38.664284,38.768505,38.875946,38.986626,39.100567,39.217777,39.338284,39.462101,39.589249,39.719730,39.853550,39.990742,40.131302,40.275223,40.422523,40.573204,40.727272,40.884697,41.045490,41.209652,41.377163,41.548008,41.722149,41.899605,42.080311,42.264275,42.451450,42.641808,42.835289,43.031872,43.231522,43.434162,43.639759,43.848251,44.059582,44.273697,44.490513,44.709988,44.932053,45.156647,45.383713,45.613220,45.845142,46.079475,46.316273,46.555634,46.797783,47.043041,47.291954,47.545341,47.804478,48.071178,48.348221,48.639599,48.951183,49.291489,49.672874,50.113258,50.638588,50.000000
75.000000,75.647827,74.781296,74.023766,73.342232,72.713867,72.122871,71.558273,71.012558,70.480545,69.958664,69.444542,68.936531,68.433609,67.935036,67.440392,66.949417,66.461998,65.978065,65.497620,65.020729,64.547447,64.077858,63.612034,63.150101,62.692131,62.238224,61.788471,61.342953,60.901756,60.464962,60.032635,59.604847,59.181667,58.763134,58.349312,57.940243,57.535980,57.136524,56.741955,56.352257,55.967476,55.587616,55.212696,54.842720,54.477703,54.117634,53.762512,53.412338,53.067097,52.726776,52.391361,52.060829,51.735157,51.414330,51.098316,50.787094,50.480621,50.178875,49.881817,49.589409,49.301628,49.018414,48.739746,48.465580,48.195850,47.930546,47.669617,47.413002,47.160675,46.912575,46.668667,46.428909,46.193230,45.961613,45.734001,45.510338,45.290581,45.074699,44.862633,44.654327,44.449757,44.248852,44.051582,43.857910,43.667767,43.481136,43.297951,43.118187,42.941788,42.768711,42.598927,42.432381,42.269047,42.108875,41.951836,41.797874,41.646969,41.499073,41.354160,41.212189,41.073128,40.936935,40.803593,40.673050,40.545296,40.420280,40.297993,40.178383,40.061440,39.947132,39.835430,39.726307,39.619747,39.515720,39.414200,39.315174,39.218609,39.124485,39.032803,38.943516,38.856621,38.772106,38.689941,38.610115,38.532623,38.457432,38.384548,38.313950,38.245628,38.179569,38.115768,38.054222,37.994911,37.937828,37.882973,37.830330,37.779915,37.731705,37.685707,37.641918,37.600330,37.560947,37.523773,37.488796,37.456036,37.425484,37.397141,37.371021,37.347126,37.325459,37.306026,37.288837,37.273899,37.261219,37.250813,37.242687,37.236847,37.233315,37.232094,37.233208,37.236660,37.242474,37.250660,37.261230,37.274208,37.289612,37.307457,37.327759,37.350540,37.375816,37.403614,37.433956,37.466854,37.502331,37.540424,37.581135,37.624500,37.670536,37.719265,37.770721,37.824917,37.881882,37.941650,38.004230,38.069660,38.137951,38.209141,38.283249,38.360294,38.440296,38.523312,38.609325,38.698380,38.790489,38.885681,38.983990,39.085396,39.189964,39.297688,39.408596,39.522697,39.640015,39.760559,39.884346,40.011375,40.141670,40.275242,40.412079,40.552200,40.695599,40.842285,40.992245,41.145485,41.301994,41.461750,41.624756,41.790993,41.960449,42.133095,42.308899,42.487850,42.669895,42.855019,43.043171,43.234318,43.428417,43.625408,43.825260,44.027897,44.233276,44.441326,44.651993,44.865215,45.080929,45.299068,45.519577,45.742439,45.967602,46.195068,46.424873,46.657089,46.891926,47.129650,47.370708,47.615845,47.866138,48.123173,48.389336,48.668060,48.964378,49.285610,49.642265,50.049606,50.529587,50.000000
75.000000,75.329414,74.575447,73.897812,73.273827,72.687675,72.128365,71.588264,71.062035,70.546097,70.037949,69.535912,69.038849,68.546028,68.056976,67.571419,67.089172,66.610229,66.134537,65.662201,65.193214,64.727669,64.265640,63.807274,63.352631,62.901810,62.454910,62.012012,61.573212,61.138584,60.708214,60.282169,59.860500,59.443291,59.030594,58.622456,58.218914,57.820030,57.425831,57.036346,56.651604,56.271633,55.896442,55.526054,55.160461,54.799698,54.443741,54.092609,53.746296,53.404785,53.068066,52.736126,52.408951,52.086521,51.768822,51.455818,51.147491,50.843803,50.544750,50.250267,49.960350,49.674946,49.394020,49.117546,48.845470,48.577770,48.314392,48.055294,47.800449,47.549797,47.303314,47.060932,46.822632,46.588348,46.358051,46.131687,45.909218,45.690598,45.475780,45.264721,45.057369,44.853691,44.653637,44.457172,44.264233,44.074799,43.888809,43.706230,43.527027,43.351147,43.178551,43.009197,42.843067,42.680084,42.520245,42.363487,42.209785,42.059105,41.911404,41.766651,41.624805,41.485851,41.349728,41.216431,41.085907,40.958145,40.833103,40.710751,40.591068,40.474022,40.359585,40.247730,40.138439,40.031689,39.927448,39.825691,39.726418,39.629574,39.535172,39.443169,39.353550,39.266315,39.181427,39.098877,39.018650,38.940735,38.865112,38.791775,38.720707,38.651897,38.585335,38.521011,38.458920,38.399052,38.341396,38.285946,38.232708,38.181660,38.132812,38.086147,38.041679,37.999401,37.959305,37.921398,37.885674,37.852142,37.820793,37.791641,37.764698,37.739948,37.717415,37.697086,37.678986,37.663116,37.649479,37.638092,37.628960,37.622093,37.617496,37.615204,37.615204,37.617527,37.622177,37.629173,37.638531,37.650253,37.664375,37.680908,37.699867,37.721272,37.745136,37.771484,37.800343,37.831718,37.865639,37.902122,37.941193,37.982876,38.027184,38.074146,38.123783,38.176117,38.231174,38.288975,38.349541,38.412888,38.479073,38.548069,38.619946,38.694695,38.772362,38.852940,38.936485,39.022987,39.112488,39.204998,39.300552,39.399151,39.500824,39.605564,39.713436,39.824409,39.938526,40.055775,40.176189,40.299770,40.426521,40.556461,40.689575,40.825886,40.965389,41.108078,41.253952,41.403004,41.555225,41.710606,41.869133,42.030796,42.195560,42.363426,42.534336,42.708302,42.885262,43.065189,43.248062,43.433815,43.622417,43.813831,44.007969,44.204811,44.404297,44.606354,44.810925,45.017948,45.227367,45.439114,45.653126,45.869358,46.087765,46.308334,46.531055,46.755985,46.983215,47.212940,47.445469,47.681290,47.921173,48.166233,48.418129,48.679279,48.953236,49.245049,49.562088,49.914883,50.318573,50.000000
75.000000,74.904449,74.294838,73.719322,73.168358,72.635223,72.115059,71.604568,71.101418,70.604019,70.111229,69.622360,69.136948,68.654686,68.175415,67.699081,67.225685,66.755219,66.287758,65.823395,65.362228,64.904327,64.449821,63.998783,63.551346,63.107574,62.667591,62.231472,61.799301,61.371174,60.947144,60.527313,60.111706,59.700424,59.293495,58.890987,58.492958,58.099419,57.710426,57.326000,56.946198,56.571003,56.200466,55.834595,55.473389,55.116875,54.765053,54.417900,54.075451,53.737667,53.404568,53.076126,52.752327,52.433167,52.118603,51.808636,51.503250,51.202381,50.906029,50.614178,50.326767,50.043777,49.765179,49.490929,49.221001,48.955349,48.693947,48.436737,48.183693,47.934772,47.689922,47.449135,47.212330,46.979481,46.750553,46.525490,46.304256,46.086807,45.873104,45.663101,45.456749,45.254009,45.054848,44.859215,44.667068,44.478371,44.293076,44.111145,43.932545,43.757221,43.585148,43.416271,43.250568,43.087994,42.928516,42.772083,42.618679,42.468254,42.320782,42.176228,42.034546,41.895718,41.759712,41.626484,41.496017,41.368279,41.243233,41.120850,41.001110,40.883984,40.769451,40.657475,40.548038,40.441113,40.336685,40.234718,40.135204,40.038116,39.943432,39.851139,39.761215,39.673645,39.588406,39.505489,39.424881,39.346558,39.270508,39.196735,39.125206,39.055912,38.988857,38.924026,38.861401,38.800983,38.742760,38.686726,38.632881,38.581215,38.531727,38.484409,38.439262,38.396282,38.355476,38.316830,38.280357,38.246048,38.213917,38.183952,38.156174,38.130569,38.107155,38.085938,38.066910,38.050095,38.035488,38.023109,38.012962,38.005054,37.999397,37.996006,37.994888,37.996067,37.999535,38.005325,38.013451,38.023911,38.036739,38.051937,38.069534,38.089546,38.111980,38.136860,38.164207,38.194046,38.226383,38.261246,38.298649,38.338623,38.381180,38.426353,38.474148,38.524590,38.577709,38.633522,38.692055,38.753319,38.817345,38.884151,38.953766,39.026196,39.101482,39.179626,39.260662,39.344608,39.431477,39.521294,39.614071,39.709827,39.808586,39.910355,40.015156,40.122993,40.233883,40.347839,40.464867,40.584991,40.708191,40.834496,40.963886,41.096397,41.231987,41.370678,41.512470,41.657345,41.805294,41.956310,42.110374,42.267467,42.427570,42.590679,42.756741,42.925755,43.097664,43.272449,43.450054,43.630466,43.813614,43.999477,44.187996,44.379089,44.572746,44.768864,44.967403,45.168308,45.371483,45.576889,45.784447,45.994110,46.205788,46.419449,46.635052,46.852577,47.072025,47.293461,47.516960,47.742756,47.971130,48.202587,48.437847,48.677982,48.924557,49.179790,49.446880,49.730335,50.036518,50.000000
75.000000,74.432816,73.980759,73.516747,73.045456,72.569977,72.092239,71.613670,71.135155,70.657341,70.180641,69.705399,69.231918,68.760376,68.290970,67.823868,67.359222,66.897171,66.437874,65.981422,65.527946,65.077614,64.630501,64.186722,63.746365,63.309570,62.876419,62.446972,62.021355,61.599632,61.181892,60.768192,60.358582,59.953167,59.551983,59.155064,58.762478,58.374249,57.990433,57.611061,57.236149,56.865730,56.499832,56.138462,55.781635,55.429356,55.081654,54.738506,54.399918,54.065884,53.736401,53.411484,53.091076,52.775192,52.463802,52.156898,51.854450,51.556438,51.262840,50.973621,50.688759,50.408230,50.131985,49.860004,49.592255,49.328693,49.069298,48.814018,48.562813,48.315659,48.072510,47.833328,47.598072,47.366699,47.139175,46.915462,46.695503,46.479275,46.266727,46.057819,45.852509,45.650761,45.452526,45.257771,45.066460,44.878540,44.693981,44.512737,44.334778,44.160049,43.988533,43.820179,43.654942,43.492813,43.333729,43.177666,43.024586,42.874462,42.727249,42.582920,42.441441,42.302773,42.166908,42.033787,41.903400,41.775707,41.650688,41.528305,41.408539,41.291367,41.176754,41.064678,40.955120,40.848049,40.743458,40.641304,40.541569,40.444252,40.349316,40.256744,40.166527,40.078640,39.993073,39.909801,39.828819,39.750099,39.673649,39.599434,39.527458,39.457699,39.390160,39.324814,39.261673,39.200710,39.141930,39.085316,39.030876,38.978588,38.928467,38.880493,38.834671,38.791000,38.749477,38.710098,38.672874,38.637783,38.604858,38.574078,38.545460,38.518997,38.494705,38.472576,38.452629,38.434856,38.419277,38.405891,38.394726,38.385761,38.379032,38.374538,38.372288,38.372299,38.374584,38.379154,38.386024,38.395206,38.406723,38.420574,38.436790,38.455387,38.476372,38.499771,38.525593,38.553864,38.584599,38.617813,38.653542,38.691788,38.732574,38.775932,38.821861,38.870396,38.921555,38.975357,39.031822,39.090984,39.152836,39.217422,39.284760,39.354855,39.427738,39.503429,39.581944,39.663303,39.747513,39.834614,39.924603,40.017513,40.113335,40.212105,40.313828,40.418518,40.526176,40.636829,40.750469,40.867123,40.986763,41.109432,41.235104,41.363796,41.495491,41.630203,41.767906,41.908619,42.052311,42.198959,42.348579,42.501137,42.656612,42.814976,42.976219,43.140297,43.307190,43.476852,43.649269,43.824360,44.002129,44.182480,44.365406,44.550816,44.738693,44.928947,45.121529,45.316357,45.513371,45.712513,45.913681,46.116810,46.321823,46.528633,46.737129,46.947258,47.158867,47.371899,47.586205,47.801640,48.018040,48.235172,48.452747,48.670349,48.887386,49.102909,49.315632,49.523483,49.723362,50.000000
75.000000,73.979599,73.678223,73.321198,72.926598,72.506805,72.070221,71.622673,71.168167,70.709488,70.248543,69.786705,69.324921,68.863907,68.404221,67.946190,67.490189,67.036400,66.585114,66.136459,65.690605,65.247673,64.807823,64.371193,63.937855,63.507923,63.081490,62.658665,62.239510,61.824135,61.412594,61.004967,60.601315,60.201702,59.806187,59.414810,59.027626,58.644680,58.266003,57.891644,57.521614,57.155945,56.794662,56.437786,56.085323,55.737293,55.393700,55.054531,54.719826,54.389561,54.063713,53.742298,53.425312,53.112724,52.804523,52.500694,52.201221,51.906082,51.615261,51.328709,51.046425,50.768375,50.494526,50.224846,49.959312,49.697876,49.440529,49.187206,48.937893,48.692547,48.451126,48.213593,47.979927,47.750080,47.524002,47.301666,47.083035,46.868069,46.656708,46.448940,46.244717,46.043983,45.846729,45.652901,45.462452,45.275349,45.091564,44.911053,44.733768,44.559685,44.388760,44.220955,44.056236,43.894573,43.735924,43.580257,43.427551,43.277748,43.130825,42.986763,42.845512,42.707043,42.571346,42.438362,42.308079,42.180473,42.055508,41.933144,41.813389,41.696182,41.581520,41.469364,41.359711,41.252514,41.147774,41.045452,40.945530,40.847996,40.752827,40.660004,40.569508,40.481323,40.395435,40.311825,40.230480,40.151386,40.074535,39.999905,39.927490,39.857281,39.789257,39.723419,39.659756,39.598267,39.538929,39.481743,39.426701,39.373810,39.323055,39.274429,39.227936,39.183571,39.141335,39.101223,39.063244,39.027378,38.993656,38.962055,38.932594,38.905266,38.880081,38.857048,38.836163,38.817429,38.800865,38.786476,38.774261,38.764248,38.756424,38.750813,38.747421,38.746262,38.747345,38.750679,38.756287,38.764172,38.774357,38.786854,38.801674,38.818836,38.838356,38.860249,38.884525,38.911217,38.940331,38.971889,39.005909,39.042408,39.081406,39.122921,39.166973,39.213577,39.262760,39.314533,39.368916,39.425941,39.485607,39.547951,39.612984,39.680725,39.751194,39.824398,39.900379,39.979130,40.060673,40.145046,40.232231,40.322266,40.415146,40.510899,40.609531,40.711060,40.815483,40.922817,41.033062,41.146229,41.262325,41.381351,41.503311,41.628181,41.755981,41.886711,42.020348,42.156895,42.296341,42.438660,42.583836,42.731880,42.882736,43.036400,43.192841,43.352036,43.513939,43.678535,43.845768,44.015614,44.188019,44.362938,44.540321,44.720112,44.902271,45.086712,45.273384,45.462231,45.653149,45.846100,46.040955,46.237652,46.436073,46.636108,46.837605,47.040413,47.244324,47.449066,47.654305,47.859554,48.064194,48.267311,48.467613,48.663269,48.851597,49.028736,49.189049,49.324318,49.422497,50.000000
75.000000,73.606461,73.429939,73.162292,72.832359,72.459984,72.058868,71.638435,71.205238,70.763824,70.317291,69.867882,69.417122,68.966125,68.515717,68.066498,67.618851,67.173149,66.729683,66.288643,65.850273,65.414658,64.981987,64.552368,64.125931,63.702751,63.282970,62.866673,62.453899,62.044785,61.639389,61.237774,60.840004,60.446140,60.056244,59.670353,59.288544,58.910843,58.537270,58.167885,57.802708,57.441776,57.085091,56.732697,56.384583,56.040787,55.701302,55.366138,55.035301,54.708782,54.386585,54.068703,53.755138,53.445858,53.140862,52.840130,52.543655,52.251419,51.963383,51.679554,51.399872,51.124336,50.852898,50.585556,50.322266,50.062996,49.807720,49.556400,49.309002,49.065498,48.825840,48.590015,48.357975,48.129681,47.905090,47.684185,47.466900,47.253227,47.043102,46.836517,46.633408,46.433754,46.237507,46.044632,45.855091,45.668858,45.485874,45.306129,45.129559,44.956150,44.785854,44.618641,44.454475,44.293316,44.135143,43.979912,43.827591,43.678154,43.531563,43.387787,43.246788,43.108559,42.973053,42.840237,42.710094,42.582596,42.457706,42.335403,42.215664,42.098457,41.983772,41.871567,41.761833,41.654545,41.549671,41.447201,41.347118,41.249382,41.153992,41.060928,40.970177,40.881710,40.795521,40.711586,40.629894,40.550438,40.473194,40.398163,40.325317,40.254665,40.186172,40.119850,40.055683,39.993656,39.933777,39.876022,39.820396,39.766891,39.715504,39.666229,39.619068,39.574013,39.531067,39.490219,39.451477,39.414845,39.380314,39.347900,39.317585,39.289391,39.263321,39.239365,39.217529,39.197842,39.180283,39.164875,39.151627,39.140533,39.131615,39.124878,39.120327,39.117985,39.117851,39.119934,39.124268,39.130848,39.139690,39.150810,39.164215,39.179928,39.197964,39.218330,39.241055,39.266151,39.293625,39.323498,39.355801,39.390533,39.427719,39.467373,39.509525,39.554176,39.601368,39.651089,39.703373,39.758247,39.815701,39.875786,39.938503,40.003864,40.071899,40.142616,40.216030,40.292171,40.371029,40.452641,40.537010,40.624165,40.714096,40.806824,40.902344,41.000710,41.101883,41.205894,41.312740,41.422424,41.534962,41.650341,41.768566,41.889645,42.013557,42.140305,42.269882,42.402290,42.537495,42.675491,42.816261,42.959789,43.106060,43.255047,43.406723,43.561054,43.718018,43.877560,44.039669,44.204296,44.371395,44.540913,44.712826,44.887051,45.063538,45.242245,45.423096,45.606007,45.790913,45.977749,46.166389,46.356754,46.548706,46.742096,46.936771,47.132477,47.328922,47.525723,47.722347,47.918056,48.111824,48.302158,48.487003,48.663300,48.826717,48.970982,49.086929,49.161343,49.174988,50.000000
75.000000,73.363304,73.270714,73.064247,72.779526,72.441216,72.066322,71.666641,71.250359,70.823112,70.388855,69.950333,69.509529,69.067772,68.626076,68.185165,67.745567,67.307701,66.871826,66.438248,66.007149,65.578712,65.153076,64.730377,64.310722,63.894215,63.480984,63.071106,62.664658,62.261738,61.862385,61.466717,61.074760,60.686600,60.302280,59.921848,59.545353,59.172840,58.804352,58.439922,58.079571,57.723339,57.371243,57.023304,56.679535,56.339962,56.004585,55.673405,55.346443,55.023685,54.705143,54.390797,54.080662,53.774708,53.472935,53.175323,52.881874,52.592548,52.307339,52.026222,51.749176,51.476166,51.207191,50.942211,50.681198,50.424114,50.170952,49.921661,49.676224,49.434589,49.196747,48.962650,48.732273,48.505566,48.282501,48.063042,47.847168,47.634827,47.425987,47.220608,47.018661,46.820107,46.624912,46.433037,46.244442,46.059101,45.876968,45.698009,45.522205,45.349503,45.179871,45.013287,44.849697,44.689087,44.531414,44.376652,44.224754,44.075714,43.929474,43.786026,43.645321,43.507347,43.372066,43.239449,43.109467,42.982105,42.857323,42.735096,42.615410,42.498226,42.383537,42.271305,42.161510,42.054146,41.949165,41.846573,41.746330,41.648426,41.552841,41.459557,41.368557,41.279823,41.193348,41.109097,41.027077,40.947269,40.869656,40.794224,40.720963,40.649872,40.580921,40.514122,40.449455,40.386913,40.326485,40.268173,40.211960,40.157860,40.105850,40.055927,40.008095,39.962349,39.918690,39.877110,39.837616,39.800201,39.764870,39.731625,39.700462,39.671406,39.644428,39.619549,39.596779,39.576111,39.557556,39.541122,39.526817,39.514648,39.504616,39.496742,39.491024,39.487488,39.486126,39.486961,39.490002,39.495262,39.502743,39.512466,39.524445,39.538704,39.555237,39.574070,39.595222,39.618694,39.644508,39.672695,39.703247,39.736202,39.771561,39.809345,39.849575,39.892262,39.937424,39.985085,40.035252,40.087940,40.143192,40.200993,40.261364,40.324337,40.389919,40.458130,40.528969,40.602470,40.678635,40.757484,40.839031,40.923279,41.010235,41.099930,41.192356,41.287521,41.385448,41.486126,41.589569,41.695778,41.804752,41.916492,42.030991,42.148262,42.268295,42.391079,42.516605,42.644871,42.775852,42.909546,43.045918,43.184975,43.326679,43.471008,43.617935,43.767445,43.919483,44.074043,44.231060,44.390507,44.552345,44.716522,44.882996,45.051712,45.222614,45.395641,45.570721,45.747787,45.926769,46.107582,46.290112,46.474262,46.659885,46.846828,47.034878,47.223766,47.413147,47.602520,47.791267,47.978439,48.162758,48.342381,48.514687,48.675892,48.820553,48.940830,49.025356,49.057728,49.014149,50.000000
75.000000,73.281891,73.222778,73.042610,72.779045,72.458153,72.097977,71.711067,71.306114,70.889191,70.464485,70.034981,69.602768,69.169281,68.735611,68.302521,67.870583,67.440178,67.011711,66.585373,66.161392,65.739975,65.321228,64.905319,64.492332,64.082428,63.675652,63.272102,62.871891,62.475082,62.081734,61.691940,61.305752,60.923225,60.544422,60.169388,59.798180,59.430836,59.067375,58.707859,58.352322,58.000767,57.653236,57.309738,56.970299,56.634937,56.303665,55.976467,55.653381,55.334377,55.019489,54.708706,54.402000,54.099388,53.800842,53.506371,53.215946,52.929558,52.647186,52.368816,52.094421,51.823986,51.557491,51.294895,51.036182,50.781326,50.530308,50.283081,50.039623,49.799904,49.563900,49.331566,49.102879,48.877804,48.656303,48.438343,48.223904,48.012924,47.805397,47.601276,47.400520,47.203110,47.008995,46.818153,46.630535,46.446121,46.264881,46.086758,45.911736,45.739780,45.570847,45.404919,45.241947,45.081917,44.924774,44.770508,44.619080,44.470455,44.324612,44.181511,44.041130,43.903446,43.768417,43.636017,43.506233,43.379025,43.254375,43.132256,43.012642,42.895508,42.780838,42.668598,42.558773,42.451351,42.346287,42.243584,42.143208,42.045143,41.949379,41.855892,41.764668,41.675682,41.588928,41.504391,41.422054,41.341904,41.263931,41.188114,41.114456,41.042931,40.973541,40.906265,40.841106,40.778049,40.717094,40.658226,40.601437,40.546726,40.494095,40.443531,40.395031,40.348598,40.304230,40.261917,40.221664,40.183472,40.147335,40.113266,40.081253,40.051311,40.023441,39.997639,39.973911,39.952267,39.932709,39.915241,39.899879,39.886620,39.875473,39.866447,39.859566,39.854809,39.852215,39.851772,39.853516,39.857433,39.863544,39.871868,39.882408,39.895195,39.910206,39.927494,39.947048,39.968891,39.993050,40.019505,40.048313,40.079460,40.112976,40.148872,40.187157,40.227863,40.270992,40.316570,40.364601,40.415112,40.468113,40.523613,40.581638,40.642208,40.705315,40.771000,40.839256,40.910103,40.983562,41.059635,41.138332,41.219669,41.303658,41.390305,41.479614,41.571594,41.666260,41.763611,41.863636,41.966358,42.071766,42.179867,42.290665,42.404129,42.520279,42.639111,42.760593,42.884724,43.011505,43.140900,43.272915,43.407501,43.544659,43.684364,43.826580,43.971287,44.118454,44.268047,44.420006,44.574329,44.730946,44.889835,45.050938,45.214191,45.379555,45.546967,45.716354,45.887669,46.060799,46.235683,46.412220,46.590290,46.769745,46.950436,47.132130,47.314548,47.497311,47.679924,47.861671,48.041580,48.218258,48.389740,48.553207,48.704628,48.838211,48.945610,49.014771,49.028316,48.961159,50.000000
75.000000,73.371956,73.293152,73.102516,72.834610,72.513458,72.155746,71.773109,71.373566,70.962830,70.544800,70.122269,69.697182,69.270935,68.844551,68.418716,67.993980,67.570786,67.149399,66.730103,66.313095,65.898521,65.486557,65.077316,64.670914,64.267464,63.867065,63.469780,63.075718,62.684952,62.297539,61.913559,61.533073,61.156132,60.782803,60.413109,60.047142,59.684917,59.326466,58.971848,58.621063,58.274174,57.931175,57.592117,57.256996,56.925831,56.598644,56.275433,55.956215,55.640984,55.329742,55.022503,54.719261,54.419983,54.124691,53.833366,53.545982,53.262547,52.983036,52.707432,52.435719,52.167877,51.903870,51.643696,51.387314,51.134712,50.885860,50.640728,50.399292,50.161518,49.927376,49.696846,49.469887,49.246468,49.026566,48.810139,48.597153,48.387589,48.181404,47.978569,47.779045,47.582802,47.389809,47.200035,47.013439,46.829990,46.649658,46.472408,46.298203,46.127029,45.958832,45.793591,45.631271,45.471844,45.315277,45.161530,45.010593,44.862423,44.716999,44.574284,44.434246,44.296875,44.162125,44.029980,43.900410,43.773392,43.648903,43.526913,43.407394,43.290333,43.175701,43.063480,42.953651,42.846180,42.741062,42.638260,42.537777,42.439571,42.343643,42.249966,42.158527,42.069309,41.982304,41.897488,41.814846,41.734367,41.656040,41.579857,41.505798,41.433861,41.364033,41.296295,41.230652,41.167091,41.105610,41.046188,40.988831,40.933529,40.880272,40.829067,40.779907,40.732792,40.687710,40.644665,40.603657,40.564686,40.527748,40.492844,40.459984,40.429161,40.400383,40.373646,40.348965,40.326332,40.305767,40.287258,40.270828,40.256470,40.244209,40.234028,40.225956,40.219986,40.216141,40.214424,40.214848,40.217419,40.222153,40.229057,40.238148,40.249432,40.262917,40.278641,40.296589,40.316788,40.339256,40.363991,40.391022,40.420357,40.452007,40.486004,40.522339,40.561039,40.602116,40.645599,40.691483,40.739788,40.790524,40.843719,40.899376,40.957523,41.018154,41.081295,41.146950,41.215137,41.285870,41.359146,41.434998,41.513412,41.594414,41.678005,41.764191,41.852985,41.944386,42.038391,42.135014,42.234253,42.336098,42.440556,42.547630,42.657318,42.769596,42.884468,43.001923,43.121952,43.244530,43.369659,43.497311,43.627464,43.760105,43.895203,44.032745,44.172684,44.314991,44.459648,44.606613,44.755848,44.907303,45.060936,45.216709,45.374569,45.534451,45.696316,45.860081,46.025692,46.193069,46.362137,46.532776,46.704906,46.878384,47.053024,47.228645,47.404961,47.581615,47.758144,47.933865,48.107861,48.278824,48.444904,48.603489,48.750797,48.881466,48.987751,49.058525,49.077785,49.022480,50.000000
75.000000,73.620087,73.472900,73.237953,72.942230,72.604500,72.237907,71.851608,71.451996,71.043564,70.629509,70.212013,69.792709,69.372704,68.952873,68.533775,68.115868,67.699516,67.285019,66.872551,66.462303,66.054459,65.649170,65.246475,64.846535,64.449463,64.055351,63.664246,63.276264,62.891457,62.509911,62.131672,61.756828,61.385422,61.017513,60.653145,60.292362,59.935211,59.581738,59.231983,58.885948,58.543671,58.205212,57.870552,57.539726,57.212761,56.889641,56.570404,56.255051,55.943592,55.636005,55.332329,55.032524,54.736599,54.444565,54.156395,53.872082,53.591614,53.314983,53.042160,52.773151,52.507908,52.246433,51.988701,51.734680,51.484352,51.237698,50.994682,50.755291,50.519489,50.287258,50.058548,49.833347,49.611614,49.393341,49.178478,48.966995,48.758869,48.554062,48.352547,48.154282,47.959248,47.767414,47.578728,47.393188,47.210739,47.031353,46.855007,46.681660,46.511288,46.343864,46.179344,46.017700,45.858913,45.702942,45.549763,45.399338,45.251656,45.106670,44.964371,44.824711,44.687679,44.553234,44.421368,44.292042,44.165237,44.040928,43.919086,43.799690,43.682720,43.568157,43.455978,43.346153,43.238670,43.133499,43.030636,42.930050,42.831730,42.735657,42.641804,42.550171,42.460739,42.373482,42.288399,42.205463,42.124680,42.046013,41.969467,41.895027,41.822681,41.752422,41.684235,41.618114,41.554054,41.492046,41.432087,41.374161,41.318268,41.264404,41.212566,41.162746,41.114948,41.069153,41.025379,40.983616,40.943863,40.906120,40.870392,40.836666,40.804962,40.775272,40.747604,40.721958,40.698349,40.676758,40.657211,40.639702,40.624245,40.610840,40.599503,40.590233,40.583046,40.577934,40.574932,40.574028,40.575241,40.578579,40.584057,40.591682,40.601463,40.613415,40.627548,40.643879,40.662422,40.683189,40.706181,40.731426,40.758934,40.788712,40.820782,40.855148,40.891842,40.930851,40.972214,41.015930,41.062012,41.110493,41.161358,41.214638,41.270336,41.328480,41.389065,41.452110,41.517624,41.585621,41.656109,41.729092,41.804581,41.882584,41.963120,42.046181,42.131763,42.219902,42.310566,42.403778,42.499523,42.597816,42.698643,42.802006,42.907894,43.016319,43.127262,43.240681,43.356617,43.475018,43.595882,43.719204,43.844948,43.973087,44.103615,44.236488,44.371696,44.509197,44.648960,44.790951,44.935131,45.081455,45.229904,45.380394,45.532906,45.687382,45.843758,46.001957,46.161953,46.323662,46.487003,46.651875,46.818184,46.985821,47.154640,47.324444,47.495007,47.666039,47.837132,48.007732,48.177082,48.344128,48.507389,48.664757,48.813232,48.948551,49.064602,49.152660,49.200169,49.189186,50.000000
75.000000,73.991898,73.738464,73.432854,73.090904,72.723785,72.339333,71.943100,71.539001,71.129784,70.717514,70.303520,69.888863,69.474304,69.060425,68.647598,68.236168,67.826439,67.418571,67.012756,66.609154,66.207909,65.809105,65.412895,65.019318,64.628532,64.240616,63.855598,63.473614,63.094715,62.718964,62.346416,61.977150,61.611229,61.248684,60.889576,60.533955,60.181843,59.833313,59.488361,59.147041,58.809383,58.475410,58.145149,57.818607,57.495811,57.176773,56.861504,56.550014,56.242294,55.938381,55.638245,55.341911,55.049355,54.760574,54.475567,54.194340,53.916855,53.643116,53.373096,53.106792,52.844185,52.585258,52.329975,52.078342,51.830315,51.585888,51.345020,51.107704,50.873901,50.643589,50.416740,50.193329,49.973328,49.756710,49.543438,49.333477,49.126820,48.923431,48.723267,48.526291,48.332504,48.141850,47.954304,47.769840,47.588421,47.410015,47.234604,47.062138,46.892612,46.725979,46.562210,46.401279,46.243156,46.087814,45.935223,45.785355,45.638180,45.493671,45.351799,45.212547,45.075882,44.941780,44.810211,44.681156,44.554588,44.430481,44.308815,44.189564,44.072712,43.958233,43.846107,43.736313,43.628834,43.523640,43.420727,43.320068,43.221638,43.125439,43.031433,42.939621,42.849976,42.762501,42.677162,42.593948,42.512856,42.433868,42.356972,42.282162,42.209419,42.138737,42.070107,42.003525,41.938972,41.876450,41.815952,41.757465,41.700989,41.646515,41.594044,41.543564,41.495083,41.448589,41.404079,41.361565,41.321030,41.282475,41.245914,41.211346,41.178745,41.148151,41.119549,41.092937,41.068325,41.045715,41.025120,41.006535,40.989960,40.975418,40.962910,40.952438,40.944012,40.937641,40.933334,40.931099,40.930939,40.932877,40.936909,40.943054,40.951321,40.961727,40.974270,40.988968,41.005840,41.024891,41.046124,41.069576,41.095238,41.123127,41.153255,41.185646,41.220303,41.257240,41.296474,41.338009,41.381866,41.428051,41.476589,41.527473,41.580730,41.636360,41.694386,41.754803,41.817631,41.882889,41.950562,42.020672,42.093235,42.168232,42.245701,42.325630,42.408016,42.492870,42.580196,42.669994,42.762257,42.856991,42.954185,43.053848,43.155964,43.260529,43.367523,43.476959,43.588799,43.703041,43.819668,43.938679,44.060009,44.183689,44.309666,44.437916,44.568420,44.701138,44.836044,44.973099,45.112274,45.253517,45.396793,45.542072,45.689285,45.838387,45.989342,46.142075,46.296513,46.452614,46.610321,46.769520,46.930145,47.092087,47.255238,47.419468,47.584579,47.750378,47.916565,48.082779,48.248535,48.413128,48.575623,48.734711,48.888519,49.034466,49.168850,49.286430,49.379784,49.438332,50.000000
75.000000,74.436913,74.055153,73.663315,73.264229,72.859970,72.452263,72.042267,71.630943,71.219032,70.807114,70.395630,69.984917,69.575233,69.166878,68.760025,68.354820,67.951454,67.550064,67.150757,66.753662,66.358856,65.966476,65.576607,65.189331,64.804733,64.422928,64.043945,63.667900,63.294800,62.924786,62.557884,62.194153,61.833641,61.476425,61.122536,60.772015,60.424919,60.081272,59.741119,59.404491,59.071419,58.741913,58.416008,58.093746,57.775112,57.460129,57.148815,56.841183,56.537231,56.236961,55.940392,55.647507,55.358315,55.072807,54.790985,54.512833,54.238342,53.967506,53.700314,53.436745,53.176781,52.920414,52.667618,52.418396,52.172691,51.930504,51.691818,51.456600,51.224815,50.996460,50.771500,50.549908,50.331654,50.116722,49.905071,49.696682,49.491520,49.289558,49.090778,48.895138,48.702618,48.513180,48.326797,48.143436,47.963081,47.785690,47.611244,47.439705,47.271042,47.105232,46.942242,46.782055,46.624626,46.469936,46.317963,46.168674,46.022034,45.878025,45.736622,45.597801,45.461533,45.327782,45.196545,45.067772,44.941467,44.817593,44.696125,44.577042,44.460327,44.345959,44.233917,44.124165,44.016712,43.911510,43.808559,43.707840,43.609329,43.513008,43.418873,43.326900,43.237064,43.149368,43.063789,42.980312,42.898933,42.819633,42.742397,42.667221,42.594093,42.523006,42.453941,42.386894,42.321854,42.258831,42.197800,42.138756,42.081699,42.026619,41.973522,41.922390,41.873226,41.826031,41.780796,41.737518,41.696209,41.656849,41.619461,41.584023,41.550549,41.519039,41.489491,41.461906,41.436298,41.412663,41.391010,41.371334,41.353653,41.337967,41.324276,41.312588,41.302925,41.295280,41.289658,41.286083,41.284542,41.285069,41.287651,41.292305,41.299053,41.307892,41.318832,41.331882,41.347073,41.364391,41.383865,41.405499,41.429306,41.455292,41.483482,41.513874,41.546490,41.581333,41.618431,41.657772,41.699383,41.743279,41.789463,41.837948,41.888733,41.941845,41.997299,42.055088,42.115223,42.177719,42.242588,42.309818,42.379433,42.451431,42.525829,42.602608,42.681793,42.763367,42.847359,42.933750,43.022518,43.113701,43.207275,43.303230,43.401573,43.502293,43.605370,43.710804,43.818573,43.928680,44.041084,44.155792,44.272758,44.391983,44.513439,44.637089,44.762917,44.890892,45.020966,45.153130,45.287334,45.423546,45.561714,45.701817,45.843777,45.987576,46.133141,46.280437,46.429413,46.579994,46.732117,46.885750,47.040771,47.197147,47.354782,47.513592,47.673458,47.834293,47.995956,48.158283,48.321114,48.484173,48.647198,48.809803,48.971504,49.131695,49.289528,49.443916,49.593468,49.736294,50.000000
75.000000,74.895477,74.381752,73.900940,73.442581,72.999626,72.567390,72.142693,71.723473,71.308296,70.896309,70.486954,70.079872,69.674850,69.271820,68.870743,68.471626,68.074516,67.679459,67.286552,66.895828,66.507408,66.121361,65.737709,65.356659,64.978172,64.602417,64.229378,63.859169,63.491859,63.127506,62.766167,62.407917,62.052780,61.700840,61.352112,61.006664,60.664524,60.325745,59.990356,59.658375,59.329861,59.004818,58.683266,58.365242,58.050755,57.739819,57.432461,57.128662,56.828457,56.531849,56.238838,55.949413,55.663593,55.381367,55.102726,54.827663,54.556190,54.288265,54.023903,53.763084,53.505791,53.252003,53.001713,52.754898,52.511551,52.271641,52.035145,51.802040,51.572315,51.345943,51.122890,50.903137,50.686665,50.473442,50.263451,50.056648,49.853016,49.652527,49.455154,49.260864,49.069645,48.881454,48.696262,48.514050,48.334778,48.158432,47.984974,47.814369,47.646610,47.481659,47.319481,47.160057,47.003357,46.849354,46.698017,46.549324,46.403259,46.259781,46.118874,45.980499,45.844643,45.711285,45.580391,45.451946,45.325920,45.202297,45.081051,44.962162,44.845608,44.731358,44.619408,44.509739,44.402317,44.297138,44.194176,44.093403,43.994823,43.898411,43.804146,43.712021,43.622025,43.534119,43.448315,43.364590,43.282928,43.203323,43.125759,43.050236,42.976734,42.905231,42.835747,42.768250,42.702744,42.639214,42.577660,42.518066,42.460438,42.404758,42.351032,42.299252,42.249409,42.201511,42.155552,42.111519,42.069431,42.029266,41.991039,41.954746,41.920380,41.887955,41.857460,41.828911,41.802303,41.777637,41.754921,41.734158,41.715351,41.698509,41.683636,41.670738,41.659813,41.650887,41.643955,41.639019,41.636097,41.635193,41.636318,41.639481,41.644684,41.651951,41.661278,41.672680,41.686165,41.701752,41.719440,41.739258,41.761196,41.785259,41.811489,41.839878,41.870441,41.903179,41.938126,41.975262,42.014618,42.056210,42.100029,42.146091,42.194420,42.245010,42.297874,42.353016,42.410458,42.470188,42.532230,42.596584,42.663250,42.732239,42.803551,42.877190,42.953167,43.031475,43.112122,43.195091,43.280396,43.368019,43.457962,43.550240,43.644821,43.741695,43.840866,43.942322,44.046036,44.152000,44.260216,44.370636,44.483253,44.598057,44.715004,44.834091,44.955269,45.078533,45.203815,45.331131,45.460392,45.591602,45.724709,45.859669,45.996437,46.134972,46.275230,46.417152,46.560696,46.705814,46.852448,47.000542,47.150051,47.300938,47.453148,47.606632,47.761375,47.917385,48.074665,48.233303,48.393414,48.555248,48.719166,48.885769,49.055992,49.231228,49.413574,49.606201,49.813782,50.043301,50.000000
75.000000,75.306885,74.676292,74.116638,73.605873,73.128838,72.675148,72.237808,71.811996,71.394424,70.982925,70.576042,70.172768,69.772522,69.374847,68.979523,68.586449,68.195534,67.806755,67.420135,67.035728,66.653595,66.273766,65.896332,65.521385,65.148949,64.779129,64.411972,64.047546,63.685951,63.327206,62.971382,62.618538,62.268730,61.922012,61.578419,61.237999,60.900787,60.566833,60.236164,59.908825,59.584831,59.264206,58.946983,58.633198,58.322842,58.015942,57.712517,57.412563,57.116112,56.823151,56.533684,56.247726,55.965279,55.686337,55.410877,55.138924,54.870457,54.605473,54.343952,54.085892,53.831276,53.580093,53.332325,53.087955,52.846970,52.609348,52.375069,52.144112,51.916466,51.692093,51.470978,51.253098,51.038429,50.826946,50.618629,50.413441,50.211369,50.012375,49.816444,49.623535,49.433643,49.246719,49.062756,48.881706,48.703552,48.528278,48.355843,48.186214,48.019386,47.855309,47.693974,47.535339,47.379391,47.226097,47.075436,46.927372,46.781891,46.638966,46.498573,46.360680,46.225269,46.092316,45.961803,45.833694,45.707981,45.584621,45.463623,45.344936,45.228558,45.114468,45.002632,44.893055,44.785690,44.680538,44.577576,44.476784,44.378151,44.281662,44.187298,44.095032,44.004864,43.916779,43.830757,43.746796,43.664875,43.584976,43.507099,43.431229,43.357357,43.285473,43.215561,43.147625,43.081654,43.017624,42.955555,42.895416,42.837215,42.780941,42.726593,42.674164,42.623653,42.575058,42.528370,42.483589,42.440720,42.399750,42.360687,42.323532,42.288280,42.254932,42.223503,42.193974,42.166359,42.140656,42.116882,42.095013,42.075085,42.057079,42.041019,42.026894,42.014721,42.004501,41.996239,41.989944,41.985630,41.983292,41.982948,41.984604,41.988262,41.993946,42.001652,42.011383,42.023167,42.037006,42.052906,42.070881,42.090935,42.113094,42.137341,42.163712,42.192207,42.222843,42.255615,42.290546,42.327644,42.366901,42.408356,42.451996,42.497845,42.545895,42.596161,42.648659,42.703384,42.760349,42.819565,42.881031,42.944740,43.010715,43.078953,43.149452,43.222221,43.297241,43.374554,43.454109,43.535931,43.620014,43.706356,43.794937,43.885757,43.978798,44.074081,44.171555,44.271236,44.373096,44.477112,44.583279,44.691574,44.801975,44.914444,45.028992,45.145561,45.264122,45.384674,45.507145,45.631523,45.757767,45.885841,46.015713,46.147327,46.280659,46.415638,46.552238,46.690418,46.830109,46.971298,47.113937,47.257980,47.403412,47.550220,47.698421,47.848049,47.999199,48.152050,48.306847,48.464031,48.624252,48.788479,48.958202,49.135578,49.323807,49.527615,49.753880,50.012711,50.318848,50.000000
75.000000,75.617432,74.901482,74.284645,73.736244,73.235207,72.766991,72.321640,71.892433,71.474594,71.065002,70.661537,70.262703,69.867592,69.475525,69.086105,68.699104,68.314377,67.931847,67.551498,67.173363,66.797417,66.423790,66.052475,65.683548,65.317108,64.953178,64.591835,64.233147,63.877182,63.523979,63.173622,62.826141,62.481594,62.140053,61.801537,61.466114,61.133789,60.804630,60.478664,60.155922,59.836422,59.520210,59.207302,58.897720,58.591480,58.288597,57.989094,57.692974,57.400257,57.110947,56.825031,56.542534,56.263462,55.987793,55.715538,55.446697,55.181255,54.919205,54.660549,54.405258,54.153339,53.904770,53.659534,53.417625,53.179031,52.943718,52.711674,52.482887,52.257332,52.034985,51.815830,51.599846,51.387009,51.177288,50.970669,50.767120,50.566628,50.369160,50.174694,49.983200,49.794655,49.609039,49.426319,49.246468,49.069466,48.895275,48.723888,48.555267,48.389393,48.226223,48.065750,47.907940,47.752766,47.600204,47.450237,47.302837,47.157978,47.015633,46.875778,46.738384,46.603439,46.470917,46.340797,46.213055,46.087662,45.964607,45.843864,45.725410,45.609234,45.495312,45.383614,45.274136,45.166859,45.061756,44.958817,44.858013,44.759342,44.662788,44.568325,44.475945,44.385632,44.297371,44.211155,44.126965,44.044785,43.964611,43.886429,43.810226,43.735996,43.663731,43.593410,43.525040,43.458607,43.394089,43.331501,43.270828,43.212063,43.155205,43.100239,43.047165,42.995987,42.946690,42.899277,42.853748,42.810097,42.768326,42.728436,42.690418,42.654278,42.620010,42.587624,42.557125,42.528500,42.501762,42.476910,42.453957,42.432892,42.413727,42.396461,42.381111,42.367676,42.356152,42.346558,42.338902,42.333183,42.329407,42.327583,42.327721,42.329826,42.333912,42.339985,42.348045,42.358116,42.370190,42.384296,42.400425,42.418587,42.438816,42.461082,42.485424,42.511845,42.540352,42.570950,42.603657,42.638474,42.675415,42.714489,42.755699,42.799053,42.844563,42.892231,42.942070,42.994083,43.048271,43.104649,43.163219,43.223969,43.286934,43.352085,43.419441,43.488998,43.560753,43.634708,43.710873,43.789215,43.869762,43.952484,44.037384,44.124458,44.213696,44.305084,44.398613,44.494255,44.592014,44.691872,44.793808,44.897797,45.003807,45.111839,45.221867,45.333843,45.447754,45.563564,45.681255,45.800781,45.922104,46.045204,46.170017,46.296513,46.424667,46.554424,46.685757,46.818604,46.952934,47.088718,47.225918,47.364517,47.504517,47.645916,47.788784,47.933205,48.079350,48.227482,48.378048,48.531666,48.689312,48.852440,49.023151,49.204552,49.401184,49.619701,49.869766,50.165436,50.527187,50.000000
75.000000,75.787582,75.029823,74.385742,73.820358,73.309448,72.836418,72.389793,71.961662,71.546677,71.141106,70.742455,70.349014,69.959633,69.573547,69.190285,68.809525,68.431030,68.054802,67.680695,67.308769,66.939003,66.571480,66.206223,65.843285,65.482727,65.124649,64.769043,64.416008,64.065613,63.717918,63.372963,63.030804,62.691490,62.355068,62.021587,61.691105,61.363636,61.039242,60.717930,60.399746,60.084736,59.772900,59.464279,59.158886,58.856754,58.557869,58.262283,57.969994,57.681000,57.395325,57.112968,56.833931,56.558228,56.285851,56.016796,55.751068,55.488655,55.229553,54.973759,54.721264,54.472050,54.226109,53.983425,53.743988,53.507805,53.274818,53.045036,52.818424,52.594982,52.374691,52.157520,51.943447,51.732460,51.524529,51.319633,51.117760,50.918869,50.722954,50.529972,50.339912,50.152752,49.968460,49.787010,49.608387,49.432560,49.259487,49.089176,48.921581,48.756676,48.594444,48.434860,48.277901,48.123524,47.971733,47.822487,47.675766,47.531536,47.389793,47.250500,47.113640,46.979183,46.847115,46.717411,46.590054,46.465012,46.342274,46.221813,46.103619,45.987656,45.873913,45.762383,45.653030,45.545845,45.440804,45.337898,45.237114,45.138424,45.041817,44.947277,44.854786,44.764347,44.675930,44.589520,44.505112,44.422695,44.342251,44.263771,44.187252,44.112675,44.040028,43.969311,43.900513,43.833626,43.768631,43.705544,43.644333,43.585011,43.527561,43.471985,43.418270,43.366428,43.316437,43.268311,43.222027,43.177601,43.135029,43.094303,43.055424,43.018391,42.983204,42.949875,42.918392,42.888756,42.860973,42.835052,42.810993,42.788792,42.768459,42.750004,42.733414,42.718704,42.705883,42.694950,42.685917,42.678780,42.673561,42.670250,42.668865,42.669411,42.671898,42.676319,42.682705,42.691048,42.701359,42.713650,42.727921,42.744190,42.762466,42.782753,42.805058,42.829395,42.855770,42.884186,42.914661,42.947193,42.981800,43.018478,43.057243,43.098106,43.141068,43.186134,43.233303,43.282597,43.334007,43.387539,43.443214,43.501011,43.560947,43.623020,43.687225,43.753574,43.822060,43.892677,43.965427,44.040306,44.117317,44.196445,44.277672,44.361004,44.446438,44.533951,44.623528,44.715172,44.808853,44.904560,45.002270,45.101963,45.203625,45.307236,45.412769,45.520187,45.629478,45.740604,45.853535,45.968235,46.084679,46.202812,46.322617,46.444054,46.567089,46.691658,46.817749,46.945309,47.074306,47.204720,47.336506,47.469658,47.604206,47.740162,47.877602,48.016647,48.157520,48.300545,48.446236,48.595352,48.749027,48.908978,49.077637,49.258614,49.457176,49.680954,49.941063,50.253590,50.641903,50.000000
75.000000,75.796982,75.047043,74.409988,73.851173,73.346703,72.880043,72.439774,72.018074,71.609520,71.210442,70.818291,70.431335,70.048424,69.668823,69.291992,68.917618,68.545517,68.175560,67.807724,67.441986,67.078377,66.716911,66.357643,66.000618,65.645920,65.293587,64.943657,64.596268,64.251389,63.909122,63.569496,63.232609,62.898464,62.567135,62.238663,61.913074,61.590420,61.270752,60.954071,60.640438,60.329868,60.022385,59.718033,59.416805,59.118752,58.823872,58.532181,58.243690,57.958424,57.676388,57.397579,57.122005,56.849670,56.580574,56.314720,56.052120,55.792744,55.536602,55.283680,55.033978,54.787479,54.544186,54.304070,54.067127,53.833351,53.602715,53.375206,53.150806,52.929501,52.711273,52.496101,52.283966,52.074856,51.868729,51.665588,51.465401,51.268143,51.073795,50.882336,50.693741,50.507977,50.325035,50.144890,49.967506,49.792870,49.620956,49.451736,49.285191,49.121300,48.960026,48.801357,48.645256,48.491718,48.340710,48.192204,48.046185,47.902630,47.761505,47.622807,47.486488,47.352547,47.220951,47.091686,46.964737,46.840065,46.717659,46.597504,46.479576,46.363857,46.250324,46.138962,46.029751,45.922684,45.817730,45.714882,45.614117,45.515415,45.418774,45.324173,45.231602,45.141029,45.052460,44.965885,44.881275,44.798626,44.717926,44.639164,44.562332,44.487415,44.414410,44.343300,44.274082,44.206745,44.141285,44.077694,44.015957,43.956081,43.898056,43.841873,43.787525,43.735012,43.684330,43.635487,43.588463,43.543259,43.499878,43.458321,43.418579,43.380661,43.344551,43.310268,43.277802,43.247158,43.218334,43.191341,43.166172,43.142830,43.121334,43.101665,43.083832,43.067856,43.053719,43.041439,43.031025,43.022476,43.015804,43.011005,43.008083,43.007053,43.007935,43.010708,43.015400,43.022015,43.030548,43.041019,43.053425,43.067799,43.084114,43.102406,43.122669,43.144909,43.169136,43.195374,43.223598,43.253845,43.286102,43.320393,43.356712,43.395061,43.435463,43.477928,43.522419,43.568985,43.617615,43.668312,43.721077,43.775906,43.832832,43.891815,43.952873,44.016018,44.081226,44.148514,44.217865,44.289284,44.362755,44.438282,44.515858,44.595467,44.677105,44.760746,44.846397,44.934040,45.023663,45.115234,45.208744,45.304188,45.401512,45.500732,45.601788,45.704674,45.809368,45.915833,46.024029,46.133942,46.245533,46.358772,46.473610,46.590000,46.707947,46.827374,46.948261,47.070576,47.194263,47.319321,47.445705,47.573433,47.702499,47.832939,47.964828,48.098297,48.233574,48.370979,48.511047,48.654545,48.802628,48.956978,49.120056,49.295498,49.488518,49.706711,49.961109,50.267681,50.649483,50.000000
75.000000,75.647095,74.953896,74.357697,73.828873,73.346977,72.897804,72.471596,72.061592,71.663094,71.272957,70.888962,70.509636,70.133965,69.761330,69.391251,69.023468,68.657837,68.294250,67.932663,67.573120,67.215584,66.860153,66.506798,66.155655,65.806725,65.460106,65.115837,64.773949,64.434540,64.097649,63.763344,63.431660,63.102642,62.776360,62.452835,62.132111,61.814240,61.499256,61.187168,60.878040,60.571896,60.268757,59.968636,59.671570,59.377571,59.086662,58.798878,58.514183,58.232639,57.954208,57.678944,57.406822,57.137863,56.872066,56.609417,56.349930,56.093594,55.840416,55.590378,55.343483,55.099724,54.859070,54.621536,54.387104,54.155754,53.927475,53.702263,53.480087,53.260933,53.044796,52.831646,52.621471,52.414253,52.209957,52.008595,51.810116,51.614510,51.421757,51.231827,51.044708,50.860382,50.678822,50.499992,50.323883,50.150467,49.979725,49.811626,49.646160,49.483295,49.323006,49.165272,49.010071,48.857380,48.707180,48.559448,48.414158,48.271275,48.130802,47.992702,47.856964,47.723560,47.592461,47.463661,47.337128,47.212849,47.090805,46.970970,46.853329,46.737869,46.624561,46.513393,46.404346,46.297405,46.192551,46.089767,45.989040,45.890358,45.793697,45.699043,45.606392,45.515720,45.427017,45.340275,45.255482,45.172611,45.091667,45.012627,44.935497,44.860252,44.786888,44.715397,44.645763,44.577995,44.512066,44.447979,44.385727,44.325302,44.266701,44.209911,44.154938,44.101765,44.050404,44.000835,43.953068,43.907093,43.862911,43.820518,43.779919,43.741104,43.704079,43.668846,43.635391,43.603733,43.573875,43.545799,43.519520,43.495041,43.472359,43.451481,43.432407,43.415150,43.399704,43.386074,43.374275,43.364300,43.356159,43.349865,43.345409,43.342812,43.342072,43.343189,43.346180,43.351048,43.357803,43.366451,43.376987,43.389439,43.403805,43.420082,43.438290,43.458431,43.480515,43.504543,43.530521,43.558472,43.588383,43.620270,43.654133,43.689983,43.727825,43.767647,43.809486,43.853317,43.899155,43.947006,43.996872,44.048740,44.102634,44.158539,44.216446,44.276382,44.338326,44.402275,44.468239,44.536186,44.606144,44.678078,44.751999,44.827888,44.905735,44.985535,45.067280,45.150940,45.236504,45.323978,45.413303,45.504494,45.597519,45.692352,45.788975,45.887360,45.987492,46.089321,46.192825,46.297985,46.404758,46.513115,46.623016,46.734432,46.847309,46.961636,47.077354,47.194447,47.312862,47.432594,47.553604,47.675877,47.799419,47.924271,48.050472,48.178162,48.307499,48.438797,48.572498,48.709259,48.850067,48.996429,49.150414,49.315182,49.495220,49.697056,49.930168,50.208191,50.550861,50.000000
75.000000,75.360603,74.765923,74.239479,73.760689,73.315208,72.893158,72.487595,72.093826,71.708504,71.329430,70.955070,70.584320,70.216568,69.851288,69.488220,69.127190,68.768105,68.410927,68.055588,67.702187,67.350723,67.001244,66.653793,66.308449,65.965248,65.624268,65.285538,64.949173,64.615166,64.283615,63.954544,63.628033,63.304096,62.982807,62.664192,62.348297,62.035175,61.724827,61.417324,61.112682,60.810921,60.512081,60.216194,59.923264,59.633316,59.346367,59.062443,58.781548,58.503700,58.228901,57.957165,57.688503,57.422905,57.160389,56.900951,56.644585,56.391300,56.141090,55.893948,55.649860,55.408836,55.170853,54.935909,54.703991,54.475090,54.249184,54.026276,53.806339,53.589367,53.375328,53.164219,52.956024,52.750713,52.548275,52.348701,52.151951,51.958023,51.766880,51.578518,51.392910,51.210037,51.029861,50.852386,50.677567,50.505394,50.335842,50.168892,50.004520,49.842709,49.683426,49.526653,49.372368,49.220551,49.071186,48.924240,48.779697,48.637531,48.497726,48.360260,48.225105,48.092255,47.961678,47.833355,47.707272,47.583408,47.461731,47.342236,47.224907,47.109718,46.996658,46.885700,46.776833,46.670040,46.565296,46.462605,46.361931,46.263271,46.166603,46.071918,45.979202,45.888439,45.799618,45.712719,45.627743,45.544678,45.463493,45.384193,45.306770,45.231205,45.157494,45.085632,45.015598,44.947395,44.881016,44.816433,44.753670,44.692703,44.633530,44.576145,44.520538,44.466717,44.414669,44.364391,44.315884,44.269135,44.224152,44.180931,44.139469,44.099762,44.061813,44.025631,43.991203,43.958527,43.927616,43.898460,43.871071,43.845444,43.821583,43.799492,43.779179,43.760628,43.743862,43.728886,43.715694,43.704285,43.694683,43.686878,43.680882,43.676701,43.674332,43.673794,43.675083,43.678204,43.683167,43.689980,43.698643,43.709175,43.721565,43.735832,43.751984,43.770016,43.789948,43.811764,43.835499,43.861134,43.888691,43.918175,43.949574,43.982906,44.018177,44.055389,44.094543,44.135635,44.178692,44.223694,44.270645,44.319553,44.370415,44.423237,44.478012,44.534740,44.593410,44.654034,44.716602,44.781097,44.847546,44.915894,44.986176,45.058350,45.132431,45.208389,45.286228,45.365921,45.447460,45.530830,45.616005,45.702969,45.791710,45.882187,45.974403,46.068310,46.163895,46.261120,46.359974,46.460407,46.562401,46.665924,46.770916,46.877373,46.985245,47.094490,47.205086,47.317001,47.430164,47.544586,47.660213,47.777042,47.895042,48.014248,48.134678,48.256386,48.379509,48.504257,48.630917,48.759975,48.892109,49.028366,49.170242,49.319923,49.480587,49.656841,49.855286,50.085491,50.361187,50.000000
75.000000,74.978355,74.511162,74.074638,73.659882,73.260567,72.872307,72.492088,72.117752,71.747803,71.381325,71.017563,70.656097,70.296669,69.939056,69.583183,69.228996,68.876503,68.525703,68.176643,67.829338,67.483887,67.140305,66.798706,66.459091,66.121559,65.786171,65.452965,65.122002,64.793381,64.467072,64.143211,63.821812,63.502914,63.186577,62.872841,62.561726,62.253300,61.947590,61.644611,61.344433,61.047047,60.752491,60.460781,60.171970,59.886044,59.603046,59.322979,59.045868,58.771698,58.500523,58.232315,57.967094,57.704868,57.445633,57.189404,56.936169,56.685944,56.438698,56.194443,55.953178,55.714901,55.479595,55.247250,55.017864,54.791420,54.567905,54.347317,54.129635,53.914845,53.702934,53.493885,53.287682,53.084301,52.883739,52.685970,52.490978,52.298740,52.109238,51.922455,51.738373,51.556965,51.378220,51.202103,51.028599,50.857693,50.689365,50.523579,50.360336,50.199589,50.041332,49.885544,49.732204,49.581284,49.432770,49.286633,49.142857,49.001423,48.862309,48.725494,48.590958,48.458675,48.328636,48.200821,48.075195,47.951759,47.830490,47.711357,47.594349,47.479450,47.366646,47.255917,47.147247,47.040615,46.936008,46.833412,46.732815,46.634190,46.537533,46.442829,46.350063,46.259216,46.170288,46.083256,45.998112,45.914841,45.833439,45.753887,45.676182,45.600311,45.526264,45.454025,45.383602,45.314972,45.248138,45.183086,45.119812,45.058308,44.998569,44.940590,44.884365,44.829895,44.777161,44.726173,44.676926,44.629410,44.583633,44.539581,44.497257,44.456669,44.417801,44.380661,44.345245,44.311562,44.279598,44.249363,44.220852,44.194077,44.169041,44.145733,44.124161,44.104332,44.086246,44.069908,44.055317,44.042480,44.031406,44.022091,44.014549,44.008774,44.004780,44.002567,44.002144,44.003510,44.006687,44.011654,44.018440,44.027035,44.037453,44.049706,44.063782,44.079704,44.097469,44.117088,44.138554,44.161884,44.187077,44.214146,44.243084,44.273899,44.306591,44.341183,44.377651,44.416012,44.456272,44.498421,44.542461,44.588409,44.636253,44.685993,44.737625,44.791145,44.846554,44.903851,44.963028,45.024086,45.087013,45.151802,45.218441,45.286922,45.357239,45.429382,45.503330,45.579060,45.656593,45.735889,45.816921,45.899673,45.984146,46.070301,46.158127,46.247589,46.338657,46.431320,46.525532,46.621284,46.718517,46.817223,46.917362,47.018898,47.121796,47.226006,47.331520,47.438274,47.546234,47.655365,47.765644,47.877026,47.989487,48.103004,48.217575,48.333206,48.449928,48.567825,48.687004,48.807663,48.930119,49.054810,49.182411,49.313915,49.450718,49.594883,49.749336,49.918270,50.107666,50.000000
75.000000,74.553513,74.226288,73.888504,73.543900,73.195053,72.843628,72.490791,72.137314,71.783737,71.430458,71.077789,70.725891,70.374962,70.025101,69.676460,69.329124,68.983192,68.638763,68.295876,67.954659,67.615150,67.277435,66.941574,66.607658,66.275734,65.945854,65.618126,65.292534,64.969215,64.648148,64.329407,64.013084,63.699177,63.387753,63.078846,62.772488,62.468723,62.167595,61.869137,61.573360,61.280312,60.990021,60.702499,60.417770,60.135860,59.856785,59.580574,59.307220,59.036743,58.769161,58.504471,58.242695,57.983833,57.727886,57.474865,57.224758,56.977577,56.733307,56.491955,56.253525,56.017994,55.785370,55.555641,55.328793,55.104824,54.883709,54.665451,54.450035,54.237450,54.027676,53.820702,53.616501,53.415077,53.216408,53.020462,52.827244,52.636726,52.448875,52.263695,52.081161,51.901241,51.723938,51.549206,51.377045,51.207428,51.040333,50.875740,50.713631,50.553986,50.396778,50.241997,50.089611,49.939613,49.791965,49.646664,49.503681,49.362999,49.224594,49.088448,48.954548,48.822861,48.693378,48.566078,48.440941,48.317951,48.197090,48.078335,47.961674,47.847088,47.734562,47.624077,47.515617,47.409164,47.304710,47.202229,47.101715,47.003143,46.906513,46.811794,46.718994,46.628078,46.539062,46.451900,46.366596,46.283146,46.201527,46.121738,46.043758,45.967583,45.893208,45.820618,45.749809,45.680763,45.613483,45.547958,45.484184,45.422157,45.361855,45.303288,45.246441,45.191326,45.137917,45.086220,45.036236,44.987957,44.941383,44.896507,44.853325,44.811844,44.772060,44.733967,44.697567,44.662857,44.629852,44.598530,44.568909,44.540989,44.514763,44.490238,44.467415,44.446289,44.426880,44.409184,44.393188,44.378914,44.366367,44.355541,44.346439,44.339073,44.333443,44.329556,44.327419,44.327023,44.328396,44.331516,44.336407,44.343082,44.351521,44.361736,44.373749,44.387547,44.403145,44.420547,44.439747,44.460758,44.483593,44.508236,44.534706,44.563004,44.593117,44.625080,44.658871,44.694492,44.731949,44.771255,44.812389,44.855370,44.900188,44.946846,44.995335,45.045662,45.097813,45.151791,45.207584,45.265198,45.324623,45.385845,45.448864,45.513657,45.580227,45.648544,45.718632,45.790432,45.863953,45.939186,46.016098,46.094677,46.174908,46.256760,46.340210,46.425243,46.511837,46.599941,46.689556,46.780651,46.873177,46.967117,47.062416,47.159069,47.257023,47.356243,47.456692,47.558338,47.661125,47.765007,47.869968,47.975937,48.082870,48.190704,48.299419,48.408943,48.519196,48.630119,48.741615,48.853596,48.965916,49.078388,49.190762,49.302689,49.413635,49.522850,49.629200,49.731010,49.825748,50.000000
75.000000,74.144447,73.951729,73.708969,73.432091,73.132011,72.816292,72.490074,72.156937,71.819366,71.479057,71.137215,70.794716,70.452156,70.109947,69.768417,69.427856,69.088379,68.750237,68.413483,68.078239,67.744606,67.412682,67.082527,66.754227,66.427856,66.103455,65.781097,65.460861,65.142738,64.826851,64.513245,64.201935,63.892963,63.586407,63.282288,62.980640,62.681515,62.384945,62.090954,61.799583,61.510845,61.224785,60.941414,60.660763,60.382847,60.107681,59.835297,59.565693,59.298889,59.034908,58.773724,58.515385,58.259888,58.007214,57.757397,57.510418,57.266285,57.025005,56.786564,56.550961,56.318195,56.088257,55.861145,55.636852,55.415352,55.196655,54.980747,54.767612,54.557240,54.349621,54.144722,53.942566,53.743107,53.546337,53.352245,53.160816,52.972019,52.785858,52.602299,52.421322,52.242916,52.067070,51.893757,51.722946,51.554634,51.388798,51.225414,51.064465,50.905941,50.749802,50.596046,50.444649,50.295578,50.148827,50.004379,49.862209,49.722294,49.584618,49.449162,49.315907,49.184841,49.055939,48.929169,48.804539,48.682018,48.561584,48.443230,48.326931,48.212673,48.100441,47.990215,47.881977,47.775726,47.671432,47.569080,47.468662,47.370159,47.273571,47.178864,47.086037,46.995071,46.905960,46.818684,46.733238,46.649616,46.567795,46.487766,46.409531,46.333065,46.258373,46.185432,46.114239,46.044792,45.977074,45.911083,45.846817,45.784256,45.723408,45.664257,45.606800,45.551037,45.496960,45.444565,45.393845,45.344803,45.297428,45.251732,45.207695,45.165321,45.124615,45.085579,45.048191,45.012470,44.978409,44.946003,44.915268,44.886192,44.858784,44.833035,44.808956,44.786545,44.765804,44.746735,44.729340,44.713631,44.699600,44.687256,44.676598,44.667633,44.660362,44.654800,44.650936,44.648785,44.648342,44.649616,44.652618,44.657345,44.663799,44.671989,44.681923,44.693600,44.707027,44.722202,44.739140,44.757832,44.778286,44.800514,44.824512,44.850281,44.877823,44.907146,44.938251,44.971134,45.005802,45.042244,45.080482,45.120502,45.162292,45.205864,45.251213,45.298340,45.347240,45.397907,45.450333,45.504505,45.560436,45.618099,45.677498,45.738613,45.801437,45.865967,45.932186,46.000076,46.069611,46.140808,46.213615,46.288033,46.364033,46.441605,46.520714,46.601345,46.683479,46.767078,46.852119,46.938580,47.026421,47.115604,47.206131,47.297932,47.390984,47.485256,47.580685,47.677250,47.774910,47.873596,47.973278,48.073879,48.175331,48.277561,48.380470,48.483929,48.587784,48.691822,48.795757,48.899178,49.001537,49.102032,49.199535,49.292393,49.378223,49.453590,49.513481,49.550606,49.554367,50.000000
75.000000,73.806908,73.726013,73.562737,73.342888,73.084267,72.799171,72.496086,72.180893,71.857620,71.529106,71.197304,70.863594,70.528938,70.194077,69.859451,69.525436,69.192322,68.860306,68.529549,68.200203,67.872391,67.546165,67.221626,66.898895,66.577980,66.258980,65.941978,65.626991,65.314079,65.003334,64.694756,64.388420,64.084351,63.782623,63.483250,63.186283,62.891762,62.599705,62.310154,62.023151,61.738705,61.456852,61.177616,60.901009,60.627064,60.355801,60.087231,59.821362,59.558228,59.297810,59.040146,58.785244,58.533085,58.283710,58.037086,57.793236,57.552158,57.313858,57.078320,56.845562,56.615551,56.388321,56.163834,55.942093,55.723083,55.506824,55.293266,55.082424,54.874287,54.668827,54.466042,54.265915,54.068443,53.873596,53.681366,53.491741,53.304703,53.120232,52.938301,52.758911,52.582043,52.407669,52.235783,52.066349,51.899364,51.734802,51.572651,51.412895,51.255493,51.100452,50.947739,50.797337,50.649227,50.503395,50.359814,50.218472,50.079350,49.942425,49.807674,49.675095,49.544659,49.416348,49.290142,49.166027,49.043987,48.924011,48.806065,48.690144,48.576233,48.464310,48.354359,48.246368,48.140320,48.036205,47.933998,47.833694,47.735283,47.638737,47.544044,47.451206,47.360203,47.271023,47.183640,47.098068,47.014275,46.932266,46.852016,46.773525,46.696781,46.621773,46.548496,46.476933,46.407089,46.338940,46.272491,46.207729,46.144657,46.083260,46.023529,45.965466,45.909061,45.854317,45.801224,45.749775,45.699974,45.651806,45.605286,45.560402,45.517143,45.475521,45.435524,45.397160,45.360413,45.325302,45.291824,45.259972,45.229740,45.201138,45.174171,45.148834,45.125130,45.103050,45.082619,45.063820,45.046658,45.031143,45.017281,45.005066,44.994499,44.985588,44.978333,44.972740,44.968826,44.966576,44.965996,44.967098,44.969879,44.974342,44.980507,44.988361,44.997902,45.009148,45.022099,45.036766,45.053135,45.071217,45.091022,45.112534,45.135780,45.160744,45.187431,45.215855,45.245995,45.277863,45.311455,45.346790,45.383835,45.422615,45.463104,45.505329,45.549263,45.594910,45.642262,45.691326,45.742065,45.794510,45.848629,45.904419,45.961868,46.020973,46.081707,46.144081,46.208061,46.273647,46.340801,46.409527,46.479797,46.551598,46.624905,46.699707,46.775951,46.853661,46.932766,47.013268,47.095127,47.178310,47.262806,47.348557,47.435543,47.523727,47.613079,47.703541,47.795082,47.887650,47.981197,48.075661,48.170956,48.267025,48.363724,48.460960,48.558514,48.656178,48.753613,48.850368,48.945782,49.038971,49.128616,49.212845,49.288948,49.353031,49.399441,49.419979,49.402794,49.330654,50.000000
75.000000,73.586441,73.580811,73.471786,73.291557,73.062386,72.799614,72.513947,72.212692,71.900963,71.582314,71.259209,70.933342,70.605965,70.277916,69.949821,69.622124,69.295113,68.969109,68.644234,68.320656,67.998520,67.677940,67.358963,67.041702,66.726212,66.412552,66.100815,65.791039,65.483284,65.177589,64.874039,64.572609,64.273415,63.976471,63.681816,63.389488,63.099525,62.811958,62.526829,62.244152,61.963978,61.686302,61.411167,61.138611,60.868610,60.601231,60.336456,60.074322,59.814823,59.557991,59.303825,59.052334,58.803539,58.557423,58.314003,58.073277,57.835255,57.599937,57.367321,57.137398,56.910160,56.685627,56.463772,56.244602,56.028095,55.814259,55.603077,55.394539,55.188641,54.985355,54.784691,54.586620,54.391151,54.198238,54.007896,53.820087,53.634808,53.452042,53.271774,53.093990,52.918667,52.745785,52.575352,52.407310,52.241665,52.078407,51.917507,51.758942,51.602703,51.448765,51.297119,51.147739,51.000603,50.855698,50.713017,50.572525,50.434204,50.298046,50.164028,50.032131,49.902340,49.774647,49.649021,49.525444,49.403908,49.284386,49.166874,49.051350,48.937794,48.826199,48.716541,48.608810,48.502987,48.399063,48.297016,48.196838,48.098522,48.002041,47.907387,47.814548,47.723515,47.634270,47.546803,47.461105,47.377167,47.294971,47.214512,47.135777,47.058758,46.983448,46.909836,46.837917,46.767677,46.699104,46.632202,46.566967,46.503380,46.441437,46.381138,46.322472,46.265442,46.210026,46.156235,46.104061,46.053505,46.004551,45.957211,45.911472,45.867329,45.824787,45.783844,45.744495,45.706734,45.670578,45.636013,45.603039,45.571651,45.541870,45.513676,45.487076,45.462070,45.438667,45.416855,45.396656,45.378052,45.361053,45.345657,45.331867,45.319702,45.309143,45.300209,45.292889,45.287201,45.283131,45.280693,45.279892,45.280727,45.283199,45.287323,45.293083,45.300507,45.309574,45.320293,45.332680,45.346725,45.362431,45.379803,45.398849,45.419559,45.441940,45.466000,45.491726,45.519135,45.548195,45.578945,45.611362,45.645451,45.681221,45.718628,45.757717,45.798470,45.840866,45.884918,45.930614,45.977940,46.026894,46.077477,46.129665,46.183468,46.238857,46.295830,46.354362,46.414448,46.476078,46.539230,46.603882,46.670040,46.737652,46.806721,46.877228,46.949123,47.022423,47.097065,47.173050,47.250324,47.328899,47.408718,47.489750,47.571964,47.655315,47.739788,47.825317,47.911884,47.999428,48.087887,48.177197,48.267284,48.358055,48.449371,48.541088,48.632980,48.724781,48.816063,48.906261,48.994564,49.079857,49.160477,49.234077,49.297253,49.345104,49.370548,49.363338,49.308647,49.185024,50.000000
75.000000,73.512589,73.536644,73.450386,73.288048,73.073280,72.822479,72.547020,72.254715,71.951080,71.639900,71.323769,71.004578,70.683624,70.361801,70.039795,69.718071,69.396950,69.076736,68.757591,68.439690,68.123154,67.808090,67.494568,67.182732,66.872597,66.564217,66.257698,65.953087,65.650429,65.349739,65.051132,64.754601,64.460228,64.168022,63.878036,63.590321,63.304886,63.021786,62.741032,62.462666,62.186722,61.913223,61.642170,61.373615,61.107563,60.844036,60.583054,60.324623,60.068771,59.815502,59.564823,59.316753,59.071285,58.828445,58.588226,58.350624,58.115654,57.883320,57.653610,57.426529,57.202072,56.980247,56.761032,56.544430,56.330437,56.119041,55.910244,55.704014,55.500366,55.299278,55.100742,54.904747,54.711281,54.520325,54.331863,54.145897,53.962406,53.781368,53.602768,53.426598,53.252842,53.081478,52.912498,52.745880,52.581608,52.419655,52.260014,52.102669,51.947601,51.794792,51.644226,51.495884,51.349747,51.205795,51.064018,50.924393,50.786900,50.651531,50.518257,50.387070,50.257954,50.130878,50.005844,49.882824,49.761803,49.642765,49.525696,49.410587,49.297409,49.186150,49.076805,48.969337,48.863758,48.760040,48.658169,48.558136,48.459927,48.363518,48.268913,48.176086,48.085037,47.995739,47.908195,47.822388,47.738308,47.655941,47.575275,47.496307,47.419029,47.343426,47.269489,47.197216,47.126591,47.057613,46.990261,46.924549,46.860455,46.797977,46.737110,46.677849,46.620186,46.564114,46.509636,46.456741,46.405430,46.355694,46.307533,46.260933,46.215912,46.172455,46.130562,46.090229,46.051464,46.014259,45.978611,45.944511,45.911976,45.881004,45.851582,45.823727,45.797421,45.772678,45.749508,45.727886,45.707832,45.689342,45.672424,45.657070,45.643295,45.631088,45.620461,45.611412,45.603947,45.598057,45.593758,45.591053,45.589943,45.590420,45.592495,45.596172,45.601456,45.608341,45.616829,45.626934,45.638645,45.651974,45.666924,45.683487,45.701672,45.721470,45.742882,45.765926,45.790585,45.816860,45.844753,45.874268,45.905403,45.938141,45.972496,46.008453,46.046017,46.085182,46.125931,46.168262,46.212173,46.257660,46.304718,46.353325,46.403469,46.455166,46.508369,46.563084,46.619293,46.676994,46.736156,46.796761,46.858803,46.922264,46.987110,47.053337,47.120911,47.189827,47.260036,47.331528,47.404274,47.478252,47.553410,47.629757,47.707226,47.785797,47.865421,47.946075,48.027714,48.110275,48.193710,48.277954,48.362919,48.448524,48.534607,48.621033,48.707554,48.793877,48.879551,48.963982,49.046299,49.125294,49.199188,49.265472,49.320518,49.359066,49.373569,49.353104,49.281887,49.137119,50.000000
75.000000,73.594887,73.600311,73.503395,73.335770,73.119392,72.869469,72.596504,72.307823,72.008568,71.702225,71.391304,71.077530,70.762093,70.445869,70.129494,69.813362,69.497902,69.183289,68.869705,68.557335,68.246315,67.936676,67.628555,67.322037,67.017189,66.714050,66.412689,66.113174,65.815529,65.519859,65.226143,64.934448,64.644852,64.357361,64.072014,63.788864,63.507919,63.229252,62.952854,62.678764,62.407036,62.137669,61.870682,61.606117,61.343983,61.084290,60.827095,60.572357,60.320133,60.070412,59.823219,59.578548,59.336418,59.096836,58.859814,58.625347,58.393425,58.164074,57.937283,57.713039,57.491367,57.272243,57.055683,56.841667,56.630188,56.421242,56.214817,56.010925,55.809536,55.610653,55.414249,55.220348,55.028896,54.839905,54.653351,54.469234,54.287540,54.108242,53.931335,53.756798,53.584625,53.414791,53.247295,53.082096,52.919201,52.758583,52.600227,52.444118,52.290249,52.138577,51.989117,51.841831,51.696705,51.553719,51.412865,51.274120,51.137474,51.002911,50.870399,50.739937,50.611504,50.485077,50.360653,50.238201,50.117714,49.999180,49.882572,49.767883,49.655098,49.544197,49.435165,49.327999,49.222672,49.119175,49.017487,48.917606,48.819515,48.723206,48.628651,48.535854,48.444801,48.355469,48.267853,48.181942,48.097736,48.015202,47.934345,47.855164,47.777622,47.701736,47.627487,47.554863,47.483864,47.414474,47.346695,47.280510,47.215916,47.152912,47.091480,47.031628,46.973335,46.916618,46.861443,46.807835,46.755772,46.705254,46.656277,46.608841,46.562931,46.518570,46.475731,46.434414,46.394634,46.356377,46.319645,46.284431,46.250751,46.218578,46.187939,46.158810,46.131214,46.105137,46.080585,46.057552,46.036053,46.016071,45.997620,45.980698,45.965313,45.951458,45.939133,45.928345,45.919102,45.911404,45.905243,45.900620,45.897552,45.896034,45.896061,45.897648,45.900799,45.905483,45.911751,45.919575,45.928963,45.939915,45.952423,45.966503,45.982155,45.999371,46.018154,46.038506,46.060425,46.083912,46.108948,46.135563,46.163738,46.193466,46.224743,46.257591,46.291973,46.327892,46.365345,46.404335,46.444847,46.486862,46.530403,46.575439,46.621952,46.669937,46.719402,46.770309,46.822662,46.876438,46.931625,46.988205,47.046162,47.105465,47.166122,47.228104,47.291374,47.355923,47.421711,47.488750,47.556984,47.626392,47.696949,47.768631,47.841389,47.915199,47.990036,48.065853,48.142609,48.220249,48.298733,48.377979,48.457924,48.538475,48.619503,48.700855,48.782310,48.863583,48.944241,49.023746,49.101276,49.175694,49.245338,49.307865,49.359894,49.396523,49.410770,49.392467,49.327015,49.193336,50.000000
75.000000,73.821892,73.764023,73.625496,73.431175,73.198334,72.938919,72.661316,72.371307,72.072968,71.769073,71.461632,71.152046,70.841278,70.530037,70.218849,69.908073,69.597977,69.288757,68.980606,68.673653,68.368019,68.063744,67.760948,67.459694,67.160065,66.862076,66.565842,66.271378,65.978706,65.687958,65.399109,65.112244,64.827377,64.544556,64.263802,63.985184,63.708717,63.434437,63.162365,62.892532,62.624985,62.359722,62.096786,61.836185,61.577950,61.322094,61.068638,60.817596,60.568977,60.322803,60.079071,59.837811,59.599010,59.362694,59.128853,58.897495,58.668633,58.442261,58.218388,57.996994,57.778107,57.561707,57.347782,57.136349,56.927391,56.720913,56.516888,56.315315,56.116211,55.919533,55.725288,55.533470,55.344055,55.157040,54.972420,54.790161,54.610275,54.432732,54.257526,54.084641,53.914062,53.745781,53.579765,53.416027,53.254524,53.095253,52.938202,52.783348,52.630676,52.480167,52.331821,52.185604,52.041508,51.899521,51.759605,51.621765,51.485981,51.352226,51.220501,51.090778,50.963047,50.837280,50.713478,50.591614,50.471684,50.353653,50.237526,50.123280,50.010895,49.900368,49.791676,49.684811,49.579750,49.476479,49.375004,49.275291,49.177334,49.081120,48.986645,48.893883,48.802830,48.713470,48.625805,48.539810,48.455471,48.372795,48.291756,48.212349,48.134571,48.058411,47.983849,47.910889,47.839520,47.769737,47.701523,47.634876,47.569790,47.506260,47.444275,47.383835,47.324924,47.267559,47.211708,47.157375,47.104572,47.053272,47.003487,46.955204,46.908424,46.863144,46.819359,46.777073,46.736279,46.696976,46.659153,46.622826,46.587986,46.554634,46.522766,46.492378,46.463478,46.436069,46.410141,46.385696,46.362736,46.341267,46.321289,46.302795,46.285797,46.270287,46.256271,46.243744,46.232731,46.223198,46.215168,46.208645,46.203617,46.200092,46.198082,46.197571,46.198578,46.201092,46.205116,46.210659,46.217709,46.226273,46.236359,46.247959,46.261074,46.275703,46.291851,46.309521,46.328690,46.349384,46.371590,46.395294,46.420513,46.447235,46.475456,46.505165,46.536381,46.569069,46.603245,46.638882,46.676003,46.714565,46.754593,46.796059,46.838947,46.883255,46.928978,46.976101,47.024605,47.074474,47.125710,47.178265,47.232151,47.287338,47.343822,47.401566,47.460556,47.520767,47.582180,47.644772,47.708511,47.773396,47.839363,47.906406,47.974503,48.043594,48.113674,48.184692,48.256607,48.329388,48.402973,48.477310,48.552334,48.627956,48.704079,48.780567,48.857227,48.933842,49.010059,49.085426,49.159302,49.230736,49.298428,49.360512,49.414284,49.455894,49.479763,49.477924,49.438858,49.346016,50.000000
75.000000,74.162750,74.006599,73.802177,73.564262,73.303192,73.026161,72.738228,72.442932,72.142715,71.839325,71.534035,71.227684,70.920906,70.614174,70.307808,70.002075,69.697136,69.393204,69.090355,68.788689,68.488319,68.189346,67.891785,67.595741,67.301262,67.008400,66.717216,66.427734,66.140045,65.854156,65.570129,65.288002,65.007843,64.729652,64.453468,64.179359,63.907314,63.637398,63.369621,63.104027,62.840633,62.579468,62.320545,62.063892,61.809540,61.557499,61.307774,61.060398,60.815384,60.572735,60.332470,60.094601,59.859127,59.626060,59.395409,59.167168,58.941345,58.717960,58.496994,58.278461,58.062347,57.848667,57.637402,57.428558,57.222126,57.018112,56.816486,56.617264,56.420437,56.225983,56.033897,55.844181,55.656822,55.471794,55.289101,55.108727,54.930660,54.754883,54.581394,54.410172,54.241211,54.074486,53.909988,53.747704,53.587616,53.429707,53.273972,53.120384,52.968941,52.819614,52.672401,52.527267,52.384216,52.243229,52.104275,51.967350,51.832443,51.699532,51.568596,51.439629,51.312614,51.187527,51.064365,50.943104,50.823738,50.706234,50.590603,50.476807,50.364849,50.254707,50.146366,50.039814,49.935032,49.832016,49.730743,49.631214,49.533409,49.437313,49.342918,49.250206,49.159164,49.069798,48.982079,48.896004,48.811558,48.728737,48.647530,48.567924,48.489910,48.413475,48.338619,48.265327,48.193600,48.123417,48.054783,47.987686,47.922112,47.858063,47.795528,47.734505,47.674988,47.616970,47.560444,47.505402,47.451859,47.399784,47.349186,47.300068,47.252411,47.206226,47.161499,47.118233,47.076431,47.036079,46.997177,46.959732,46.923744,46.889206,46.856106,46.824459,46.794266,46.765514,46.738213,46.712353,46.687939,46.664982,46.643467,46.623402,46.604790,46.587631,46.571911,46.557655,46.544853,46.533493,46.523602,46.515156,46.508179,46.502651,46.498589,46.495991,46.494858,46.495174,46.496964,46.500217,46.504936,46.511127,46.518772,46.527893,46.538479,46.550529,46.564037,46.579018,46.595451,46.613354,46.632713,46.653530,46.675785,46.699501,46.724667,46.751266,46.779301,46.808769,46.839661,46.871967,46.905693,46.940815,46.977337,47.015247,47.054516,47.095173,47.137165,47.180504,47.225170,47.271160,47.318443,47.367008,47.416840,47.467926,47.520245,47.573780,47.628506,47.684406,47.741467,47.799633,47.858932,47.919292,47.980713,48.043156,48.106602,48.171009,48.236370,48.302631,48.369759,48.437710,48.506458,48.575954,48.646133,48.716930,48.788277,48.860081,48.932198,49.004478,49.076706,49.148579,49.219673,49.289429,49.357025,49.421284,49.480591,49.532581,49.573917,49.599770,49.603294,49.574612,50.000000
75.000000,74.571617,74.296425,74.011597,73.719994,73.423645,73.124069,72.822388,72.519325,72.215569,71.911499,71.607468,71.303719,71.000504,70.697914,70.396118,70.095230,69.795341,69.496506,69.198853,68.902420,68.607285,68.313507,68.021133,67.730232,67.440857,67.153038,66.866837,66.582344,66.299530,66.018494,65.739250,65.461853,65.186325,64.912720,64.641090,64.371437,64.103790,63.838215,63.574707,63.313316,63.054050,62.796951,62.542030,62.289310,62.038818,61.790569,61.544575,61.300854,61.059422,60.820293,60.583481,60.348988,60.116825,59.887009,59.659531,59.434410,59.211639,58.991226,58.773193,58.557503,58.344173,58.133205,57.924603,57.718353,57.514458,57.312912,57.113697,56.916821,56.722279,56.530060,56.340149,56.152546,55.967236,55.784210,55.603458,55.424980,55.248753,55.074764,54.903004,54.733452,54.566113,54.400963,54.237995,54.077179,53.918522,53.761993,53.607590,53.455292,53.305084,53.156948,53.010883,52.866859,52.724869,52.584888,52.446915,52.310932,52.176910,52.044849,51.914726,51.786533,51.660244,51.535854,51.413353,51.292706,51.173912,51.056961,50.941833,50.828510,50.716980,50.607243,50.499260,50.393044,50.288555,50.185795,50.084755,49.985424,49.887768,49.791801,49.697498,49.604851,49.513844,49.424465,49.336712,49.250568,49.166027,49.083069,49.001701,48.921898,48.843655,48.766964,48.691822,48.618210,48.546127,48.475559,48.406509,48.338963,48.272911,48.208355,48.145275,48.083679,48.023548,47.964890,47.907692,47.851955,47.797668,47.744823,47.693420,47.643459,47.594933,47.547844,47.502174,47.457939,47.415119,47.373730,47.333752,47.295193,47.258053,47.222321,47.188004,47.155098,47.123600,47.093510,47.064835,47.037567,47.011696,46.987247,46.964203,46.942558,46.922340,46.903515,46.886105,46.870098,46.855515,46.842335,46.830570,46.820213,46.811272,46.803749,46.797642,46.792946,46.789661,46.787800,46.787350,46.788322,46.790710,46.794510,46.799728,46.806362,46.814423,46.823887,46.834763,46.847054,46.860764,46.875866,46.892376,46.910297,46.929615,46.950333,46.972431,46.995918,47.020802,47.047050,47.074665,47.103642,47.133984,47.165672,47.198696,47.233059,47.268730,47.305725,47.344017,47.383579,47.424431,47.466545,47.509892,47.554489,47.600277,47.647278,47.695457,47.744801,47.795288,47.846901,47.899612,47.953407,48.008240,48.064129,48.121029,48.178894,48.237732,48.297493,48.358158,48.419689,48.482071,48.545250,48.609215,48.673904,48.739304,48.805355,48.872028,48.939259,49.006992,49.075161,49.143684,49.212463,49.281372,49.350239,49.418842,49.486900,49.554035,49.619698,49.683174,49.743477,49.799236,49.848553,50.000000
75.000000,74.993774,74.595688,74.227699,73.880341,73.547264,73.224075,72.907806,72.596458,72.288696,71.983612,71.680588,71.379280,71.079430,70.780853,70.483536,70.187393,69.892441,69.598671,69.306145,69.014862,68.724876,68.436256,68.148994,67.863182,67.578865,67.296051,67.014824,66.735222,66.457260,66.181023,65.906517,65.633812,65.362900,65.093857,64.826706,64.561493,64.298225,64.036934,63.777683,63.520458,63.265305,63.012249,62.761314,62.512505,62.265862,62.021385,61.779087,61.539017,61.301163,61.065536,60.832153,60.601044,60.372200,60.145618,59.921307,59.699299,59.479576,59.262146,59.047016,58.834171,58.623638,58.415394,58.209454,58.005798,57.804436,57.605362,57.408566,57.214050,57.021812,56.831818,56.644093,56.458607,56.275368,56.094357,55.915565,55.738983,55.564602,55.392403,55.222389,55.054535,54.888828,54.725269,54.563835,54.404510,54.247295,54.092159,53.939098,53.788101,53.639145,53.492226,53.347317,53.204411,53.063496,52.924553,52.787571,52.652534,52.519421,52.388222,52.258926,52.131519,52.005981,51.882305,51.760460,51.640453,51.522255,51.405865,51.291248,51.178417,51.067341,50.958004,50.850407,50.744526,50.640343,50.537865,50.437065,50.337933,50.240459,50.144627,50.050426,49.957851,49.866882,49.777515,49.689739,49.603542,49.518902,49.435829,49.354301,49.274315,49.195854,49.118912,49.043484,48.969563,48.897133,48.826191,48.756733,48.688744,48.622219,48.557156,48.493538,48.431370,48.370644,48.311348,48.253487,48.197044,48.142021,48.088417,48.036217,47.985420,47.936024,47.888031,47.841427,47.796219,47.752399,47.709965,47.668907,47.629234,47.590942,47.554028,47.518486,47.484322,47.451527,47.420105,47.390038,47.361359,47.334045,47.308102,47.283524,47.260311,47.238464,47.217987,47.198883,47.181141,47.164768,47.149769,47.136131,47.123863,47.112961,47.103439,47.095276,47.088478,47.083061,47.079006,47.076321,47.075001,47.075058,47.076477,47.079266,47.083420,47.088943,47.095825,47.104069,47.113678,47.124641,47.136967,47.150646,47.165665,47.182049,47.199760,47.218811,47.239197,47.260910,47.283943,47.308311,47.333977,47.360931,47.389187,47.418732,47.449551,47.481636,47.514984,47.549568,47.585388,47.622433,47.660675,47.700115,47.740734,47.782520,47.825459,47.869514,47.914680,47.960945,48.008289,48.056679,48.106106,48.156540,48.207966,48.260353,48.313686,48.367935,48.423073,48.479080,48.535919,48.593571,48.652008,48.711208,48.771156,48.831814,48.893173,48.955208,49.017929,49.081348,49.145485,49.210415,49.276226,49.343094,49.411285,49.481194,49.553432,49.628902,49.708969,49.795563,49.891640,50.001484,50.131367,50.000000
75.000000,75.373100,74.865593,74.423592,74.026794,73.661232,73.317307,72.988419,72.670090,72.359184,72.053650,71.752029,71.453369,71.157028,70.862595,70.569756,70.278366,69.988358,69.699615,69.412170,69.126007,68.841133,68.557594,68.275436,67.994652,67.715332,67.437485,67.161186,66.886429,66.613297,66.341812,66.071983,65.803917,65.537628,65.273094,65.010422,64.749588,64.490677,64.233665,63.978615,63.725540,63.474483,63.225437,62.978458,62.733547,62.490704,62.249996,62.011402,61.774960,61.540661,61.308537,61.078594,60.850838,60.625282,60.401939,60.180801,59.961899,59.745205,59.530754,59.318531,59.108547,58.900799,58.695278,58.491997,58.290951,58.092129,57.895542,57.701160,57.509003,57.319069,57.131329,56.945786,56.762436,56.581276,56.402283,56.225452,56.050789,55.878262,55.707874,55.539608,55.373459,55.209408,55.047443,54.887566,54.729740,54.573982,54.420250,54.268551,54.118870,53.971188,53.825478,53.681751,53.539978,53.400154,53.262260,53.126282,52.992203,52.860020,52.729702,52.601246,52.474640,52.349861,52.226906,52.105755,51.986389,51.868797,51.752972,51.638901,51.526558,51.415943,51.307037,51.199829,51.094307,50.990448,50.888256,50.787701,50.688786,50.591496,50.495815,50.401737,50.309242,50.218327,50.128979,50.041183,49.954937,49.870224,49.787037,49.705360,49.625198,49.546532,49.469345,49.393650,49.319420,49.246651,49.175346,49.105480,49.037056,48.970070,48.904503,48.840359,48.777630,48.716301,48.656384,48.597855,48.540718,48.484966,48.430599,48.377605,48.325977,48.275719,48.226826,48.179291,48.133110,48.088287,48.044815,48.002686,47.961903,47.922462,47.884365,47.847595,47.812168,47.778076,47.745316,47.713886,47.683792,47.655025,47.627586,47.601475,47.576691,47.553238,47.531101,47.510296,47.490818,47.472660,47.455830,47.440323,47.426140,47.413280,47.401749,47.391533,47.382641,47.375080,47.368835,47.363914,47.360317,47.358036,47.357082,47.357437,47.359108,47.362099,47.366405,47.372025,47.378956,47.387188,47.396721,47.407558,47.419701,47.433125,47.447853,47.463852,47.481140,47.499702,47.519543,47.540630,47.562977,47.586582,47.611420,47.637482,47.664768,47.693279,47.722988,47.753887,47.785969,47.819218,47.853615,47.889160,47.925827,47.963615,48.002487,48.042450,48.083466,48.125534,48.168617,48.212719,48.257797,48.303837,48.350838,48.398743,48.447552,48.497238,48.547783,48.599159,48.651325,48.704288,48.758018,48.812496,48.867699,48.923634,48.980301,49.037712,49.095924,49.154987,49.215038,49.276264,49.338943,49.403515,49.470646,49.541267,49.616798,49.699314,49.791817,49.898697,50.026390,50.184166,50.385628,50.000000
75.000000,75.659554,75.071465,74.575333,74.142738,73.754028,73.395828,73.058746,72.736412,72.424446,72.119843,71.820572,71.525185,71.232788,70.942703,70.654541,70.368019,70.082970,69.799294,69.516937,69.235847,68.956062,68.677574,68.400459,68.124687,67.850334,67.577400,67.305969,67.036041,66.767685,66.500908,66.235756,65.972298,65.710526,65.450508,65.192253,64.935806,64.681198,64.428436,64.177582,63.928627,63.681614,63.436577,63.193527,62.952484,62.713463,62.476490,62.241573,62.008732,61.777992,61.549351,61.322834,61.098434,60.876167,60.656044,60.438080,60.222267,60.008621,59.797142,59.587833,59.380692,59.175728,58.972935,58.772316,58.573875,58.377598,58.183479,57.991543,57.801754,57.614120,57.428635,57.245289,57.064083,56.885002,56.708038,56.533192,56.360443,56.189785,56.021217,55.854710,55.690281,55.527885,55.367538,55.209229,55.052921,54.898624,54.746319,54.595997,54.447632,54.301231,54.156765,54.014225,53.873604,53.734879,53.598045,53.463093,53.329990,53.198746,53.069317,52.941723,52.815926,52.691925,52.569702,52.449253,52.330540,52.213573,52.098339,51.984814,51.872986,51.762848,51.654373,51.547569,51.442410,51.338882,51.236988,51.136703,51.038021,50.940926,50.845406,50.751453,50.659058,50.568199,50.478882,50.391083,50.304798,50.220020,50.136726,50.054920,49.974586,49.895718,49.818306,49.742344,49.667816,49.594723,49.523048,49.452793,49.383942,49.316494,49.250435,49.185764,49.122478,49.060558,49.000015,48.940830,48.883003,48.826527,48.771400,48.717613,48.665169,48.614048,48.564259,48.515797,48.468651,48.422829,48.378311,48.335117,48.293224,48.252636,48.213352,48.175373,48.138691,48.103302,48.069206,48.036407,48.004890,47.974674,47.945744,47.918098,47.891754,47.866680,47.842888,47.820385,47.799164,47.779224,47.760563,47.743191,47.727093,47.712276,47.698734,47.686474,47.675491,47.665783,47.657352,47.650200,47.644310,47.639702,47.636360,47.634289,47.633480,47.633945,47.635674,47.638657,47.642906,47.648407,47.655167,47.663174,47.672428,47.682919,47.694660,47.707623,47.721817,47.737240,47.753860,47.771706,47.790745,47.810989,47.832413,47.855022,47.878784,47.903725,47.929813,47.957035,47.985390,48.014854,48.045418,48.077076,48.109814,48.143612,48.178455,48.214325,48.251213,48.289093,48.327946,48.367775,48.408520,48.450207,48.492783,48.536243,48.580547,48.625698,48.671673,48.718422,48.765953,48.814247,48.863266,48.913029,48.963509,49.014717,49.066677,49.119431,49.173042,49.227657,49.283428,49.340672,49.399792,49.461449,49.526569,49.596531,49.673351,49.759953,49.860611,49.981514,50.131695,50.324188,50.577976,50.000000
75.000000,75.815880,75.187485,74.664986,74.215698,73.817116,73.453674,73.114601,72.792595,72.482506,72.180862,71.885269,71.594101,71.306252,71.020943,70.737709,70.456215,70.176208,69.897636,69.620377,69.344391,69.069679,68.796265,68.524117,68.253304,67.983894,67.715851,67.449249,67.184097,66.920464,66.658356,66.397858,66.138947,65.881706,65.626137,65.372284,65.120155,64.869835,64.621323,64.374596,64.129753,63.886795,63.645737,63.406601,63.169407,62.934170,62.700924,62.469669,62.240429,62.013218,61.788052,61.564941,61.343876,61.124905,60.908005,60.693199,60.480484,60.269863,60.061352,59.854950,59.650661,59.448479,59.248421,59.050468,58.854622,58.660892,58.469269,58.279758,58.092346,57.907024,57.723801,57.542660,57.363602,57.186615,57.011688,56.838825,56.668007,56.499229,56.332485,56.167759,56.005047,55.844341,55.685608,55.528870,55.374092,55.221279,55.070404,54.921463,54.774452,54.629333,54.486118,54.344791,54.205326,54.067719,53.931969,53.798042,53.665939,53.535629,53.407116,53.280384,53.155422,53.032211,52.910740,52.790993,52.672958,52.556629,52.441990,52.329021,52.217720,52.108067,52.000053,51.893654,51.788879,51.685707,51.584118,51.484112,51.385662,51.288776,51.193428,51.099621,51.007328,50.916546,50.827267,50.739475,50.653156,50.568314,50.484932,50.403000,50.322506,50.243450,50.165813,50.089596,50.014778,49.941360,49.869339,49.798695,49.729424,49.661522,49.594982,49.529789,49.465954,49.403454,49.342289,49.282455,49.223942,49.166748,49.110870,49.056293,49.003025,48.951050,48.900372,48.850983,48.802872,48.756054,48.710506,48.666237,48.623241,48.581512,48.541046,48.501850,48.463909,48.427223,48.391804,48.357632,48.324711,48.293037,48.262619,48.233444,48.205521,48.178833,48.153393,48.129189,48.106228,48.084511,48.064022,48.044777,48.026768,48.009995,47.994450,47.980145,47.967060,47.955204,47.944595,47.935200,47.927029,47.920094,47.914375,47.909866,47.906593,47.904526,47.903683,47.904041,47.905609,47.908394,47.912373,47.917549,47.923916,47.931484,47.940231,47.950161,47.961266,47.973549,47.986977,48.001575,48.017315,48.034214,48.052223,48.071381,48.091644,48.113022,48.135494,48.159050,48.183693,48.209385,48.236118,48.263924,48.292740,48.322559,48.353390,48.385185,48.417961,48.451672,48.486320,48.521877,48.558338,48.595665,48.633850,48.672874,48.712704,48.753342,48.794762,48.836926,48.879826,48.923454,48.967800,49.012840,49.058590,49.105057,49.152275,49.200287,49.249203,49.299164,49.350395,49.403221,49.458176,49.515984,49.577759,49.645096,49.720329,49.806854,49.909607,50.035740,50.195641,50.404331,50.683590,50.000000
75.000000,75.822495,75.200005,74.683060,74.239143,73.845840,73.487633,73.153839,72.837082,72.532295,72.235931,71.945641,71.659752,71.377167,71.097153,70.819160,70.542885,70.268097,69.994682,69.722542,69.451660,69.182014,68.913612,68.646477,68.380592,68.116058,67.852859,67.591049,67.330643,67.071709,66.814255,66.558319,66.303940,66.051186,65.800049,65.550568,65.302788,65.056694,64.812340,64.569786,64.329018,64.090080,63.852966,63.617714,63.384357,63.152897,62.923355,62.695751,62.470104,62.246410,62.024708,61.804989,61.587265,61.371559,61.157875,60.946213,60.736591,60.528999,60.323460,60.119961,59.918514,59.719124,59.521782,59.326500,59.133263,58.942085,58.752956,58.565876,58.380844,58.197842,58.016880,57.837952,57.661041,57.486156,57.313278,57.142410,56.973530,56.806641,56.641735,56.478794,56.317814,56.158791,56.001701,55.846542,55.693314,55.541988,55.392563,55.245014,55.099354,54.955547,54.813599,54.673477,54.535191,54.398724,54.264050,54.131168,54.000065,53.870728,53.743137,53.617279,53.493168,53.370754,53.250046,53.131023,53.013683,52.897995,52.783966,52.671574,52.560806,52.451653,52.344101,52.238136,52.133751,52.030933,51.929668,51.829948,51.731754,51.635086,51.539928,51.446262,51.354088,51.263390,51.174152,51.086380,51.000046,50.915154,50.831696,50.749645,50.669003,50.589760,50.511913,50.435444,50.360340,50.286613,50.214237,50.143219,50.073536,50.005188,49.938175,49.872471,49.808090,49.745010,49.683231,49.622757,49.563564,49.505650,49.449024,49.393669,49.339581,49.286758,49.235191,49.184883,49.135815,49.088001,49.041424,48.996086,48.951984,48.909119,48.867477,48.827065,48.787865,48.749901,48.713142,48.677605,48.643272,48.610153,48.578243,48.547535,48.518040,48.489746,48.462650,48.436752,48.412052,48.388554,48.366241,48.345131,48.325211,48.306477,48.288929,48.272575,48.257393,48.243412,48.230610,48.218979,48.208534,48.199261,48.191162,48.184235,48.178482,48.173901,48.170479,48.168213,48.167107,48.167168,48.168369,48.170727,48.174217,48.178860,48.184628,48.191525,48.199554,48.208683,48.218937,48.230293,48.242744,48.256290,48.270920,48.286629,48.303383,48.321217,48.340088,48.359985,48.380917,48.402863,48.425800,48.449741,48.474640,48.500526,48.527336,48.555084,48.583755,48.613327,48.643776,48.675095,48.707272,48.740269,48.774086,48.808693,48.844074,48.880211,48.917084,48.954678,48.992977,49.031963,49.071621,49.111950,49.152958,49.194649,49.237076,49.280262,49.324329,49.369419,49.415768,49.463707,49.513752,49.566654,49.623520,49.685940,49.756260,49.837887,49.935741,50.056953,50.211876,50.415474,50.689400,50.000000
75.000000,75.680038,75.109375,74.629723,74.213097,73.840218,73.497757,73.176430,72.869911,72.573776,72.285080,72.001671,71.722168,71.445595,71.171349,70.898933,70.628075,70.358612,70.090439,69.823479,69.557693,69.293121,69.029701,68.767509,68.506569,68.246864,67.988480,67.731438,67.475723,67.221443,66.968620,66.717239,66.467392,66.219070,65.972328,65.727165,65.483643,65.241806,65.001633,64.763184,64.526466,64.291496,64.058334,63.826962,63.597404,63.369705,63.143856,62.919876,62.697788,62.477612,62.259361,62.043030,61.828640,61.616203,61.405720,61.197201,60.990658,60.786095,60.583515,60.382919,60.184319,59.987709,59.793102,59.600475,59.409863,59.221233,59.034599,58.849953,58.667301,58.486626,58.307926,58.131207,57.956474,57.783684,57.612862,57.443996,57.277065,57.112076,56.949009,56.787872,56.628635,56.471306,56.315861,56.162308,56.010620,55.860794,55.712826,55.566696,55.422390,55.279907,55.139225,55.000347,54.863235,54.727913,54.594349,54.462524,54.332436,54.204071,54.077415,53.952461,53.829193,53.707592,53.587666,53.469383,53.352734,53.237709,53.124306,53.012501,52.902279,52.793633,52.686562,52.581036,52.477058,52.374603,52.273674,52.174255,52.076324,51.979885,51.884922,51.791416,51.699375,51.608765,51.519592,51.431843,51.345505,51.260571,51.177029,51.094875,51.014095,50.934677,50.856625,50.779915,50.704544,50.630508,50.557796,50.486404,50.416317,50.347534,50.280041,50.213837,50.148914,50.085266,50.022884,49.961765,49.901897,49.843281,49.785908,49.729774,49.674877,49.621201,49.568760,49.517529,49.467514,49.418705,49.371105,49.324699,49.279507,49.235497,49.192684,49.151058,49.110611,49.071350,49.033268,48.996365,48.960625,48.926060,48.892666,48.860432,48.829365,48.799461,48.770710,48.743122,48.716686,48.691399,48.667271,48.644287,48.622452,48.601768,48.582222,48.563820,48.546555,48.530426,48.515438,48.501572,48.488850,48.477253,48.466785,48.457424,48.449200,48.442097,48.436108,48.431229,48.427456,48.424789,48.423225,48.422756,48.423382,48.425095,48.427891,48.431767,48.436703,48.442722,48.449787,48.457920,48.467091,48.477299,48.488537,48.500805,48.514080,48.528366,48.543644,48.559906,48.577137,48.595345,48.614487,48.634579,48.655590,48.677521,48.700348,48.724064,48.748653,48.774078,48.800358,48.827465,48.855366,48.884056,48.913521,48.943729,48.974678,49.006340,49.038708,49.071739,49.105442,49.139786,49.174770,49.210396,49.246651,49.283535,49.321095,49.359371,49.398453,49.438442,49.479572,49.522110,49.566517,49.613430,49.663811,49.719044,49.781155,49.853062,49.939034,50.045223,50.180534,50.357853,50.595844,50.000000
75.000000,75.409172,74.929787,74.514717,74.144287,73.804909,73.487160,73.184517,72.892517,72.608070,72.328987,72.053871,71.781708,71.511787,71.243698,70.977127,70.711906,70.447868,70.184990,69.923225,69.662567,69.403015,69.144592,68.887352,68.631264,68.376381,68.122765,67.870445,67.619423,67.369766,67.121506,66.874649,66.629272,66.385353,66.142975,65.902138,65.662895,65.425224,65.189194,64.954834,64.722137,64.491158,64.261894,64.034386,63.808624,63.584652,63.362476,63.142113,62.923599,62.706917,62.492092,62.279129,62.068062,61.858871,61.651585,61.446209,61.242752,61.041199,60.841587,60.643890,60.448132,60.254311,60.062420,59.872463,59.684460,59.498375,59.314240,59.132030,58.951767,58.773422,58.597004,58.422504,58.249928,58.079258,57.910507,57.743633,57.578659,57.415577,57.254368,57.095032,56.937550,56.781921,56.628139,56.476189,56.326069,56.177765,56.031258,55.886539,55.743614,55.602459,55.463066,55.325428,55.189522,55.055351,54.922897,54.792137,54.663082,54.535706,54.410000,54.285950,54.163548,54.042778,53.923630,53.806099,53.690163,53.575813,53.463043,53.351830,53.242176,53.134056,53.027466,52.922394,52.818829,52.716763,52.616173,52.517063,52.419411,52.323212,52.228451,52.135124,52.043205,51.952709,51.863602,51.775887,51.689556,51.604588,51.520981,51.438732,51.357819,51.278236,51.199986,51.123043,51.047413,50.973083,50.900040,50.828278,50.757797,50.688576,50.620625,50.553925,50.488468,50.424252,50.361271,50.299515,50.238987,50.179665,50.121555,50.064651,50.008938,49.954426,49.901104,49.848961,49.797997,49.748207,49.699581,49.652126,49.605824,49.560688,49.516701,49.473866,49.432171,49.391628,49.352219,49.313946,49.276810,49.240799,49.205914,49.172161,49.139526,49.108009,49.077614,49.048336,49.020164,48.993103,48.967152,48.942303,48.918560,48.895916,48.874371,48.853924,48.834572,48.816307,48.799129,48.783047,48.768044,48.754116,48.741272,48.729500,48.718811,48.709187,48.700630,48.693134,48.686699,48.681309,48.676983,48.673695,48.671452,48.670254,48.670074,48.670929,48.672802,48.675694,48.679596,48.684490,48.690392,48.697269,48.705135,48.713966,48.723766,48.734516,48.746216,48.758846,48.772396,48.786873,48.802238,48.818489,48.835629,48.853642,48.872482,48.892178,48.912689,48.934006,48.956131,48.979027,49.002686,49.027088,49.052204,49.078049,49.104572,49.131771,49.159630,49.188133,49.217251,49.246979,49.277298,49.308205,49.339684,49.371746,49.404408,49.437691,49.471642,49.506359,49.541981,49.578693,49.616829,49.656822,49.699368,49.745426,49.796440,49.854485,49.922554,50.005009,50.108124,50.240971,50.416679,50.000000
75.000000,75.047691,74.687317,74.356049,74.045097,73.748405,73.461761,73.182228,72.907784,72.637070,72.369072,72.103188,71.838974,71.576172,71.314545,71.054016,70.794502,70.535980,70.278435,70.021843,69.766327,69.511787,69.258331,69.005966,68.754730,68.504654,68.255760,68.008133,67.761757,67.516693,67.272942,67.030602,66.789665,66.550133,66.312080,66.075531,65.840508,65.607010,65.375107,65.144798,64.916122,64.689072,64.463707,64.240036,64.018059,63.797783,63.579281,63.362526,63.147537,62.934357,62.722942,62.513359,62.305595,62.099655,61.895557,61.693310,61.492924,61.294384,61.097725,60.902920,60.710003,60.518963,60.329803,60.142509,59.957115,59.773590,59.591953,59.412189,59.234306,59.058296,58.884151,58.711891,58.541485,58.372929,58.206238,58.041382,57.878380,57.717205,57.557861,57.400333,57.244614,57.090702,56.938583,56.788258,56.639702,56.492916,56.347889,56.204601,56.063065,55.923252,55.785156,55.648769,55.514072,55.381069,55.249737,55.120064,54.992043,54.865665,54.740917,54.617790,54.496265,54.376339,54.257992,54.141220,54.026005,53.912338,53.800209,53.689613,53.580524,53.472942,53.366859,53.262249,53.159115,53.057434,52.957207,52.858414,52.761051,52.665100,52.570553,52.477402,52.385635,52.295254,52.206230,52.118561,52.032238,51.947250,51.863590,51.781246,51.700214,51.620480,51.542038,51.464870,51.388981,51.314362,51.240997,51.168877,51.098007,51.028370,50.959957,50.892765,50.826782,50.762009,50.698433,50.636051,50.574852,50.514839,50.456005,50.398327,50.341816,50.286469,50.232265,50.179214,50.127304,50.076527,50.026886,49.978382,49.930996,49.884724,49.839573,49.795525,49.752590,49.710766,49.670029,49.630398,49.591862,49.554409,49.518044,49.482761,49.448570,49.415443,49.383408,49.352425,49.322533,49.293697,49.265919,49.239212,49.213562,49.188961,49.165428,49.142933,49.121498,49.101097,49.081741,49.063423,49.046154,49.029907,49.014702,49.000507,48.987347,48.975208,48.964085,48.953972,48.944874,48.936779,48.929691,48.923595,48.918491,48.914379,48.911236,48.909073,48.907890,48.907658,48.908398,48.910080,48.912708,48.916267,48.920757,48.926182,48.932495,48.939728,48.947853,48.956863,48.966736,48.977486,48.989090,49.001526,49.014797,49.028889,49.043781,49.059467,49.075924,49.093147,49.111126,49.129829,49.149258,49.169361,49.190186,49.211666,49.233799,49.256550,49.279926,49.303902,49.328465,49.353577,49.379238,49.405441,49.432156,49.459373,49.487103,49.515331,49.544094,49.573402,49.603298,49.633892,49.665306,49.697742,49.731464,49.766968,49.804859,49.846092,49.892025,49.944580,50.006611,50.082169,50.177113,50.000000
75.000000,74.645416,74.416374,74.177467,73.931976,73.682106,73.429420,73.174934,72.919411,72.663315,72.407059,72.150833,71.894905,71.639366,71.384331,71.129898,70.876144,70.623116,70.370903,70.119522,69.869049,69.619522,69.370979,69.123489,68.877037,68.631721,68.387527,68.144554,67.902786,67.662285,67.423050,67.185143,66.948601,66.713448,66.479698,66.247406,66.016563,65.787239,65.559425,65.333153,65.108444,64.885338,64.663841,64.443970,64.225754,64.009193,63.794334,63.581161,63.369705,63.159977,62.952000,62.745770,62.541290,62.338593,62.137680,61.938549,61.741234,61.545712,61.351986,61.160088,60.970001,60.781734,60.595303,60.410679,60.227886,60.046917,59.867779,59.690460,59.514973,59.341297,59.169441,58.999401,58.831173,58.664749,58.500118,58.337299,58.176258,58.017002,57.859528,57.703815,57.549870,57.397690,57.247238,57.098541,56.951561,56.806309,56.662769,56.520931,56.380787,56.242325,56.105541,55.970413,55.836945,55.705112,55.574913,55.446339,55.319374,55.194004,55.070221,54.948021,54.827389,54.708309,54.590775,54.474773,54.360291,54.247330,54.135857,54.025883,53.917377,53.810345,53.704769,53.600636,53.497936,53.396660,53.296791,53.198334,53.101269,53.005577,52.911255,52.818306,52.726696,52.636429,52.547493,52.459881,52.373581,52.288582,52.204876,52.122452,52.041309,51.961426,51.882801,51.805424,51.729290,51.654381,51.580704,51.508240,51.436985,51.366924,51.298061,51.230389,51.163887,51.098560,51.034401,50.971397,50.909546,50.848839,50.789276,50.730843,50.673538,50.617352,50.562283,50.508331,50.455475,50.403732,50.353077,50.303509,50.255035,50.207642,50.161324,50.116081,50.071903,50.028801,49.986752,49.945759,49.905819,49.866928,49.829090,49.792294,49.756535,49.721813,49.688122,49.655460,49.623825,49.593224,49.563629,49.535065,49.507504,49.480965,49.455429,49.430901,49.407375,49.384846,49.363316,49.342777,49.323227,49.304668,49.287083,49.270489,49.254856,49.240215,49.226528,49.213814,49.202057,49.191254,49.181412,49.172497,49.164539,49.157509,49.151417,49.146252,49.141998,49.138672,49.136242,49.134705,49.134075,49.134327,49.135464,49.137463,49.140324,49.144043,49.148605,49.154003,49.160217,49.167263,49.175098,49.183743,49.193153,49.203342,49.214287,49.225975,49.238396,49.251541,49.265381,49.279911,49.295120,49.310982,49.327488,49.344624,49.362377,49.380711,49.399620,49.419098,49.439102,49.459633,49.480656,49.502148,49.524109,49.546494,49.569298,49.592461,49.615997,49.639835,49.663952,49.688274,49.712769,49.737335,49.761852,49.786156,49.810024,49.833126,49.854980,49.874901,49.891872,49.904419,49.910374,50.000000
75.000000,74.257454,74.155052,74.005325,73.823082,73.618553,73.398788,73.168663,72.931541,72.689789,72.444969,72.198242,71.950424,71.702034,71.453499,71.205093,70.957024,70.709450,70.462502,70.216278,69.970825,69.726265,69.482582,69.239906,68.998253,68.757637,68.518120,68.279747,68.042557,67.806564,67.571823,67.338333,67.106178,66.875343,66.645859,66.417793,66.191124,65.965935,65.742180,65.519928,65.299194,65.079964,64.862343,64.646263,64.431778,64.218925,64.007675,63.798088,63.590145,63.383877,63.179287,62.976406,62.775219,62.575752,62.378014,62.182003,61.987736,61.795219,61.604443,61.415428,61.228176,61.042690,60.858971,60.677021,60.496834,60.318424,60.141781,59.966915,59.793808,59.622482,59.452915,59.285110,59.119057,58.954762,58.792213,58.631416,58.472355,58.315029,58.159424,58.005539,57.853378,57.702923,57.554165,57.407093,57.261703,57.117996,56.975952,56.835567,56.696831,56.559731,56.424255,56.290405,56.158165,56.027519,55.898468,55.770996,55.645096,55.520752,55.397953,55.276691,55.156963,55.038738,54.922031,54.806808,54.693077,54.580818,54.470016,54.360672,54.252766,54.146286,54.041233,53.937580,53.835331,53.734470,53.634979,53.536861,53.440098,53.344685,53.250607,53.157848,53.066410,52.976280,52.887447,52.799900,52.713631,52.628628,52.544884,52.462391,52.381134,52.301121,52.222321,52.144737,52.068359,51.993183,51.919197,51.846390,51.774761,51.704296,51.634987,51.566833,51.499828,51.433952,51.369213,51.305595,51.243092,51.181705,51.121414,51.062229,51.004131,50.947117,50.891190,50.836342,50.782547,50.729828,50.678169,50.627560,50.578007,50.529484,50.482006,50.435566,50.390156,50.345768,50.302410,50.260067,50.218731,50.178410,50.139088,50.100777,50.063461,50.027142,49.991810,49.957470,49.924107,49.891724,49.860325,49.829899,49.800442,49.771954,49.744423,49.717857,49.692253,49.667599,49.643894,49.621136,49.599323,49.578442,49.558498,49.539494,49.521404,49.504250,49.488014,49.472691,49.458275,49.444771,49.432163,49.420471,49.409657,49.399719,49.390678,49.382507,49.375202,49.368767,49.363186,49.358448,49.354565,49.351524,49.349297,49.347889,49.347294,49.347515,49.348518,49.350315,49.352882,49.356232,49.360329,49.365166,49.370735,49.377037,49.384041,49.391754,49.400146,49.409218,49.418941,49.429317,49.440319,49.451950,49.464180,49.476986,49.490376,49.504299,49.518772,49.533741,49.549236,49.565182,49.581585,49.598412,49.615635,49.633213,49.651100,49.669247,49.687576,49.705990,49.724361,49.742516,49.760170,49.776989,49.792435,49.805767,49.815926,49.821354,49.819820,49.808079,49.781425,49.733082,49.653164,50.000000
75.000000,73.936729,73.939972,73.864944,73.735977,73.569878,73.378281,73.169235,72.948250,72.719193,72.484726,72.246742,72.006477,71.764854,71.522522,71.279938,71.037399,70.795158,70.553383,70.312195,70.071747,69.832062,69.593231,69.355331,69.118370,68.882431,68.647545,68.413765,68.181099,67.949623,67.719307,67.490227,67.262398,67.035873,66.810654,66.586777,66.364265,66.143135,65.923462,65.705185,65.488388,65.273079,65.059265,64.846962,64.636208,64.427010,64.219383,64.013359,63.808907,63.606091,63.404892,63.205345,63.007427,62.811184,62.616611,62.423706,62.232494,62.042973,61.855141,61.669006,61.484585,61.301880,61.120876,60.941578,60.764015,60.588161,60.414021,60.241604,60.070896,59.901909,59.734627,59.569057,59.405193,59.243031,59.082561,58.923801,58.766716,58.611313,58.457596,58.305553,58.155174,58.006458,57.859390,57.713966,57.570175,57.428024,57.287479,57.148548,57.011227,56.875500,56.741360,56.608791,56.477787,56.348347,56.220448,56.094090,55.969261,55.845947,55.724136,55.603832,55.485012,55.367668,55.251789,55.137360,55.024387,54.912842,54.802727,54.694016,54.586723,54.480812,54.376286,54.273132,54.171341,54.070900,53.971806,53.874035,53.777592,53.682453,53.588623,53.496082,53.404823,53.314835,53.226101,53.138630,53.052399,52.967407,52.883633,52.801079,52.719730,52.639584,52.560623,52.482838,52.406235,52.330791,52.256500,52.183365,52.111366,52.040504,51.970760,51.902138,51.834625,51.768219,51.702900,51.638672,51.575527,51.513458,51.452457,51.392521,51.333641,51.275810,51.219021,51.163280,51.108559,51.054871,51.002209,50.950558,50.899925,50.850288,50.801659,50.754028,50.707378,50.661720,50.617050,50.573353,50.530632,50.488884,50.448093,50.408264,50.369392,50.331478,50.294510,50.258480,50.223404,50.189259,50.156052,50.123768,50.092411,50.061977,50.032459,50.003860,49.976173,49.949398,49.923527,49.898548,49.874462,49.851280,49.828979,49.807564,49.787029,49.767361,49.748577,49.730652,49.713589,49.697388,49.682034,49.667534,49.653881,49.641056,49.629059,49.617886,49.607540,49.598007,49.589275,49.581356,49.574215,49.567879,49.562305,49.557507,49.553474,49.550194,49.547653,49.545856,49.544792,49.544437,49.544792,49.545853,49.547600,49.550014,49.553108,49.556847,49.561218,49.566235,49.571861,49.578094,49.584915,49.592312,49.600266,49.608776,49.617802,49.627354,49.637394,49.647903,49.658882,49.670288,49.682098,49.694271,49.706802,49.719608,49.732647,49.745838,49.759071,49.772194,49.785000,49.797207,49.808388,49.817970,49.825073,49.828484,49.826443,49.816387,49.794621,49.755810,49.692196,49.592606,49.440788,50.000000
75.000000,73.726952,73.801399,73.777283,73.685150,73.546150,73.374840,73.181412,72.972786,72.753860,72.527962,72.297386,72.063828,71.828362,71.591820,71.354713,71.117477,70.880379,70.643669,70.407463,70.171883,69.937027,69.702965,69.469780,69.237511,69.006203,68.775909,68.546669,68.318512,68.091454,67.865578,67.640846,67.417351,67.195084,66.974098,66.754395,66.536018,66.318962,66.103279,65.888985,65.676109,65.464668,65.254662,65.046120,64.839066,64.633537,64.429497,64.227013,64.026062,63.826668,63.628857,63.432621,63.237984,63.044952,62.853539,62.663727,62.475563,62.289024,62.104137,61.920883,61.739296,61.559353,61.381065,61.204445,61.029472,60.856178,60.684544,60.514568,60.346264,60.179615,60.014626,59.851299,59.689621,59.529591,59.371220,59.214485,59.059395,58.905930,58.754108,58.603905,58.455315,58.308338,58.162968,58.019199,57.877014,57.736416,57.597385,57.459930,57.324036,57.189686,57.056877,56.925606,56.795856,56.667622,56.540886,56.415657,56.291912,56.169636,56.048836,55.929489,55.811588,55.695122,55.580086,55.466469,55.354263,55.243446,55.134018,55.025967,54.919281,54.813950,54.709972,54.607319,54.506004,54.405994,54.307293,54.209892,54.113770,54.018929,53.925354,53.833027,53.741955,53.652122,53.563515,53.476124,53.389946,53.304962,53.221172,53.138569,53.057133,52.976860,52.897743,52.819775,52.742943,52.667244,52.592667,52.519203,52.446846,52.375587,52.305420,52.236328,52.168320,52.101376,52.035492,51.970669,51.906887,51.844143,51.782440,51.721756,51.662098,51.603458,51.545818,51.489185,51.433540,51.378895,51.325237,51.272541,51.220833,51.170090,51.120312,51.071487,51.023613,50.976696,50.930717,50.885670,50.841560,50.798382,50.756130,50.714794,50.674374,50.634861,50.596268,50.558563,50.521763,50.485859,50.450836,50.416706,50.383453,50.351086,50.319588,50.288960,50.259197,50.230297,50.202259,50.175064,50.148720,50.123226,50.098572,50.074753,50.051773,50.029613,50.008278,49.987747,49.968052,49.949154,49.931065,49.913765,49.897263,49.881554,49.866615,49.852459,49.839066,49.826443,49.814575,49.803459,49.793083,49.783451,49.774551,49.766357,49.758892,49.752125,49.746052,49.740665,49.735966,49.731945,49.728577,49.725857,49.723782,49.722328,49.721508,49.721294,49.721668,49.722649,49.724182,49.726284,49.728928,49.732121,49.735817,49.740032,49.744732,49.749908,49.755543,49.761608,49.768097,49.774982,49.782227,49.789803,49.797676,49.805775,49.814041,49.822384,49.830662,49.838699,49.846222,49.852898,49.858189,49.861347,49.861305,49.856537,49.844788,49.822861,49.786102,49.727768,49.638142,49.503151,49.302395,50.000000
75.000000,73.656723,73.759186,73.756081,73.680145,73.553917,73.393066,73.208427,73.007446,72.795349,72.575691,72.350990,72.123009,71.892921,71.661583,71.429596,71.197388,70.965271,70.733429,70.502060,70.271263,70.041161,69.811813,69.583328,69.355675,69.128967,68.903206,68.678474,68.454796,68.232162,68.010643,67.790276,67.571060,67.353027,67.136230,66.920685,66.706390,66.493393,66.281708,66.071388,65.862411,65.654808,65.448586,65.243790,65.040443,64.838531,64.638084,64.439117,64.241653,64.045677,63.851227,63.658318,63.466930,63.277096,63.088833,62.902126,62.716999,62.533440,62.351486,62.171112,61.992332,61.815163,61.639595,61.465633,61.293278,61.122532,60.953400,60.785881,60.619961,60.455662,60.292969,60.131882,59.972393,59.814507,59.658226,59.503536,59.350437,59.198921,59.048992,58.900627,58.753845,58.608620,58.464954,58.322842,58.182270,58.043240,57.905731,57.769753,57.635288,57.502331,57.370865,57.240898,57.112404,56.985394,56.859833,56.735737,56.613083,56.491863,56.372066,56.253696,56.136726,56.021152,55.906971,55.794170,55.682735,55.572659,55.463932,55.356544,55.250484,55.145744,55.042316,54.940178,54.839344,54.739780,54.641487,54.544456,54.448673,54.354134,54.260822,54.168736,54.077858,53.988186,53.899700,53.812408,53.726284,53.641323,53.557529,53.474876,53.393364,53.312981,53.233719,53.155567,53.078526,53.002571,52.927711,52.853931,52.781223,52.709579,52.638988,52.569443,52.500946,52.433479,52.367039,52.301613,52.237206,52.173801,52.111389,52.049973,51.989548,51.930092,51.871613,51.814095,51.757530,51.701931,51.647270,51.593559,51.540779,51.488930,51.438004,51.387997,51.338905,51.290718,51.243439,51.197056,51.151569,51.106968,51.063248,51.020409,50.978439,50.937347,50.897114,50.857742,50.819225,50.781567,50.744747,50.708767,50.673622,50.639320,50.605839,50.573185,50.541355,50.510338,50.480133,50.450733,50.422134,50.394337,50.367332,50.341118,50.315685,50.291031,50.267155,50.244038,50.221699,50.200115,50.179276,50.159199,50.139866,50.121265,50.103397,50.086254,50.069828,50.054123,50.039120,50.024815,50.011215,49.998295,49.986065,49.974499,49.963600,49.953358,49.943760,49.934807,49.926483,49.918781,49.911694,49.905216,49.899326,49.894028,49.889309,49.885151,49.881531,49.878479,49.875935,49.873917,49.872414,49.871403,49.870869,49.870792,49.871193,49.872009,49.873245,49.874905,49.876923,49.879311,49.882027,49.885048,49.888313,49.891773,49.895363,49.898979,49.902477,49.905670,49.908283,49.909931,49.910049,49.907845,49.902176,49.891392,49.873089,49.843830,49.798645,49.730316,49.628441,49.477947,49.257080,50.000000
75.000000,73.735909,73.820152,73.806152,73.724251,73.595535,73.434547,73.251350,73.052963,72.844170,72.628334,72.407837,72.184219,71.958694,71.732002,71.504715,71.277214,71.049820,70.822723,70.596077,70.369980,70.144547,69.919861,69.695969,69.472916,69.250748,69.029518,68.809258,68.589989,68.371758,68.154587,67.938522,67.723579,67.509773,67.297142,67.085701,66.875488,66.666534,66.458824,66.252419,66.047302,65.843536,65.641113,65.440041,65.240364,65.042053,64.845207,64.649742,64.455719,64.263161,64.072075,63.882458,63.694324,63.507698,63.322567,63.138943,62.956844,62.776272,62.597237,62.419739,62.243782,62.069378,61.896519,61.725216,61.555470,61.387276,61.220638,61.055569,60.892056,60.730103,60.569698,60.410858,60.253571,60.097832,59.943642,59.790997,59.639900,59.490330,59.342293,59.195789,59.050812,58.907341,58.765388,58.624939,58.485989,58.348530,58.212563,58.078064,57.945042,57.813477,57.683369,57.554710,57.427486,57.301693,57.177322,57.054367,56.932819,56.812660,56.693890,56.576496,56.460468,56.345802,56.232479,56.120506,56.009853,55.900524,55.792507,55.685795,55.580368,55.476231,55.373363,55.271755,55.171410,55.072296,54.974419,54.877777,54.782333,54.688107,54.595078,54.503227,54.412556,54.323051,54.234711,54.147518,54.061459,53.976540,53.892738,53.810047,53.728466,53.647976,53.568581,53.490253,53.413006,53.336815,53.261677,53.187595,53.114540,53.042515,52.971512,52.901520,52.832542,52.764557,52.697563,52.631550,52.566525,52.502457,52.439358,52.377209,52.316013,52.255756,52.196434,52.138042,52.080570,52.024017,51.968380,51.913639,51.859795,51.806847,51.754780,51.703594,51.653282,51.603844,51.555264,51.507553,51.460682,51.414665,51.369484,51.325150,51.281643,51.238960,51.197109,51.156071,51.115841,51.076424,51.037804,50.999977,50.962959,50.926720,50.891273,50.856594,50.822697,50.789566,50.757210,50.725605,50.694752,50.664658,50.635303,50.606697,50.578827,50.551678,50.525265,50.499565,50.474590,50.450321,50.426758,50.403896,50.381721,50.360241,50.339451,50.319332,50.299873,50.281097,50.262970,50.245491,50.228657,50.212463,50.196903,50.181969,50.167648,50.153934,50.140823,50.128296,50.116371,50.105019,50.094215,50.083988,50.074299,50.065155,50.056541,50.048443,50.040859,50.033764,50.027168,50.021053,50.015400,50.010197,50.005444,50.001110,49.997196,49.993683,49.990562,49.987793,49.985394,49.983307,49.981529,49.980022,49.978741,49.977638,49.976654,49.975685,49.974586,49.973225,49.971287,49.968441,49.964169,49.957737,49.948048,49.933567,49.912090,49.880386,49.833809,49.765652,49.666248,49.521561,49.311340,50.000000
75.000000,73.954079,73.977173,73.922531,73.814133,73.668694,73.497719,73.309181,73.108643,72.899864,72.685608,72.467659,72.247360,72.025581,71.802956,71.579987,71.356941,71.134064,70.911552,70.689507,70.468025,70.247200,70.027115,69.807770,69.589233,69.371613,69.154846,68.939026,68.724159,68.510284,68.297455,68.085640,67.874931,67.665329,67.456848,67.249496,67.043343,66.838379,66.634651,66.432144,66.230888,66.030922,65.832253,65.634918,65.438873,65.244179,65.050873,64.858917,64.668373,64.479210,64.291451,64.105133,63.920242,63.736782,63.554787,63.374241,63.195171,63.017574,62.841457,62.666828,62.493679,62.322037,62.151890,61.983242,61.816093,61.650455,61.486332,61.323696,61.162590,61.002979,60.844883,60.688290,60.533192,60.379601,60.227509,60.076916,59.927818,59.780205,59.634075,59.489433,59.346256,59.204552,59.064320,58.925545,58.788219,58.652348,58.517910,58.384899,58.253330,58.123173,57.994427,57.867081,57.741135,57.616577,57.493404,57.371597,57.251160,57.132069,57.014328,56.897923,56.782852,56.669090,56.556648,56.445503,56.335651,56.227081,56.119789,56.013752,55.908978,55.805443,55.703144,55.602077,55.502224,55.403576,55.306137,55.209881,55.114792,55.020882,54.928135,54.836540,54.746086,54.656765,54.568565,54.481483,54.395504,54.310627,54.226833,54.144119,54.062477,53.981895,53.902363,53.823879,53.746429,53.670010,53.594604,53.520210,53.446823,53.374432,53.303017,53.232594,53.163139,53.094643,53.027103,52.960514,52.894863,52.830151,52.766365,52.703495,52.641537,52.580479,52.520329,52.461071,52.402695,52.345200,52.288578,52.232815,52.177917,52.123863,52.070671,52.018318,51.966797,51.916103,51.866234,51.817188,51.768951,51.721519,51.674889,51.629059,51.584019,51.539764,51.496281,51.453583,51.411648,51.370472,51.330063,51.290413,51.251503,51.213341,51.175919,51.139225,51.103271,51.068035,51.033512,50.999710,50.966618,50.934227,50.902534,50.871540,50.841225,50.811600,50.782654,50.754379,50.726768,50.699821,50.673538,50.647896,50.622906,50.598545,50.574821,50.551739,50.529270,50.507408,50.486164,50.465519,50.445473,50.426006,50.407131,50.388821,50.371090,50.353912,50.337303,50.321224,50.305676,50.290668,50.276176,50.262196,50.248718,50.235744,50.223255,50.211231,50.199684,50.188583,50.177929,50.167721,50.157928,50.148552,50.139587,50.131001,50.122818,50.114979,50.107494,50.100353,50.093525,50.087002,50.080757,50.074772,50.068996,50.063396,50.057922,50.052483,50.046997,50.041283,50.035175,50.028351,50.020435,50.010784,49.998589,49.982609,49.961079,49.931454,49.890057,49.831562,49.748322,49.629230,49.458279,50.000000
75.000000,74.282196,74.210205,74.091408,73.940285,73.766846,73.578056,73.378754,73.172279,72.960945,72.746422,72.529808,72.311897,72.093292,71.874306,71.655304,71.436478,71.217957,70.999893,70.782356,70.565407,70.349152,70.133568,69.918762,69.704750,69.491554,69.279251,69.067818,68.857346,68.647797,68.439247,68.231697,68.025192,67.819756,67.615387,67.412117,67.210014,67.009041,66.809219,66.610603,66.413208,66.217033,66.022087,65.828438,65.636055,65.444962,65.255188,65.066727,64.879593,64.693810,64.509392,64.326363,64.144691,63.964420,63.785542,63.608070,63.432026,63.257389,63.084190,62.912430,62.742088,62.573204,62.405762,62.239769,62.075218,61.912136,61.750507,61.590328,61.431622,61.274353,61.118557,60.964203,60.811317,60.659874,60.509884,60.361343,60.214245,60.068588,59.924377,59.781590,59.640232,59.500301,59.361786,59.224686,59.089005,58.954708,58.821819,58.690311,58.560192,58.431446,58.304077,58.178062,58.053402,57.930084,57.808109,57.687462,57.568142,57.450134,57.333431,57.218029,57.103912,56.991074,56.879513,56.769215,56.660168,56.552361,56.445801,56.340454,56.236332,56.133419,56.031704,55.931183,55.831837,55.733662,55.636654,55.540798,55.446087,55.352501,55.260048,55.168713,55.078484,54.989346,54.901306,54.814346,54.728455,54.643623,54.559849,54.477112,54.395424,54.314751,54.235100,54.156464,54.078823,54.002174,53.926517,53.851830,53.778114,53.705357,53.633556,53.562695,53.492771,53.423775,53.355701,53.288532,53.222275,53.156918,53.092449,53.028862,52.966152,52.904312,52.843338,52.783211,52.723938,52.665508,52.607906,52.551140,52.495186,52.440056,52.385727,52.332211,52.279476,52.227547,52.176388,52.126011,52.076412,52.027569,51.979504,51.932175,51.885605,51.839775,51.794685,51.750320,51.706684,51.663776,51.621578,51.580090,51.539310,51.499222,51.459835,51.421135,51.383114,51.345776,51.309109,51.273109,51.237778,51.203098,51.169071,51.135689,51.102951,51.070847,51.039360,51.008518,50.978283,50.948669,50.919659,50.891247,50.863438,50.836224,50.809578,50.783516,50.758026,50.733112,50.708748,50.684948,50.661682,50.638962,50.616776,50.595116,50.573971,50.553349,50.533226,50.513596,50.494465,50.475803,50.457626,50.439915,50.422657,50.405849,50.389492,50.373550,50.358047,50.342949,50.328259,50.313965,50.300049,50.286510,50.273342,50.260529,50.248055,50.235916,50.224098,50.212582,50.201359,50.190418,50.179733,50.169296,50.159073,50.149036,50.139141,50.129341,50.119579,50.109764,50.099735,50.089352,50.078335,50.066345,50.052837,50.037067,50.017982,49.994041,49.963001,49.921669,49.865429,49.787590,49.678543,50.000000
75.000000,74.676476,74.488991,74.291908,74.088203,73.879982,73.668671,73.455322,73.240654,73.025177,72.809265,72.593193,72.377144,72.161278,71.945679,71.730453,71.515686,71.301422,71.087715,70.874611,70.662140,70.450363,70.239281,70.028961,69.819405,69.610657,69.402763,69.195732,68.989563,68.784317,68.580040,68.376717,68.174408,67.973091,67.772842,67.573647,67.375511,67.178513,66.982605,66.787872,66.594284,66.401894,66.210678,66.020683,65.831917,65.644417,65.458168,65.273170,65.089485,64.907074,64.725975,64.546211,64.367760,64.190659,64.014893,63.840488,63.667450,63.495781,63.325485,63.156578,62.989048,62.822922,62.658180,62.494843,62.332893,62.172359,62.013233,61.855507,61.699188,61.544277,61.390770,61.238674,61.087986,60.938698,60.790817,60.644333,60.499237,60.355541,60.213234,60.072315,59.932785,59.794628,59.657845,59.522427,59.388374,59.255680,59.124336,58.994343,58.865685,58.738361,58.612358,58.487682,58.364315,58.242245,58.121479,58.002007,57.883816,57.766891,57.651241,57.536839,57.423698,57.311794,57.201115,57.091667,56.983440,56.876411,56.770580,56.665943,56.562485,56.460194,56.359074,56.259098,56.160275,56.062584,55.966019,55.870575,55.776230,55.682995,55.590843,55.499775,55.409775,55.320847,55.232967,55.146137,55.060341,54.975571,54.891815,54.809078,54.727345,54.646595,54.566830,54.488045,54.410225,54.333363,54.257450,54.182484,54.108448,54.035336,53.963139,53.891857,53.821468,53.751987,53.683376,53.615650,53.548786,53.482796,53.417656,53.353363,53.289906,53.227283,53.165485,53.104511,53.044338,52.984982,52.926411,52.868629,52.811638,52.755428,52.699982,52.645294,52.591373,52.538193,52.485760,52.434067,52.383106,52.332874,52.283352,52.234550,52.186451,52.139050,52.092346,52.046333,52.001011,51.956352,51.912376,51.869072,51.826408,51.784416,51.743061,51.702351,51.662289,51.622849,51.584042,51.545849,51.508278,51.471317,51.434956,51.399200,51.364029,51.329460,51.295460,51.262043,51.229187,51.196903,51.165176,51.134010,51.103382,51.073296,51.043751,51.014732,50.986237,50.958252,50.930782,50.903824,50.877365,50.851383,50.825893,50.800884,50.776348,50.752270,50.728657,50.705482,50.682766,50.660477,50.638615,50.617172,50.596146,50.575520,50.555298,50.535458,50.516003,50.496902,50.478191,50.459816,50.441792,50.424114,50.406746,50.389698,50.372971,50.356529,50.340389,50.324528,50.308922,50.293575,50.278477,50.263599,50.248962,50.234516,50.220264,50.206173,50.192226,50.178410,50.164669,50.150959,50.137215,50.123360,50.109272,50.094780,50.079647,50.063545,50.046005,50.026367,50.003658,49.976479,49.942917,50.000000
75.000000,75.084297,74.777145,74.498863,74.240555,73.996117,73.761292,73.533180,73.309822,73.089813,72.872284,72.656532,72.442192,72.228966,72.016655,71.805153,71.594391,71.384315,71.174934,70.966225,70.758186,70.550865,70.344246,70.138374,69.933258,69.728905,69.525383,69.322693,69.120857,68.919891,68.719864,68.520737,68.322571,68.125397,67.929214,67.734047,67.539917,67.346848,67.154839,66.963943,66.774178,66.585541,66.398048,66.211708,66.026550,65.842606,65.659866,65.478363,65.298058,65.119026,64.941223,64.764732,64.589493,64.415543,64.242889,64.071541,63.901512,63.732800,63.565411,63.399345,63.234615,63.071236,62.909203,62.748501,62.589169,62.431179,62.274548,62.119263,61.965351,61.812790,61.661579,61.511738,61.363255,61.216118,61.070343,60.925911,60.782833,60.641098,60.500717,60.361664,60.223953,60.087582,59.952530,59.818810,59.686398,59.555305,59.425514,59.297031,59.169838,59.043945,58.919331,58.795994,58.673920,58.553116,58.433563,58.315269,58.198208,58.082382,57.967785,57.854408,57.742233,57.631275,57.521496,57.412910,57.305500,57.199253,57.094181,56.990246,56.887463,56.785812,56.685287,56.585873,56.487579,56.390377,56.294270,56.199242,56.105286,56.012394,55.920563,55.829765,55.740017,55.651291,55.563583,55.476887,55.391197,55.306496,55.222782,55.140045,55.058270,54.977455,54.897587,54.818665,54.740665,54.663597,54.587448,54.512199,54.437851,54.364395,54.291817,54.220119,54.149284,54.079304,54.010181,53.941895,53.874443,53.807816,53.742016,53.677017,53.612820,53.549423,53.486816,53.424992,53.363937,53.303650,53.244129,53.185349,53.127323,53.070030,53.013466,52.957626,52.902515,52.848106,52.794395,52.741394,52.689075,52.637447,52.586494,52.536213,52.486591,52.437634,52.389332,52.341671,52.294651,52.248272,52.202515,52.157375,52.112858,52.068947,52.025642,51.982937,51.940826,51.899292,51.858349,51.817982,51.778175,51.738937,51.700245,51.662117,51.624538,51.587490,51.550976,51.514992,51.479527,51.444584,51.410149,51.376225,51.342781,51.309841,51.277393,51.245419,51.213917,51.182888,51.152325,51.122215,51.092545,51.063320,51.034538,51.006180,50.978256,50.950733,50.923634,50.896935,50.870628,50.844707,50.819168,50.794018,50.769222,50.744789,50.720703,50.696964,50.673573,50.650505,50.627754,50.605324,50.583202,50.561371,50.539833,50.518570,50.497585,50.476864,50.456406,50.436192,50.416218,50.396484,50.376980,50.357693,50.338642,50.319813,50.301212,50.282856,50.264759,50.246979,50.229549,50.212589,50.196201,50.180614,50.166092,50.153099,50.142250,50.134476,50.131088,50.134071,50.146217,50.171661,50.216328,50.000000
75.000000,75.451263,75.037064,74.686295,74.379387,74.102814,73.847298,73.606384,73.375679,73.152077,72.933487,72.718521,72.506172,72.295753,72.086838,71.879143,71.672394,71.466553,71.261490,71.057152,70.853546,70.650650,70.448471,70.247009,70.046303,69.846367,69.647186,69.448822,69.251274,69.054565,68.858765,68.663834,68.469795,68.276688,68.084564,67.893410,67.703255,67.514114,67.326004,67.138924,66.952942,66.768036,66.584229,66.401558,66.219986,66.039589,65.860344,65.682274,65.505386,65.329704,65.155220,64.981979,64.809921,64.639153,64.469566,64.301285,64.134254,63.968479,63.803989,63.640781,63.478851,63.318218,63.158871,63.000832,62.844082,62.688637,62.534504,62.381676,62.230156,62.079956,61.931042,61.783447,61.637165,61.492188,61.348515,61.206150,61.065083,60.925320,60.786854,60.649681,60.513798,60.379208,60.245899,60.113865,59.983105,59.853619,59.725388,59.598431,59.472713,59.348244,59.225018,59.103031,58.982273,58.862728,58.744411,58.627285,58.511372,58.396652,58.283112,58.170761,58.059578,57.949554,57.840691,57.732975,57.626396,57.520950,57.416626,57.313412,57.211311,57.110302,57.010384,56.911549,56.813782,56.717087,56.621441,56.526840,56.433277,56.340740,56.249226,56.158726,56.069221,55.980713,55.893188,55.806644,55.721062,55.636436,55.552765,55.470036,55.388233,55.307358,55.227398,55.148346,55.070187,54.992920,54.916531,54.841019,54.766369,54.692574,54.619625,54.547516,54.476234,54.405781,54.336140,54.267303,54.199268,54.132019,54.065552,53.999863,53.934940,53.870781,53.807365,53.744705,53.682774,53.621571,53.561089,53.501320,53.442265,53.383896,53.326229,53.269249,53.212940,53.157307,53.102333,53.048019,52.994362,52.941345,52.888962,52.837208,52.786076,52.735565,52.685661,52.636364,52.587658,52.539543,52.492023,52.445072,52.398697,52.352879,52.307625,52.262928,52.218777,52.175159,52.132084,52.089527,52.047504,52.005989,51.964993,51.924496,51.884491,51.844982,51.805962,51.767426,51.729355,51.691750,51.654610,51.617928,51.581696,51.545906,51.510555,51.475632,51.441135,51.407066,51.373402,51.340149,51.307285,51.274826,51.242752,51.211060,51.179745,51.148804,51.118206,51.087982,51.058102,51.028564,50.999367,50.970486,50.941936,50.913700,50.885777,50.858154,50.830818,50.803783,50.777023,50.750526,50.724308,50.698345,50.672634,50.647163,50.621941,50.596943,50.572170,50.547619,50.523281,50.499161,50.475258,50.451569,50.428108,50.404881,50.381920,50.359272,50.336990,50.315193,50.294006,50.273632,50.254414,50.236809,50.221443,50.209324,50.201855,50.201073,50.209961,50.232784,50.275799,50.348034,50.462505,50.000000
75.000000,75.728531,75.234985,74.830849,74.488518,74.188988,73.919067,73.669685,73.434578,73.209381,72.991211,72.777946,72.568230,72.361076,72.155853,71.952118,71.749542,71.547981,71.347290,71.147346,70.948189,70.749733,70.551979,70.354935,70.158607,69.963028,69.768196,69.574135,69.380859,69.188393,68.996742,68.805977,68.616058,68.427048,68.238953,68.051773,67.865585,67.680336,67.496086,67.312851,67.130615,66.949448,66.769333,66.590271,66.412308,66.235443,66.059677,65.885033,65.711533,65.539192,65.368004,65.197975,65.029144,64.861473,64.695023,64.529755,64.365730,64.202896,64.041290,63.880924,63.721790,63.563896,63.407242,63.251850,63.097691,62.944798,62.793159,62.642773,62.493645,62.345787,62.199184,62.053848,61.909760,61.766945,61.625385,61.485073,61.346035,61.208233,61.071701,60.936405,60.802353,60.669544,60.537983,60.407650,60.278545,60.150661,60.024010,59.898567,59.774326,59.651302,59.529472,59.408840,59.289391,59.171127,59.054031,58.938107,58.823338,58.709728,58.597267,58.485947,58.375755,58.266685,58.158737,58.051895,57.946156,57.841515,57.737953,57.635468,57.534058,57.433701,57.334396,57.236141,57.138924,57.042736,56.947563,56.853397,56.760235,56.668064,56.576885,56.486675,56.397438,56.309155,56.221821,56.135429,56.049969,55.965435,55.881813,55.799099,55.717281,55.636349,55.556305,55.477127,55.398815,55.321358,55.244743,55.168968,55.094032,55.019905,54.946590,54.874081,54.802364,54.731445,54.661289,54.591911,54.523304,54.455444,54.388325,54.321949,54.256306,54.191387,54.127174,54.063671,54.000874,53.938763,53.877335,53.816586,53.756496,53.697083,53.638309,53.580185,53.522701,53.465851,53.409615,53.354000,53.299004,53.244606,53.190796,53.137581,53.084946,53.032883,52.981392,52.930458,52.880081,52.830246,52.780960,52.732197,52.683964,52.636257,52.589054,52.542366,52.496189,52.450493,52.405289,52.360561,52.316322,52.272541,52.229225,52.186367,52.143963,52.101997,52.060471,52.019371,51.978714,51.938465,51.898617,51.859192,51.820160,51.781528,51.743286,51.705425,51.667931,51.630814,51.594070,51.557671,51.521637,51.485935,51.450584,51.415558,51.380863,51.346489,51.312428,51.278679,51.245239,51.212078,51.179218,51.146645,51.114353,51.082317,51.050541,51.019035,50.987782,50.956779,50.926014,50.895470,50.865162,50.835072,50.805187,50.775517,50.746067,50.716793,50.687710,50.658821,50.630142,50.601635,50.573322,50.545204,50.517326,50.489677,50.462322,50.435318,50.408764,50.382793,50.357628,50.333565,50.311069,50.290771,50.273624,50.261013,50.254917,50.258244,50.275173,50.311779,50.376850,50.483086,50.648907,50.000000
75.000000,75.879379,75.345505,74.914970,74.555847,74.246216,73.970764,73.718994,73.483704,73.259903,73.044067,72.833893,72.627762,72.424500,72.223404,72.023933,71.825722,71.628571,71.432304,71.236855,71.042122,70.848106,70.654778,70.462135,70.270172,70.078949,69.888420,69.698654,69.509613,69.321350,69.133904,68.947250,68.761444,68.576477,68.392403,68.209213,68.026939,67.845596,67.665184,67.485725,67.307259,67.129784,66.953323,66.777893,66.603493,66.430138,66.257858,66.086647,65.916519,65.747513,65.579597,65.412811,65.247162,65.082642,64.919250,64.757019,64.595970,64.436089,64.277374,64.119843,63.963497,63.808331,63.654366,63.501610,63.350052,63.199703,63.050549,62.902611,62.755878,62.610371,62.466072,62.322983,62.181107,62.040443,61.900993,61.762756,61.625732,61.489906,61.355293,61.221878,61.089668,60.958645,60.828831,60.700199,60.572762,60.446491,60.321404,60.197495,60.074745,59.953167,59.832737,59.713463,59.595333,59.478348,59.362499,59.247765,59.134159,59.021671,58.910282,58.799995,58.690807,58.582699,58.475674,58.369717,58.264824,58.160992,58.058201,57.956455,57.855740,57.756050,57.657372,57.559704,57.463039,57.367363,57.272671,57.178955,57.086205,56.994408,56.903564,56.813660,56.724689,56.636642,56.549511,56.463284,56.377953,56.293510,56.209953,56.127262,56.045437,55.964466,55.884342,55.805050,55.726597,55.648952,55.572128,55.496098,55.420868,55.346424,55.272751,55.199848,55.127708,55.056320,54.985672,54.915764,54.846584,54.778114,54.710361,54.643307,54.576950,54.511276,54.446274,54.381950,54.318287,54.255276,54.192905,54.131180,54.070084,54.009605,53.949741,53.890488,53.831829,53.773766,53.716286,53.659378,53.603046,53.547272,53.492050,53.437374,53.383240,53.329636,53.276558,53.223999,53.171947,53.120403,53.069359,53.018791,52.968712,52.919109,52.869984,52.821316,52.773102,52.725334,52.678009,52.631123,52.584667,52.538624,52.493000,52.447792,52.402985,52.358570,52.314541,52.270901,52.227642,52.184742,52.142223,52.100052,52.058239,52.016762,51.975636,51.934834,51.894367,51.854221,51.814377,51.774853,51.735634,51.696709,51.658081,51.619728,51.581665,51.543869,51.506355,51.469078,51.432076,51.395309,51.358795,51.322517,51.286480,51.250652,51.215061,51.179668,51.144512,51.109535,51.074760,51.040176,51.005783,50.971577,50.937538,50.903683,50.869976,50.836445,50.803078,50.769855,50.736801,50.703911,50.671177,50.638630,50.606304,50.574196,50.542377,50.510925,50.479954,50.449627,50.420181,50.391987,50.365566,50.341660,50.321377,50.306316,50.298775,50.302116,50.321167,50.362957,50.437641,50.559917,50.751038,50.000000
75.000000,75.884148,75.355019,74.929237,74.574890,74.269989,73.999268,73.752228,73.521660,73.302551,73.091415,72.885925,72.684448,72.485825,72.289360,72.094475,71.900864,71.708282,71.516548,71.325584,71.135338,70.945786,70.756882,70.568642,70.381042,70.194138,70.007919,69.822411,69.637596,69.453529,69.270233,69.087700,68.905975,68.725052,68.544952,68.365723,68.187347,68.009895,67.833313,67.657623,67.482903,67.309120,67.136307,66.964485,66.793648,66.623787,66.454971,66.287178,66.120422,65.954720,65.790077,65.626526,65.464035,65.302643,65.142334,64.983131,64.825058,64.668098,64.512276,64.357567,64.203995,64.051575,63.900303,63.750172,63.601212,63.453388,63.306736,63.161236,63.016907,62.873734,62.731735,62.590904,62.451237,62.312733,62.175400,62.039227,61.904217,61.770367,61.637684,61.506149,61.375782,61.246555,61.118496,60.991566,60.865788,60.741138,60.617634,60.495258,60.374001,60.253868,60.134850,60.016941,59.900143,59.784439,59.669827,59.556301,59.443863,59.332497,59.222191,59.112957,59.004772,58.897633,58.791534,58.686474,58.582443,58.479420,58.377415,58.276405,58.176403,58.077381,57.979340,57.882267,57.786163,57.691013,57.596813,57.503551,57.411209,57.319801,57.229305,57.139717,57.051022,56.963215,56.876293,56.790237,56.705048,56.620708,56.537220,56.454563,56.372738,56.291737,56.211540,56.132145,56.053551,55.975735,55.898697,55.822433,55.746918,55.672161,55.598145,55.524857,55.452301,55.380459,55.309322,55.238888,55.169144,55.100082,55.031689,54.963966,54.896900,54.830486,54.764709,54.699570,54.635048,54.571144,54.507843,54.445145,54.383038,54.321518,54.260571,54.200191,54.140366,54.081097,54.022366,53.964188,53.906521,53.849380,53.792755,53.736626,53.680996,53.625862,53.571213,53.517029,53.463310,53.410061,53.357262,53.304909,53.252991,53.201504,53.150448,53.099804,53.049568,52.999737,52.950294,52.901253,52.852589,52.804291,52.756378,52.708820,52.661613,52.614758,52.568241,52.522053,52.476208,52.430679,52.385460,52.340557,52.295959,52.251652,52.207645,52.163921,52.120472,52.077293,52.034382,51.991730,51.949337,51.907192,51.865295,51.823624,51.782192,51.740982,51.700001,51.659222,51.618660,51.578293,51.538132,51.498158,51.458385,51.418770,51.379353,51.340096,51.301022,51.262089,51.223320,51.184696,51.146233,51.107906,51.069717,51.031666,50.993732,50.955933,50.918274,50.880722,50.843304,50.806011,50.768864,50.731857,50.695038,50.658432,50.622074,50.586067,50.550507,50.515575,50.481510,50.448669,50.417583,50.389011,50.364029,50.344261,50.332001,50.330624,50.344933,50.381981,50.451916,50.569443,50.755798,50.000000
75.000000,75.742813,75.263535,74.873672,74.545601,74.260300,74.004585,73.769386,73.548431,73.337364,73.133255,72.934021,72.738297,72.545074,72.353729,72.163811,71.974991,71.787094,71.600014,71.413620,71.227905,71.042801,70.858330,70.674477,70.491234,70.308624,70.126717,69.945442,69.764854,69.584953,69.405777,69.227364,69.049675,68.872780,68.696663,68.521362,68.346901,68.173271,68.000496,67.828598,67.657593,67.487503,67.318336,67.150070,66.982773,66.816422,66.651062,66.486664,66.323257,66.160881,65.999496,65.839134,65.679817,65.521530,65.364311,65.208122,65.053032,64.898994,64.746025,64.594154,64.443375,64.293678,64.145096,63.997589,63.851200,63.705921,63.561752,63.418705,63.276764,63.135941,62.996243,62.857662,62.720192,62.583851,62.448631,62.314529,62.181545,62.049667,61.918915,61.789272,61.660740,61.533321,61.407013,61.281792,61.157681,61.034657,60.912731,60.791893,60.672131,60.553452,60.435852,60.319317,60.203842,60.089436,59.976074,59.863754,59.752483,59.642250,59.533043,59.424858,59.317688,59.211529,59.106373,59.002209,58.899029,58.796844,58.695621,58.595367,58.496075,58.397728,58.300335,58.203865,58.108330,58.013714,57.920010,57.827213,57.735298,57.644283,57.554142,57.464870,57.376465,57.288906,57.202206,57.116329,57.031284,56.947060,56.863647,56.781040,56.699219,56.618187,56.537937,56.458443,56.379719,56.301739,56.224503,56.147999,56.072220,55.997162,55.922802,55.849140,55.776173,55.703888,55.632275,55.561317,55.491028,55.421371,55.352360,55.283974,55.216206,55.149055,55.082504,55.016552,54.951187,54.886398,54.822178,54.758518,54.695412,54.632858,54.570827,54.509331,54.448349,54.387886,54.327927,54.268459,54.209480,54.150978,54.092949,54.035381,53.978275,53.921608,53.865387,53.809589,53.754227,53.699276,53.644726,53.590588,53.536842,53.483479,53.430489,53.377880,53.325638,53.273746,53.222198,53.170994,53.120136,53.069599,53.019386,52.969479,52.919891,52.870598,52.821598,52.772881,52.724449,52.676292,52.628395,52.580765,52.533386,52.486256,52.439377,52.392723,52.346298,52.300102,52.254128,52.208355,52.162796,52.117435,52.072262,52.027287,51.982491,51.937870,51.893429,51.849144,51.805046,51.761078,51.717274,51.673622,51.630116,51.586723,51.543476,51.500359,51.457359,51.414494,51.371738,51.329086,51.286541,51.244106,51.201767,51.159515,51.117374,51.075314,51.033337,50.991455,50.949673,50.907978,50.866390,50.824905,50.783577,50.742401,50.701435,50.660759,50.620461,50.580669,50.541634,50.503639,50.467152,50.432827,50.401604,50.374870,50.354626,50.343769,50.346481,50.368858,50.419670,50.511642,50.663189,50.000000
75.000000,75.475067,75.084671,74.757683,74.474518,74.221687,73.989868,73.772598,73.565483,73.365425,73.170296,72.978729,72.789673,72.602478,72.416718,72.232018,72.048210,71.865166,71.682777,71.500992,71.319817,71.139206,70.959145,70.779678,70.600792,70.422523,70.244835,70.067795,69.891388,69.715645,69.540619,69.366264,69.192612,69.019707,68.847565,68.676186,68.505600,68.335800,68.166832,67.998672,67.831398,67.664948,67.499390,67.334724,67.170929,67.008072,66.846161,66.685143,66.525108,66.366005,66.207870,66.050735,65.894569,65.739410,65.585213,65.432053,65.279922,65.128792,64.978699,64.829651,64.681641,64.534683,64.388763,64.243896,64.100082,63.957340,63.815666,63.675053,63.535500,63.397030,63.259624,63.123295,62.988041,62.853855,62.720749,62.588715,62.457748,62.327858,62.199039,62.071285,61.944599,61.818977,61.694420,61.570919,61.448475,61.327084,61.206741,61.087440,60.969189,60.851971,60.735783,60.620632,60.506493,60.393375,60.281277,60.170174,60.060074,59.950981,59.842873,59.735744,59.629597,59.524422,59.420208,59.316952,59.214649,59.113293,59.012863,58.913368,58.814796,58.717144,58.620384,58.524536,58.429581,58.335506,58.242302,58.149975,58.058498,57.967880,57.878105,57.789165,57.701050,57.613758,57.527279,57.441593,57.356705,57.272602,57.189278,57.106720,57.024921,56.943871,56.863564,56.783989,56.705135,56.626999,56.549580,56.472851,56.396809,56.321449,56.246761,56.172737,56.099369,56.026646,55.954559,55.883099,55.812252,55.742023,55.672398,55.603352,55.534901,55.467022,55.399712,55.332954,55.266750,55.201088,55.135948,55.071339,55.007244,54.943653,54.880558,54.817947,54.755825,54.694176,54.632980,54.572247,54.511959,54.452110,54.392689,54.333683,54.275093,54.216908,54.159126,54.101734,54.044708,53.988071,53.931793,53.875870,53.820301,53.765064,53.710163,53.655594,53.601337,53.547398,53.493763,53.440411,53.387352,53.334579,53.282082,53.229851,53.177864,53.126141,53.074669,53.023430,52.972420,52.921635,52.871071,52.820713,52.770573,52.720619,52.670868,52.621304,52.571911,52.522705,52.473652,52.424774,52.376053,52.327477,52.279049,52.230766,52.182613,52.134598,52.086697,52.038925,51.991261,51.943722,51.896278,51.848930,51.801685,51.754536,51.707474,51.660500,51.613594,51.566780,51.520035,51.473351,51.426743,51.380199,51.333710,51.287281,51.240910,51.194588,51.148323,51.102108,51.055950,51.009842,50.963799,50.917835,50.871952,50.826176,50.780529,50.735081,50.689884,50.645054,50.600742,50.557148,50.514614,50.473614,50.434780,50.399132,50.368065,50.343632,50.328827,50.327927,50.347183,50.395630,50.486305,50.000000
75.000000,75.117645,74.843803,74.598839,74.373810,74.162582,73.960938,73.765938,73.575630,73.388596,73.203911,73.020935,72.839241,72.658531,72.478607,72.299355,72.120682,71.942535,71.764923,71.587799,71.411156,71.235023,71.059410,70.884331,70.709763,70.535759,70.362335,70.189507,70.017281,69.845665,69.674728,69.504425,69.334793,69.165901,68.997696,68.830223,68.663490,68.497528,68.332321,68.167900,68.004311,67.841537,67.679573,67.518463,67.358200,67.198822,67.040314,66.882706,66.725990,66.570175,66.415283,66.261337,66.108315,65.956253,65.805122,65.654984,65.505791,65.357574,65.210350,65.064110,64.918877,64.774643,64.631378,64.489143,64.347908,64.207710,64.068512,63.930328,63.793175,63.657047,63.521935,63.387859,63.254807,63.122787,62.991795,62.861824,62.732883,62.604977,62.478085,62.352226,62.227383,62.103569,61.980770,61.858986,61.738220,61.618458,61.499702,61.381954,61.265205,61.149448,61.034687,60.920910,60.808121,60.696304,60.585461,60.475586,60.366673,60.258717,60.151711,60.045658,59.940533,59.836349,59.733086,59.630741,59.529324,59.428799,59.329170,59.230450,59.132603,59.035641,58.939548,58.844315,58.749943,58.656418,58.563732,58.471882,58.380848,58.290638,58.201237,58.112633,58.024818,57.937794,57.851543,57.766064,57.681339,57.597366,57.514133,57.431641,57.349865,57.268803,57.188457,57.108803,57.029842,56.951561,56.873955,56.797009,56.720718,56.645073,56.570065,56.495686,56.421917,56.348766,56.276215,56.204258,56.132881,56.062077,55.991840,55.922161,55.853020,55.784420,55.716358,55.648811,55.581776,55.515240,55.449211,55.383644,55.318565,55.253960,55.189800,55.126095,55.062832,54.999996,54.937584,54.875587,54.814003,54.752808,54.691998,54.631569,54.571518,54.511822,54.452484,54.393486,54.334831,54.276501,54.218506,54.160805,54.103416,54.046322,53.989510,53.932991,53.876740,53.820747,53.765018,53.709538,53.654293,53.599293,53.544498,53.489941,53.435596,53.381443,53.327496,53.273731,53.220165,53.166763,53.113533,53.060467,53.007557,52.954788,52.902176,52.849697,52.797344,52.745125,52.693031,52.641041,52.589157,52.537380,52.485703,52.434101,52.382607,52.331184,52.279846,52.228577,52.177380,52.126244,52.075165,52.024147,51.973183,51.922260,51.871387,51.820545,51.769753,51.718990,51.668255,51.617558,51.566883,51.516232,51.465607,51.414986,51.364395,51.313816,51.263248,51.212700,51.162167,51.111652,51.061150,51.010666,50.960217,50.909801,50.859440,50.809147,50.758957,50.708931,50.659119,50.609623,50.560593,50.512245,50.464851,50.418919,50.375019,50.334126,50.297558,50.267311,50.246185,50.238327,50.249664,50.000000
75.000000,74.719360,74.574738,74.420486,74.259575,74.094101,73.925476,73.754723,73.582542,73.409454,73.235832,73.061890,72.887840,72.713791,72.539864,72.366104,72.192627,72.019432,71.846588,71.674103,71.502014,71.330360,71.159142,70.988411,70.818169,70.648438,70.479263,70.310616,70.142532,69.975044,69.808174,69.641922,69.476334,69.311363,69.147118,68.983513,68.820633,68.658478,68.497032,68.336349,68.176430,68.017296,67.858910,67.701355,67.544609,67.388687,67.233597,67.079353,66.925964,66.773430,66.621773,66.471001,66.321114,66.172142,66.024063,65.876923,65.730667,65.585365,65.441017,65.297585,65.155106,65.013557,64.872993,64.733368,64.594727,64.457047,64.320320,64.184586,64.049812,63.916031,63.783218,63.651398,63.520542,63.390686,63.261810,63.133915,63.006989,62.881069,62.756111,62.632153,62.509159,62.387142,62.266109,62.146042,62.026951,61.908825,61.791664,61.675465,61.560226,61.445938,61.332607,61.220219,61.108776,60.998260,60.888687,60.780033,60.672318,60.565506,60.459614,60.354626,60.250538,60.147350,60.045044,59.943630,59.843082,59.743408,59.644596,59.546638,59.449532,59.353271,59.257835,59.163235,59.069458,58.976486,58.884327,58.792957,58.702377,58.612587,58.523567,58.435307,58.347809,58.261063,58.175053,58.089783,58.005230,57.921387,57.838261,57.755833,57.674088,57.593037,57.512650,57.432930,57.353870,57.275448,57.197666,57.120510,57.043976,56.968056,56.892735,56.818005,56.743862,56.670284,56.597282,56.524830,56.452930,56.381565,56.310722,56.240414,56.170605,56.101295,56.032486,55.964153,55.896297,55.828907,55.761971,55.695480,55.629425,55.563801,55.498596,55.433796,55.369396,55.305397,55.241776,55.178520,55.115643,55.053116,54.990932,54.929089,54.867569,54.806377,54.745491,54.684910,54.624626,54.564617,54.504894,54.445431,54.386230,54.327297,54.268585,54.210110,54.151871,54.093845,54.036026,53.978420,53.921001,53.863766,53.806713,53.749832,53.693108,53.636559,53.580135,53.523865,53.467724,53.411716,53.355831,53.300053,53.244385,53.188812,53.133347,53.077961,53.022659,52.967430,52.912277,52.857185,52.802158,52.747177,52.692245,52.637360,52.582520,52.527710,52.472919,52.418159,52.363434,52.308716,52.254013,52.199310,52.144630,52.089951,52.035259,51.980568,51.925880,51.871166,51.816467,51.761738,51.706997,51.652252,51.597466,51.542667,51.487869,51.433025,51.378170,51.323288,51.268379,51.213440,51.158474,51.103477,51.048450,50.993385,50.938278,50.883110,50.827892,50.772598,50.717186,50.661652,50.605915,50.549923,50.493561,50.436684,50.379040,50.320347,50.260139,50.197746,50.132240,50.062229,49.985802,50.000000
75.000000,74.334625,74.315056,74.248634,74.149864,74.028694,73.892097,73.744888,73.590370,73.430885,73.268044,73.102951,72.936394,72.768936,72.600906,72.432617,72.264275,72.095978,71.927872,71.759987,71.592430,71.425240,71.258415,71.092010,70.926056,70.760582,70.595596,70.431129,70.267212,70.103821,69.941002,69.778786,69.617157,69.456169,69.295807,69.136078,68.977051,68.818680,68.660995,68.504005,68.347771,68.192245,68.037468,67.883446,67.730186,67.577713,67.426033,67.275139,67.125061,66.975792,66.827354,66.679771,66.533035,66.387138,66.242096,66.097946,65.954643,65.812241,65.670723,65.530098,65.390381,65.251549,65.113640,64.976639,64.840561,64.705399,64.571175,64.437859,64.305481,64.174042,64.043526,63.913944,63.785309,63.657600,63.530838,63.405014,63.280121,63.156174,63.033173,62.911091,62.789951,62.669746,62.550468,62.432129,62.314713,62.198227,62.082661,61.968014,61.854286,61.741478,61.629574,61.518578,61.408478,61.299282,61.190979,61.083565,60.977036,60.871384,60.766605,60.662697,60.559650,60.457458,60.356121,60.255630,60.155975,60.057156,59.959160,59.861984,59.765625,59.670067,59.575310,59.481342,59.388165,59.295753,59.204121,59.113251,59.023132,58.933758,58.845127,58.757225,58.670052,58.583580,58.497826,58.412762,58.328396,58.244709,58.161694,58.079338,57.997643,57.916595,57.836182,57.756405,57.677242,57.598694,57.520748,57.443398,57.366627,57.290436,57.214809,57.139744,57.065224,56.991245,56.917793,56.844864,56.772442,56.700523,56.629093,56.558151,56.487682,56.417679,56.348129,56.279022,56.210358,56.142117,56.074295,56.006874,55.939854,55.873226,55.806980,55.741100,55.675579,55.610413,55.545589,55.481098,55.416931,55.353073,55.289528,55.226276,55.163307,55.100616,55.038200,54.976036,54.914124,54.852459,54.791019,54.729805,54.668808,54.608017,54.547424,54.487011,54.426785,54.366730,54.306843,54.247105,54.187515,54.128071,54.068748,54.009556,53.950478,53.891502,53.832638,53.773861,53.715172,53.656555,53.598015,53.539532,53.481121,53.422749,53.364429,53.306145,53.247894,53.189671,53.131462,53.073277,53.015102,52.956924,52.898758,52.840584,52.782394,52.724197,52.665974,52.607738,52.549473,52.491165,52.432838,52.374474,52.316067,52.257618,52.199131,52.140594,52.082005,52.023365,51.964676,51.905933,51.847134,51.788273,51.729355,51.670391,51.611355,51.552265,51.493114,51.433891,51.374603,51.315254,51.255821,51.196320,51.136719,51.077011,51.017162,50.957134,50.896900,50.836357,50.775398,50.713856,50.651489,50.587971,50.522770,50.455166,50.384113,50.308079,50.224850,50.131252,50.022678,49.892456,49.730976,50.000000
75.000000,74.016090,74.101173,74.108475,74.061989,73.978348,73.869087,73.742149,73.603050,73.455589,73.302467,73.145447,72.985870,72.824570,72.662209,72.499199,72.335838,72.172356,72.008911,71.845604,71.682518,71.519707,71.357254,71.195160,71.033447,70.872223,70.711426,70.551125,70.391304,70.232010,70.073257,69.915031,69.757401,69.600342,69.443863,69.287994,69.132774,68.978188,68.824257,68.670975,68.518364,68.366455,68.215248,68.064766,67.914986,67.765938,67.617645,67.470116,67.323357,67.177345,67.032135,66.887711,66.744080,66.601257,66.459267,66.318085,66.177734,66.038216,65.899551,65.761719,65.624748,65.488632,65.353394,65.218994,65.085480,64.952858,64.821091,64.690216,64.560226,64.431122,64.302902,64.175560,64.049133,63.923584,63.798931,63.675179,63.552319,63.430347,63.309277,63.189091,63.069805,62.951405,62.833904,62.717285,62.601551,62.486706,62.372738,62.259655,62.147438,62.036110,61.925640,61.816036,61.707294,61.599415,61.492386,61.386208,61.280880,61.176384,61.072727,60.969902,60.867905,60.766724,60.666355,60.566799,60.468040,60.370075,60.272903,60.176514,60.080906,59.986061,59.891983,59.798660,59.706085,59.614258,59.523151,59.432785,59.343132,59.254192,59.165955,59.078423,58.991570,58.905396,58.819901,58.735062,58.650879,58.567348,58.484451,58.402191,58.320545,58.239517,58.159088,58.079258,58.000008,57.921337,57.843239,57.765701,57.688702,57.612251,57.536331,57.460938,57.386044,57.311665,57.237778,57.164375,57.091454,57.018982,56.946980,56.875420,56.804298,56.733604,56.663330,56.593456,56.523983,56.454903,56.386204,56.317871,56.249901,56.182278,56.114983,56.048038,55.981411,55.915085,55.849072,55.783344,55.717899,55.652737,55.587826,55.523174,55.458767,55.394596,55.330647,55.266911,55.203388,55.140060,55.076927,55.013966,54.951172,54.888538,54.826065,54.763729,54.701534,54.639454,54.577496,54.515644,54.453896,54.392239,54.330666,54.269169,54.207733,54.146362,54.085045,54.023766,53.962528,53.901321,53.840134,53.778965,53.717796,53.656631,53.595467,53.534298,53.473106,53.411884,53.350647,53.289360,53.228050,53.166687,53.105267,53.043808,52.982281,52.920696,52.859047,52.797321,52.735531,52.673653,52.611710,52.549675,52.487549,52.425343,52.363052,52.300652,52.238182,52.175613,52.112946,52.050182,51.987316,51.924362,51.861309,51.798149,51.734909,51.671566,51.608112,51.544567,51.480904,51.417145,51.353260,51.289257,51.225094,51.160759,51.096210,51.031387,50.966206,50.900520,50.834171,50.766857,50.698223,50.627640,50.554317,50.477032,50.394043,50.302826,50.199707,50.079403,49.934273,49.753231,49.520290,50.000000
75.000000,73.807503,73.963341,74.020866,74.010437,73.953094,73.863365,73.751289,73.623863,73.485870,73.340630,73.190475,73.036980,72.881279,72.724136,72.566101,72.407516,72.248695,72.089813,71.930969,71.772285,71.613853,71.455696,71.297897,71.140450,70.983406,70.826805,70.670624,70.514900,70.359673,70.204933,70.050728,69.897049,69.743896,69.591309,69.439308,69.287872,69.137047,68.986832,68.837250,68.688278,68.539963,68.392319,68.245338,68.099052,67.953438,67.808540,67.664330,67.520844,67.378098,67.236084,67.094841,66.954330,66.814575,66.675598,66.537392,66.399979,66.263344,66.127525,65.992485,65.858269,65.724854,65.592262,65.460487,65.329544,65.199417,65.070129,64.941681,64.814056,64.687309,64.561378,64.436287,64.312050,64.188683,64.066132,63.944450,63.823608,63.703632,63.584496,63.466209,63.348766,63.232189,63.116444,63.001556,62.887516,62.774300,62.661942,62.550419,62.439724,62.329857,62.220837,62.112633,62.005249,61.898689,61.792950,61.688007,61.583878,61.480553,61.378025,61.276291,61.175339,61.075172,60.975780,60.877159,60.779301,60.682205,60.585865,60.490273,60.395416,60.301296,60.207901,60.115231,60.023270,59.932022,59.841465,59.751602,59.662430,59.573921,59.486092,59.398926,59.312408,59.226543,59.141304,59.056705,58.972721,58.889351,58.806583,58.724415,58.642830,58.561829,58.481396,58.401520,58.322197,58.243416,58.165169,58.087444,58.010239,57.933533,57.857330,57.781612,57.706371,57.631599,57.557285,57.483418,57.409992,57.336998,57.264420,57.192253,57.120491,57.049110,56.978115,56.907494,56.837231,56.767319,56.697742,56.628506,56.559586,56.490982,56.422676,56.354660,56.286926,56.219463,56.152264,56.085312,56.018604,55.952133,55.885872,55.819828,55.753990,55.688339,55.622883,55.557583,55.492455,55.427479,55.362644,55.297951,55.233376,55.168919,55.104565,55.040310,54.976147,54.912064,54.848045,54.784096,54.720184,54.656330,54.592503,54.528709,54.464931,54.401169,54.337410,54.273643,54.209862,54.146065,54.082233,54.018372,53.954479,53.890526,53.826519,53.762455,53.698330,53.634129,53.569851,53.505486,53.441025,53.376476,53.311836,53.247089,53.182236,53.117268,53.052189,52.986984,52.921673,52.856232,52.790657,52.724964,52.659122,52.593166,52.527065,52.460823,52.394455,52.327946,52.261307,52.194523,52.127598,52.060551,51.993359,51.926025,51.858559,51.790955,51.723221,51.655338,51.587318,51.519146,51.450829,51.382332,51.313641,51.244724,51.175537,51.105995,51.035976,50.965370,50.893875,50.821182,50.746799,50.670013,50.589737,50.504471,50.412029,50.309204,50.191368,50.051842,49.880966,49.664745,49.382938,50.000000
75.000000,73.737938,73.921600,73.999641,74.004761,73.959488,73.879471,73.775505,73.655022,73.523201,73.383614,73.238716,73.090248,72.939377,72.786949,72.633507,72.479462,72.325104,72.170624,72.016159,71.861824,71.707703,71.553818,71.400276,71.247047,71.094177,70.941689,70.789635,70.638031,70.486847,70.336121,70.185883,70.036148,69.886894,69.738182,69.590004,69.442383,69.295296,69.148781,69.002869,68.857559,68.712837,68.568726,68.425240,68.282417,68.140221,67.998695,67.857826,67.717659,67.578125,67.439316,67.301193,67.163788,67.027130,66.891151,66.755928,66.621437,66.487686,66.354683,66.222443,66.090958,65.960251,65.830315,65.701141,65.572754,65.445145,65.318336,65.192314,65.067085,64.942642,64.819008,64.696167,64.574135,64.452919,64.332489,64.212860,64.094055,63.976059,63.858864,63.742474,63.626892,63.512119,63.398148,63.284985,63.172615,63.061062,62.950291,62.840336,62.731167,62.622795,62.515202,62.408405,62.302383,62.197151,62.092690,61.988998,61.886082,61.783920,61.682529,61.581882,61.481987,61.382843,61.284431,61.186760,61.089813,60.993591,60.898083,60.803284,60.709194,60.615799,60.523102,60.431084,60.339752,60.249081,60.159081,60.069729,59.981041,59.892990,59.805573,59.718781,59.632610,59.547047,59.462086,59.377724,59.293949,59.210754,59.128124,59.046059,58.964550,58.883575,58.803146,58.723232,58.643841,58.564960,58.486572,58.408676,58.331272,58.254326,58.177845,58.101810,58.026226,57.951065,57.876339,57.802025,57.728104,57.654583,57.581448,57.508682,57.436283,57.364243,57.292534,57.221169,57.150124,57.079391,57.008957,56.938820,56.868969,56.799385,56.730068,56.660999,56.592171,56.523571,56.455200,56.387039,56.319073,56.251305,56.183708,56.116287,56.049019,55.981907,55.914936,55.848091,55.781364,55.714748,55.648235,55.581810,55.515465,55.449184,55.382973,55.316803,55.250687,55.184593,55.118530,55.052483,54.986427,54.920380,54.854313,54.788239,54.722122,54.655972,54.589767,54.523525,54.457211,54.390835,54.324371,54.257828,54.191196,54.124470,54.057644,53.990692,53.923637,53.856453,53.789135,53.721687,53.654102,53.586380,53.518513,53.450481,53.382305,53.313961,53.245457,53.176777,53.107933,53.038921,52.969730,52.900368,52.830822,52.761105,52.691204,52.621128,52.550861,52.480423,52.409805,52.339005,52.268036,52.196877,52.125542,52.054028,51.982357,51.910500,51.838459,51.766262,51.693878,51.621315,51.548561,51.475605,51.402420,51.328972,51.255207,51.181053,51.106377,51.031029,50.954754,50.877178,50.797771,50.715771,50.630039,50.538960,50.440163,50.330231,50.204220,50.054935,49.871994,49.640358,49.338295,50.000000
75.000000,73.817802,73.983093,74.049736,74.048302,73.999870,73.918991,73.815804,73.697235,73.568123,73.431770,73.290482,73.145889,72.999031,72.850731,72.701500,72.551712,72.401611,72.251411,72.101257,71.951180,71.801300,71.651665,71.502289,71.353241,71.204544,71.056213,70.908241,70.760689,70.613533,70.466827,70.320541,70.174728,70.029388,69.884537,69.740166,69.596321,69.452988,69.310173,69.167915,69.026215,68.885078,68.744507,68.604523,68.465126,68.326355,68.188187,68.050659,67.913742,67.777466,67.641838,67.506859,67.372543,67.238945,67.105980,66.973724,66.842155,66.711288,66.581100,66.451653,66.322899,66.194878,66.067581,65.941017,65.815201,65.690102,65.565758,65.442154,65.319290,65.197189,65.075836,64.955254,64.835411,64.716339,64.598022,64.480476,64.363693,64.247673,64.132423,64.017921,63.904198,63.791241,63.679039,63.567600,63.456928,63.347015,63.237865,63.129463,63.021824,62.914928,62.808792,62.703392,62.598747,62.494839,62.391663,62.289223,62.187519,62.086536,61.986271,61.886726,61.787891,61.689777,61.592350,61.495628,61.399593,61.304249,61.209583,61.115593,61.022270,60.929611,60.837612,60.746262,60.655552,60.565479,60.476036,60.387215,60.299011,60.211411,60.124416,60.038010,59.952190,59.866947,59.782276,59.698158,59.614594,59.531582,59.449097,59.367146,59.285713,59.204788,59.124359,59.044434,58.964977,58.886002,58.807491,58.729435,58.651829,58.574650,58.497902,58.421570,58.345646,58.270119,58.194981,58.120220,58.045826,57.971790,57.898106,57.824753,57.751728,57.679024,57.606621,57.534512,57.462696,57.391159,57.319878,57.248852,57.178078,57.107529,57.037201,56.967098,56.897186,56.827469,56.757935,56.688564,56.619350,56.550297,56.481373,56.412579,56.343906,56.275337,56.206860,56.138477,56.070168,56.001923,55.933731,55.865585,55.797474,55.729397,55.661320,55.593254,55.525185,55.457104,55.389000,55.320858,55.252678,55.184444,55.116150,55.047791,54.979343,54.910824,54.842194,54.773464,54.704632,54.635681,54.566597,54.497379,54.428024,54.358524,54.288860,54.219044,54.149059,54.078896,54.008556,53.938046,53.867332,53.796432,53.725334,53.654045,53.582527,53.510807,53.438877,53.366737,53.294369,53.221790,53.148987,53.075954,53.002716,52.929230,52.855534,52.781609,52.707451,52.633095,52.558491,52.483669,52.408627,52.333382,52.257889,52.182209,52.106312,52.030209,51.953884,51.877346,51.800621,51.723671,51.646503,51.569099,51.491455,51.413517,51.335255,51.256603,51.177437,51.097622,51.016899,50.934952,50.851284,50.765167,50.675568,50.580978,50.479195,50.367004,50.239822,50.090923,49.910618,49.684845,49.393261,50.000000
75.000000,74.037270,74.141006,74.166412,74.137772,74.071899,73.980347,73.871147,73.749794,73.620117,73.484734,73.345520,73.203659,73.060104,72.915405,72.770027,72.624222,72.478226,72.332176,72.186157,72.040306,71.894653,71.749176,71.604019,71.459122,71.314552,71.170319,71.026436,70.882927,70.739815,70.597069,70.454758,70.312859,70.171394,70.030380,69.889824,69.749741,69.610115,69.471031,69.332405,69.194313,69.056732,68.919701,68.783203,68.647255,68.511879,68.377060,68.242836,68.109184,67.976143,67.843704,67.711868,67.580650,67.450081,67.320137,67.190834,67.062164,66.934158,66.806816,66.680145,66.554115,66.428787,66.304131,66.180176,66.056877,65.934296,65.812416,65.691231,65.570747,65.450974,65.331924,65.213570,65.095924,64.978996,64.862801,64.747322,64.632568,64.518524,64.405212,64.292618,64.180756,64.069595,63.959171,63.849464,63.740482,63.632221,63.524670,63.417843,63.311722,63.206314,63.101620,62.997643,62.894360,62.791786,62.689896,62.588718,62.488220,62.388424,62.289303,62.190861,62.093094,61.996002,61.899570,61.803802,61.708687,61.614227,61.520409,61.427235,61.334686,61.242771,61.151478,61.060795,60.970722,60.881245,60.792366,60.704082,60.616375,60.529240,60.442669,60.356659,60.271198,60.186275,60.101898,60.018040,59.934708,59.851875,59.769554,59.687717,59.606369,59.525497,59.445091,59.365143,59.285645,59.206581,59.127953,59.049744,58.971943,58.894550,58.817543,58.740921,58.664673,58.588779,58.513245,58.438046,58.363182,58.288651,58.214420,58.140488,58.066856,57.993496,57.920410,57.847580,57.774998,57.702656,57.630543,57.558643,57.486946,57.415447,57.344131,57.272991,57.202007,57.131180,57.060486,56.989925,56.919483,56.849148,56.778912,56.708755,56.638683,56.568668,56.498707,56.428791,56.358910,56.289040,56.219189,56.149338,56.079472,56.009586,55.939671,55.869713,55.799706,55.729641,55.659512,55.589291,55.518974,55.448566,55.378056,55.307411,55.236660,55.165756,55.094715,55.023521,54.952175,54.880650,54.808949,54.737064,54.664997,54.592720,54.520252,54.447559,54.374657,54.301529,54.228172,54.154583,54.080753,54.006683,53.932362,53.857784,53.782959,53.707874,53.632519,53.556904,53.481022,53.404884,53.328461,53.251774,53.174820,53.097584,53.020088,52.942322,52.864269,52.785961,52.707382,52.628544,52.549450,52.470085,52.390465,52.310600,52.230476,52.150120,52.069504,51.988659,51.907566,51.826241,51.744671,51.662846,51.580769,51.498398,51.415718,51.332661,51.249161,51.165081,51.080254,50.994408,50.907173,50.817978,50.726002,50.630028,50.528358,50.418449,50.296638,50.157612,49.993664,49.793633,49.541317,50.000000
75.000000,74.367691,74.375488,74.335892,74.263664,74.169014,74.058968,73.938332,73.810448,73.677658,73.541481,73.403053,73.263145,73.122261,72.980782,72.838936,72.696938,72.554878,72.412888,72.270988,72.129272,71.987762,71.846451,71.705421,71.564705,71.424225,71.284088,71.144287,71.004814,70.865685,70.726921,70.588539,70.450539,70.312950,70.175766,70.038994,69.902672,69.766800,69.631348,69.496391,69.361885,69.227859,69.094353,68.961311,68.828812,68.696823,68.565361,68.434425,68.304054,68.174217,68.044960,67.916245,67.788124,67.660583,67.533623,67.407272,67.281525,67.156372,67.031845,66.907944,66.784660,66.662003,66.540001,66.418617,66.297882,66.177803,66.058365,65.939606,65.821510,65.704048,65.587280,65.471161,65.355728,65.240959,65.126869,65.013443,64.900719,64.788651,64.677269,64.566589,64.456566,64.347237,64.238579,64.130615,64.023315,63.916691,63.810749,63.705498,63.600918,63.497002,63.393764,63.291187,63.189281,63.088028,62.987446,62.887520,62.788242,62.689629,62.591652,62.494316,62.397621,62.301563,62.206131,62.111320,62.017136,61.923557,61.830597,61.738243,61.646477,61.555305,61.464722,61.374722,61.285290,61.196426,61.108120,61.020370,60.933163,60.846504,60.760368,60.674755,60.589661,60.505077,60.420998,60.337410,60.254303,60.171665,60.089512,60.007801,59.926552,59.845737,59.765362,59.685406,59.605869,59.526733,59.447994,59.369640,59.291664,59.214058,59.136803,59.059898,58.983330,58.907093,58.831165,58.755550,58.680229,58.605194,58.530434,58.455940,58.381695,58.307701,58.233936,58.160393,58.087059,58.013931,57.940990,57.868225,57.795628,57.723183,57.650887,57.578720,57.506676,57.434750,57.362919,57.291172,57.219505,57.147907,57.076366,57.004864,56.933395,56.861946,56.790508,56.719070,56.647617,56.576141,56.504639,56.433086,56.361485,56.289810,56.218060,56.146217,56.074291,56.002254,55.930088,55.857807,55.785381,55.712803,55.640076,55.567173,55.494095,55.420849,55.347393,55.273739,55.199879,55.125793,55.051487,54.976948,54.902168,54.827129,54.751842,54.676296,54.600479,54.524387,54.448006,54.371357,54.294415,54.217178,54.139641,54.061790,53.983646,53.905197,53.826424,53.747345,53.667946,53.588242,53.508213,53.427868,53.347191,53.266212,53.184910,53.103291,53.021355,52.939117,52.856556,52.773689,52.690525,52.607059,52.523300,52.439236,52.354900,52.270271,52.185379,52.100193,52.014763,51.929054,51.843082,51.756855,51.670364,51.583595,51.496532,51.409164,51.321430,51.233269,51.144592,51.055241,50.964989,50.873497,50.780308,50.684669,50.585587,50.481522,50.370289,50.248665,50.111992,49.953518,49.763401,50.000000
75.000000,74.765404,74.656288,74.537239,74.411491,74.281219,74.147911,74.012581,73.875946,73.738449,73.600433,73.462074,73.323563,73.185020,73.046478,72.908035,72.769699,72.631485,72.493469,72.355629,72.218018,72.080643,71.943481,71.806595,71.669945,71.533607,71.397522,71.261765,71.126328,70.991196,70.856384,70.721939,70.587830,70.454079,70.320732,70.187759,70.055168,69.922997,69.791229,69.659882,69.528961,69.398514,69.268494,69.138939,69.009857,68.881241,68.753113,68.625488,68.498367,68.371735,68.245636,68.120041,67.995003,67.870483,67.746529,67.623138,67.500267,67.377991,67.256271,67.135124,67.014572,66.894592,66.775208,66.656425,66.538246,66.420654,66.303688,66.187332,66.071594,65.956467,65.841965,65.728096,65.614845,65.502235,65.390259,65.278900,65.168190,65.058113,64.948662,64.839867,64.731712,64.624191,64.517319,64.411064,64.305458,64.200500,64.096184,63.992481,63.889431,63.787006,63.685219,63.584057,63.483524,63.383625,63.284328,63.185673,63.087620,62.990189,62.893364,62.797138,62.701519,62.606495,62.512062,62.418224,62.324974,62.232296,62.140190,62.048653,61.957676,61.867260,61.777393,61.688072,61.599289,61.511040,61.423317,61.336113,61.249420,61.163231,61.077538,60.992336,60.907619,60.823380,60.739605,60.656281,60.573418,60.490993,60.409000,60.327435,60.246288,60.165550,60.085213,60.005260,59.925690,59.846489,59.767651,59.689163,59.611019,59.533207,59.455719,59.378540,59.301670,59.225086,59.148785,59.072758,58.996986,58.921467,58.846188,58.771141,58.696304,58.621677,58.547249,58.473000,58.398930,58.325024,58.251259,58.177639,58.104153,58.030777,57.957508,57.884335,57.811237,57.738220,57.665260,57.592342,57.519470,57.446609,57.373775,57.300930,57.228085,57.155205,57.082306,57.009361,56.936356,56.863289,56.790142,56.716904,56.643559,56.570107,56.496536,56.422832,56.348980,56.274975,56.200798,56.126461,56.051926,55.977200,55.902260,55.827106,55.751728,55.676125,55.600273,55.524166,55.447807,55.371170,55.294266,55.217072,55.139584,55.061787,54.983704,54.905296,54.826569,54.747524,54.668140,54.588421,54.508362,54.427963,54.347221,54.266109,54.184647,54.102829,54.020641,53.938095,53.855186,53.771923,53.688267,53.604267,53.519897,53.435158,53.350052,53.264587,53.178753,53.092567,53.006031,52.919136,52.831905,52.744324,52.656406,52.568165,52.479603,52.390709,52.301510,52.212017,52.122208,52.032131,51.941761,51.851128,51.760223,51.669067,51.577663,51.486012,51.394123,51.301991,51.209606,51.116947,51.024006,50.930710,50.836979,50.742702,50.647682,50.551613,50.454075,50.354404,50.251640,50.144325,50.030350,50.000000
75.000000,75.177452,74.946785,74.745140,74.563698,74.396347,74.238815,74.088150,73.942276,73.799797,73.659676,73.521248,73.384048,73.247742,73.112091,72.976974,72.842270,72.707916,72.573853,72.440048,72.306557,72.173264,72.040237,71.907463,71.774948,71.642670,71.510658,71.378952,71.247513,71.116364,70.985497,70.854973,70.724770,70.594872,70.465309,70.336121,70.207260,70.078781,69.950668,69.822952,69.695633,69.568687,69.442177,69.316086,69.190414,69.065178,68.940376,68.816048,68.692169,68.568733,68.445786,68.323326,68.201340,68.079865,67.958893,67.838440,67.718460,67.599022,67.480110,67.361740,67.243896,67.126572,67.009842,66.893639,66.777985,66.662903,66.548378,66.434433,66.321060,66.208267,66.096046,65.984406,65.873352,65.762878,65.653000,65.543716,65.435028,65.326927,65.219414,65.112518,65.006226,64.900497,64.795403,64.690895,64.586983,64.483665,64.380951,64.278831,64.177315,64.076393,63.976051,63.876305,63.777149,63.678589,63.580608,63.483204,63.386379,63.290134,63.194462,63.099354,63.004807,62.910831,62.817413,62.724541,62.632225,62.540440,62.449203,62.358494,62.268318,62.178661,62.089516,62.000889,61.912758,61.825130,61.737991,61.651340,61.565163,61.479462,61.394218,61.309433,61.225101,61.141205,61.057747,60.974712,60.892097,60.809883,60.728069,60.646652,60.565624,60.484959,60.404667,60.324726,60.245132,60.165878,60.086952,60.008343,59.930038,59.852036,59.774319,59.696880,59.619709,59.542797,59.466125,59.389698,59.313488,59.237499,59.161713,59.086117,59.010696,58.935459,58.860374,58.785439,58.710636,58.635952,58.561390,58.486927,58.412556,58.338264,58.264030,58.189861,58.115726,58.041630,57.967548,57.893475,57.819397,57.745304,57.671181,57.597012,57.522793,57.448513,57.374153,57.299713,57.225163,57.150505,57.075726,57.000813,56.925758,56.850529,56.775154,56.699581,56.623825,56.547867,56.471687,56.395294,56.318668,56.241787,56.164665,56.087269,56.009590,55.931648,55.853394,55.774860,55.695995,55.616821,55.537315,55.457485,55.377296,55.296764,55.215874,55.134617,55.052986,54.970989,54.888607,54.805836,54.722672,54.639103,54.555141,54.470783,54.386005,54.300827,54.215233,54.129227,54.042793,53.955959,53.868713,53.781040,53.692951,53.604458,53.515556,53.426235,53.336506,53.246376,53.155849,53.064930,52.973629,52.881916,52.789856,52.697418,52.604618,52.511456,52.417953,52.324116,52.229958,52.135479,52.040707,51.945663,51.850353,51.754799,51.659035,51.563103,51.467056,51.370953,51.274872,51.178955,51.083366,50.988338,50.894203,50.801464,50.710777,50.623135,50.539948,50.463169,50.395702,50.341637,50.306870,50.000000
75.000000,75.548752,75.208885,74.933250,74.702126,74.501854,74.323006,74.158989,74.005302,73.858788,73.717247,73.579231,73.443657,73.309814,73.177223,73.045532,72.914543,72.784050,72.653976,72.524239,72.394821,72.265663,72.136749,72.008110,71.879684,71.751488,71.623535,71.495850,71.368416,71.241241,71.114334,70.987679,70.861359,70.735298,70.609543,70.484108,70.358994,70.234192,70.109749,69.985634,69.861870,69.738472,69.615448,69.492813,69.370514,69.248672,69.127197,69.006134,68.885483,68.765251,68.645462,68.526108,68.407188,68.288734,68.170746,68.053207,67.936111,67.819534,67.703423,67.587814,67.472672,67.358040,67.243904,67.130295,67.017174,66.904579,66.792511,66.680969,66.569969,66.459480,66.349533,66.240112,66.131256,66.022934,65.915161,65.807945,65.701271,65.595139,65.489578,65.384567,65.280113,65.176216,65.072884,64.970108,64.867897,64.766235,64.665131,64.564583,64.464607,64.365166,64.266296,64.167961,64.070190,63.972969,63.876289,63.780155,63.684563,63.589516,63.494987,63.401009,63.307549,63.214619,63.122208,63.030315,62.938931,62.848057,62.757683,62.667816,62.578434,62.489540,62.401134,62.313198,62.225731,62.138725,62.052185,61.966091,61.880444,61.795227,61.710445,61.626091,61.542145,61.458607,61.375469,61.292725,61.210358,61.128372,61.046749,60.965488,60.884583,60.804008,60.723770,60.643848,60.564247,60.484947,60.405941,60.327213,60.248764,60.170570,60.092644,60.014950,59.937489,59.860260,59.783237,59.706413,59.629780,59.553333,59.477043,59.400913,59.324932,59.249077,59.173351,59.097729,59.022213,58.946777,58.871418,58.796127,58.720882,58.645679,58.570507,58.495346,58.420193,58.345024,58.269836,58.194611,58.119343,58.044025,57.968624,57.893143,57.817570,57.741890,57.666088,57.590153,57.514080,57.437851,57.361450,57.284870,57.208099,57.131130,57.053944,56.976524,56.898869,56.820965,56.742805,56.664368,56.585651,56.506634,56.427326,56.347694,56.267754,56.187458,56.106831,56.025856,55.944519,55.862804,55.780712,55.698235,55.615368,55.532097,55.448410,55.364307,55.279789,55.194836,55.109455,55.023628,54.937370,54.850647,54.763485,54.675858,54.587772,54.499237,54.410229,54.320763,54.230820,54.140423,54.049561,53.958225,53.866428,53.774181,53.681454,53.588287,53.494659,53.400578,53.306068,53.211117,53.115723,53.019909,52.923672,52.827038,52.729988,52.632542,52.534733,52.436546,52.338009,52.239132,52.139946,52.040455,51.940704,51.840729,51.740582,51.640324,51.540054,51.439884,51.340000,51.240646,51.142174,51.045078,50.950085,50.858200,50.770908,50.690334,50.619514,50.562847,50.526661,50.520069,50.556255,50.000000
75.000000,75.829491,75.408211,75.077843,74.810371,74.586441,74.392677,74.219765,74.061325,73.912880,73.771439,73.634796,73.501556,73.370651,73.241432,73.113426,72.986267,72.859764,72.733757,72.608139,72.482811,72.357803,72.233017,72.108482,71.984161,71.860046,71.736153,71.612511,71.489037,71.365845,71.242867,71.120125,70.997658,70.875435,70.753479,70.631775,70.510376,70.389275,70.268448,70.147949,70.027756,69.907875,69.788330,69.669121,69.550270,69.431755,69.313583,69.195801,69.078392,68.961349,68.844696,68.728447,68.612587,68.497147,68.382126,68.267494,68.153328,68.039558,67.926247,67.813385,67.700943,67.588974,67.477455,67.366409,67.255852,67.145737,67.036118,66.926964,66.818321,66.710144,66.602478,66.495300,66.388618,66.282455,66.176765,66.071602,65.966949,65.862823,65.759171,65.656075,65.553467,65.451378,65.349823,65.248779,65.148247,65.048241,64.948746,64.849785,64.751328,64.653397,64.555984,64.459076,64.362679,64.266808,64.171432,64.076576,63.982204,63.888359,63.794991,63.702129,63.609760,63.517879,63.426483,63.335567,63.245132,63.155170,63.065678,62.976639,62.888062,62.799942,62.712261,62.625031,62.538239,62.451874,62.365921,62.280399,62.195274,62.110565,62.026249,61.942322,61.858776,61.775604,61.692799,61.610348,61.528252,61.446495,61.365070,61.283974,61.203197,61.122719,61.042545,60.962658,60.883053,60.803719,60.724640,60.645809,60.567219,60.488861,60.410721,60.332790,60.255058,60.177513,60.100143,60.022945,59.945896,59.868988,59.792213,59.715565,59.639019,59.562576,59.486214,59.409924,59.333702,59.257526,59.181393,59.105274,59.029171,58.953079,58.876968,58.800831,58.724655,58.648434,58.572155,58.495796,58.419350,58.342808,58.266144,58.189373,58.112457,58.035385,57.958153,57.880745,57.803154,57.725357,57.647354,57.569122,57.490650,57.411938,57.332962,57.253704,57.174164,57.094326,57.014179,56.933723,56.852928,56.771797,56.690308,56.608452,56.526226,56.443623,56.360622,56.277222,56.193398,56.109165,56.024490,55.939388,55.853836,55.767830,55.681355,55.594429,55.507015,55.419128,55.330742,55.241879,55.152508,55.062645,54.972271,54.881397,54.790005,54.698109,54.605694,54.512760,54.419312,54.325356,54.230869,54.135880,54.040363,53.944351,53.847824,53.750793,53.653271,53.555237,53.456722,53.357731,53.258255,53.158306,53.057903,52.957047,52.855751,52.754025,52.651886,52.549339,52.446404,52.343105,52.239460,52.135525,52.031296,51.926849,51.822247,51.717575,51.612946,51.508545,51.404613,51.301487,51.199638,51.099781,51.002914,50.910458,50.824497,50.747990,50.685246,50.642494,50.628658,50.656689,50.745285,50.000000
75.000000,75.981857,75.518661,75.160896,74.876038,74.641556,74.441925,74.266396,74.107521,73.960205,73.820862,73.687057,73.557121,73.429855,73.304497,73.180466,73.057381,72.934998,72.813164,72.691704,72.570572,72.449692,72.329071,72.208649,72.088417,71.968399,71.848557,71.728912,71.609451,71.490211,71.371147,71.252304,71.133667,71.015297,70.897110,70.779190,70.661491,70.544060,70.426872,70.309952,70.193329,70.076981,69.960899,69.845116,69.729645,69.614471,69.499634,69.385101,69.270920,69.157066,69.043556,68.930389,68.817604,68.705154,68.593086,68.481384,68.370079,68.259155,68.148628,68.038483,67.928780,67.819473,67.710571,67.602089,67.494034,67.386421,67.279236,67.172478,67.066193,66.960335,66.854927,66.749969,66.645470,66.541443,66.437881,66.334770,66.232124,66.129959,66.028267,65.927032,65.826286,65.726021,65.626236,65.526924,65.428093,65.329727,65.231857,65.134453,65.037552,64.941116,64.845154,64.749664,64.654663,64.560127,64.466064,64.372475,64.279350,64.186691,64.094498,64.002762,63.911480,63.820656,63.730282,63.640347,63.550865,63.461811,63.373192,63.285011,63.197239,63.109890,63.022964,62.936440,62.850315,62.764587,62.679249,62.594292,62.509716,62.425507,62.341663,62.258175,62.175034,62.092232,62.009766,61.927628,61.845806,61.764286,61.683071,61.602150,61.521511,61.441139,61.361038,61.281197,61.201591,61.122223,61.043095,60.964161,60.885452,60.806927,60.728592,60.650433,60.572437,60.494587,60.416885,60.339317,60.261868,60.184517,60.107269,60.030106,59.953018,59.875980,59.799004,59.722061,59.645142,59.568233,59.491329,59.414410,59.337460,59.260479,59.183441,59.106350,59.029171,58.951912,58.874542,58.797073,58.719456,58.641708,58.563801,58.485737,58.407486,58.329044,58.250401,58.171524,58.092422,58.013084,57.933479,57.853603,57.773453,57.693005,57.612244,57.531166,57.449753,57.367996,57.285892,57.203415,57.120548,57.037304,56.953651,56.869583,56.785099,56.700176,56.614807,56.528992,56.442707,56.355953,56.268707,56.180984,56.092754,56.004028,55.914780,55.825012,55.734722,55.643890,55.552528,55.460613,55.368156,55.275143,55.181568,55.087448,54.992748,54.897495,54.801670,54.705276,54.608311,54.510799,54.412697,54.314037,54.214809,54.115040,54.014698,53.913807,53.812370,53.710388,53.607868,53.504822,53.401253,53.297165,53.192581,53.087505,52.981941,52.875908,52.769421,52.662502,52.555161,52.447422,52.339298,52.230850,52.122112,52.013126,51.903976,51.794765,51.685627,51.576763,51.468449,51.361065,51.255177,51.151581,51.051437,50.956379,50.868813,50.792187,50.731468,50.693844,50.689732,50.734135,50.848755,50.000000
75.000000,75.985214,75.526077,75.172729,74.892426,74.662605,74.467636,74.296730,74.142479,73.999710,73.864891,73.735565,73.610062,73.487228,73.366241,73.246567,73.127823,73.009720,72.892151,72.774948,72.658043,72.541351,72.424904,72.308609,72.192490,72.076553,71.960754,71.845139,71.729660,71.614365,71.499214,71.384285,71.269516,71.154930,71.040535,70.926331,70.812340,70.698578,70.585037,70.471695,70.358589,70.245766,70.133148,70.020805,69.908714,69.796906,69.685349,69.574066,69.463120,69.352417,69.242065,69.131973,69.022217,68.912773,68.803658,68.694885,68.586456,68.478355,68.370598,68.263222,68.156197,68.049530,67.943253,67.837326,67.731812,67.626663,67.521919,67.417557,67.313606,67.210060,67.106926,67.004204,66.901878,66.799980,66.698517,66.597450,66.496834,66.396645,66.296867,66.197540,66.098633,66.000183,65.902168,65.804581,65.707451,65.610741,65.514488,65.418655,65.323280,65.228348,65.133850,65.039787,64.946167,64.852974,64.760231,64.667908,64.576027,64.484573,64.393547,64.302948,64.212746,64.122978,64.033630,63.944687,63.856155,63.768028,63.680290,63.592957,63.506001,63.419434,63.333252,63.247440,63.161995,63.076912,62.992188,62.907810,62.823776,62.740089,62.656723,62.573681,62.490955,62.408527,62.326412,62.244587,62.163040,62.081776,62.000778,61.920033,61.839539,61.759293,61.679276,61.599476,61.519890,61.440510,61.361320,61.282318,61.203480,61.124813,61.046288,60.967911,60.889652,60.811523,60.733498,60.655571,60.577724,60.499950,60.422234,60.344574,60.266953,60.189354,60.111763,60.034172,59.956573,59.878944,59.801281,59.723568,59.645786,59.567936,59.489990,59.411942,59.333778,59.255489,59.177052,59.098469,59.019707,58.940765,58.861626,58.782284,58.702717,58.622910,58.542858,58.462536,58.381943,58.301067,58.219879,58.138378,58.056545,57.974384,57.891857,57.808964,57.725693,57.642025,57.557968,57.473476,57.388561,57.303211,57.217407,57.131134,57.044395,56.957176,56.869442,56.781219,56.692482,56.603218,56.513420,56.423073,56.332191,56.240734,56.148716,56.056129,55.962959,55.869202,55.774853,55.679913,55.584354,55.488201,55.391430,55.294060,55.196060,55.097450,54.998215,54.898361,54.797897,54.696800,54.595078,54.492760,54.389835,54.286278,54.182125,54.077366,53.972012,53.866062,53.759537,53.652439,53.544765,53.436535,53.327751,53.218445,53.108604,52.998260,52.887413,52.776093,52.664314,52.552097,52.439480,52.326481,52.213165,52.099575,51.985779,51.871895,51.758053,51.644455,51.531376,51.419182,51.308464,51.200005,51.094963,50.994980,50.902451,50.820827,50.755096,50.712471,50.703384,50.742920,50.852913,50.000000
75.000000,75.838898,75.430092,75.113129,74.859520,74.649574,74.469818,74.310822,74.166176,74.031425,73.903519,73.780342,73.660408,73.542770,73.426704,73.311752,73.197563,73.083977,72.970795,72.857918,72.745277,72.632828,72.520538,72.408417,72.296417,72.184540,72.072807,71.961189,71.849716,71.738365,71.627151,71.516060,71.405151,71.294357,71.183746,71.073288,70.962997,70.852890,70.742950,70.633217,70.523643,70.414307,70.305153,70.196236,70.087532,69.979034,69.870773,69.762779,69.654999,69.547493,69.440247,69.333237,69.226532,69.120079,69.013916,68.908058,68.802467,68.697189,68.592224,68.487572,68.383232,68.279228,68.175545,68.072197,67.969177,67.866508,67.764206,67.662239,67.560631,67.459389,67.358505,67.257996,67.157860,67.058098,66.958710,66.859718,66.761101,66.662888,66.565041,66.467606,66.370560,66.273911,66.177658,66.081818,65.986366,65.891319,65.796654,65.702415,65.608582,65.515137,65.422104,65.329468,65.237228,65.145401,65.053963,64.962929,64.872276,64.782021,64.692154,64.602699,64.513611,64.424904,64.336571,64.248611,64.161041,64.073830,63.986996,63.900497,63.814377,63.728603,63.643166,63.558075,63.473316,63.388882,63.304775,63.220989,63.137508,63.054337,62.971455,62.888870,62.806568,62.724525,62.642765,62.561260,62.480007,62.398994,62.318222,62.237671,62.157337,62.077213,61.997292,61.917553,61.837994,61.758602,61.679375,61.600296,61.521355,61.442543,61.363846,61.285255,61.206760,61.128353,61.050018,60.971737,60.893509,60.815327,60.737160,60.659008,60.580860,60.502705,60.424519,60.346298,60.268024,60.189693,60.111282,60.032791,59.954185,59.875477,59.796638,59.717655,59.638512,59.559212,59.479713,59.400036,59.320133,59.240013,59.159657,59.079048,58.998177,58.917027,58.835583,58.753822,58.671753,58.589348,58.506592,58.423481,58.339985,58.256107,58.171829,58.087135,58.002018,57.916454,57.830444,57.743969,57.657017,57.569572,57.481625,57.393166,57.304180,57.214657,57.124596,57.033978,56.942787,56.851013,56.758675,56.665722,56.572182,56.478016,56.383232,56.287827,56.191784,56.095108,55.997776,55.899799,55.801159,55.701870,55.601910,55.501282,55.399979,55.298016,55.195393,55.092075,54.988079,54.883434,54.778099,54.672100,54.565449,54.458126,54.350151,54.241512,54.132248,54.022331,53.911777,53.800621,53.688831,53.576450,53.463470,53.349911,53.235775,53.121101,53.005882,52.890144,52.773907,52.657192,52.540031,52.422451,52.304497,52.186218,52.067688,51.948994,51.830246,51.711651,51.593414,51.475891,51.359554,51.245113,51.133556,51.026302,50.925438,50.833939,50.756153,50.698307,50.669491,50.682823,50.757328,50.000000
75.000000,75.562531,75.244385,74.991631,74.783882,74.607117,74.451668,74.310883,74.180214,74.056480,73.937538,73.821892,73.708549,73.596771,73.486092,73.376175,73.266792,73.157814,73.049103,72.940636,72.832298,72.724121,72.616035,72.508080,72.400185,72.292419,72.184731,72.077141,71.969627,71.862228,71.754921,71.647705,71.540627,71.433647,71.326797,71.220062,71.113464,71.006989,70.900681,70.794518,70.688477,70.582642,70.476952,70.371429,70.266106,70.160942,70.055977,69.951210,69.846642,69.742317,69.638168,69.534233,69.430557,69.327087,69.223885,69.120911,69.018196,68.915749,68.813553,68.711617,68.609955,68.508591,68.407509,68.306709,68.206200,68.106033,68.006134,67.906555,67.807289,67.708351,67.609726,67.511414,67.413467,67.315842,67.218552,67.121597,67.024994,66.928741,66.832817,66.737282,66.642075,66.547249,66.452759,66.358627,66.264893,66.171478,66.078461,65.985779,65.893471,65.801521,65.709961,65.618752,65.527901,65.437408,65.347298,65.257545,65.168144,65.079086,64.990395,64.902061,64.814064,64.726433,64.639137,64.552193,64.465553,64.379280,64.293327,64.207710,64.122398,64.037407,63.952740,63.868366,63.784302,63.700531,63.617058,63.533859,63.450932,63.368282,63.285896,63.203781,63.121895,63.040260,62.958858,62.877682,62.796730,62.715984,62.635445,62.555096,62.474926,62.394939,62.315113,62.235439,62.155926,62.076538,61.997272,61.918137,61.839096,61.760151,61.681293,61.602505,61.523781,61.445103,61.366467,61.287857,61.209259,61.130665,61.052067,60.973442,60.894783,60.816074,60.737305,60.658466,60.579536,60.500519,60.421383,60.342113,60.262707,60.183147,60.103428,60.023521,59.943424,59.863113,59.782585,59.701813,59.620789,59.539505,59.457939,59.376083,59.293915,59.211433,59.128605,59.045429,58.961895,58.877979,58.793663,58.708958,58.623814,58.538242,58.452229,58.365746,58.278786,58.191341,58.103397,58.014946,57.925957,57.836426,57.746361,57.655716,57.564499,57.472694,57.380299,57.287292,57.193672,57.099407,57.004520,56.908974,56.812778,56.715908,56.618374,56.520157,56.421242,56.321648,56.221352,56.120350,56.018627,55.916199,55.813046,55.709175,55.604572,55.499264,55.393215,55.286449,55.178951,55.070728,54.961773,54.852116,54.741734,54.630634,54.518826,54.406311,54.293118,54.179226,54.064651,53.949409,53.833504,53.716949,53.599762,53.481937,53.363510,53.244480,53.124870,53.004696,52.883972,52.762730,52.640995,52.518799,52.396156,52.273125,52.149761,52.026134,51.902336,51.778484,51.654766,51.531437,51.408821,51.287403,51.167938,51.051388,50.939266,50.833675,50.737694,50.655785,50.594421,50.562965,50.575050,50.000000
75.000000,75.193344,74.994774,74.826149,74.677979,74.543800,74.419182,74.301086,74.187447,74.076851,73.968353,73.861244,73.755135,73.649704,73.544716,73.440063,73.335617,73.231377,73.127220,73.023186,72.919220,72.815292,72.711449,72.607658,72.503899,72.400208,72.296555,72.192986,72.089447,71.985970,71.882576,71.779251,71.675980,71.572823,71.469711,71.366699,71.263802,71.160980,71.058266,70.955673,70.853165,70.750809,70.648582,70.546471,70.444496,70.342651,70.240967,70.139450,70.038078,69.936890,69.835869,69.735023,69.634354,69.533882,69.433594,69.333534,69.233673,69.134026,69.034576,68.935379,68.836418,68.737679,68.639191,68.540939,68.442955,68.345230,68.247749,68.150551,68.053627,67.956970,67.860619,67.764519,67.668732,67.573235,67.478027,67.383133,67.288528,67.194237,67.100266,67.006592,66.913246,66.820206,66.727501,66.635094,66.543022,66.451302,66.359871,66.268768,66.178009,66.087555,65.997452,65.907677,65.818199,65.729073,65.640266,65.551781,65.463623,65.375786,65.288277,65.201080,65.114182,65.027626,64.941360,64.855400,64.769753,64.684395,64.599342,64.514580,64.430107,64.345917,64.262016,64.178375,64.095001,64.011894,63.929039,63.846443,63.764084,63.681976,63.600094,63.518433,63.436989,63.355751,63.274723,63.193893,63.113247,63.032768,62.952469,62.872334,62.792343,62.712498,62.632782,62.553196,62.473717,62.394344,62.315063,62.235867,62.156746,62.077679,61.998672,61.919697,61.840744,61.761822,61.682896,61.603962,61.525013,61.446022,61.366993,61.287907,61.208755,61.129505,61.050175,60.970726,60.891155,60.811447,60.731594,60.651577,60.571373,60.490990,60.410397,60.329582,60.248535,60.167233,60.085678,60.003834,59.921707,59.839275,59.756512,59.673416,59.589981,59.506176,59.421982,59.337402,59.252411,59.167004,59.081150,58.994843,58.908073,58.820824,58.733074,58.644829,58.556042,58.466732,58.376869,58.286438,58.195442,58.103848,58.011654,57.918839,57.825409,57.731335,57.636616,57.541229,57.445175,57.348434,57.251011,57.152885,57.054043,56.954491,56.854195,56.753174,56.651405,56.548901,56.445633,56.341618,56.236820,56.131245,56.024906,55.917797,55.809906,55.701237,55.591785,55.481548,55.370544,55.258751,55.146179,55.032829,54.918724,54.803848,54.688213,54.571819,54.454681,54.336811,54.218193,54.098866,53.978828,53.858097,53.736679,53.614582,53.491829,53.368443,53.244415,53.119797,52.994560,52.868774,52.742420,52.615559,52.488197,52.360371,52.232109,52.103443,51.974468,51.845211,51.715767,51.586273,51.456882,51.327835,51.199444,51.072174,50.946709,50.824009,50.705502,50.593193,50.490108,50.400574,50.330944,50.000000
75.000000,74.781410,74.715927,74.640686,74.558441,74.471176,74.380325,74.286942,74.191704,74.095200,73.997749,73.899628,73.801064,73.702164,73.603035,73.503731,73.404305,73.304825,73.205254,73.105667,73.006050,72.906425,72.806801,72.707169,72.607536,72.507935,72.408340,72.308739,72.209198,72.109673,72.010170,71.910698,71.811279,71.711884,71.612549,71.513268,71.414032,71.314857,71.215752,71.116722,71.017746,70.918861,70.820061,70.721336,70.622742,70.524216,70.425804,70.327515,70.229340,70.131302,70.033386,69.935593,69.837959,69.740456,69.643105,69.545929,69.448921,69.352074,69.255402,69.158913,69.062622,68.966522,68.870613,68.774925,68.679428,68.584145,68.489105,68.394287,68.299683,68.205330,68.111206,68.017334,67.923714,67.830338,67.737213,67.644356,67.551765,67.459435,67.367386,67.275589,67.184097,67.092857,67.001923,66.911232,66.820869,66.730766,66.640945,66.551437,66.462204,66.373260,66.284607,66.196259,66.108177,66.020409,65.932915,65.845718,65.758797,65.672180,65.585823,65.499771,65.413994,65.328491,65.243271,65.158325,65.073647,64.989220,64.905067,64.821167,64.737518,64.654152,64.570999,64.488106,64.405434,64.322990,64.240776,64.158798,64.077003,63.995430,63.914055,63.832870,63.751869,63.671047,63.590397,63.509907,63.429573,63.349384,63.269329,63.189411,63.109612,63.029919,62.950321,62.870831,62.791405,62.712059,62.632771,62.553528,62.474331,62.395161,62.316006,62.236862,62.157703,62.078533,61.999336,61.920082,61.840790,61.761425,61.681984,61.602444,61.522797,61.443043,61.363152,61.283108,61.202911,61.122540,61.041977,60.961212,60.880241,60.799038,60.717583,60.635876,60.553894,60.471626,60.389053,60.306164,60.222931,60.139362,60.055428,59.971119,59.886406,59.801292,59.715759,59.629780,59.543358,59.456459,59.369080,59.281204,59.192814,59.103893,59.014446,58.924427,58.833847,58.742664,58.650898,58.558514,58.465515,58.371861,58.277561,58.182598,58.086956,57.990620,57.893589,57.795841,57.697369,57.598160,57.498211,57.397499,57.296028,57.193787,57.090755,56.986927,56.882324,56.776901,56.670677,56.563625,56.455753,56.347065,56.237549,56.127186,56.016006,55.903980,55.791134,55.677441,55.562904,55.447540,55.331356,55.214321,55.096489,54.977821,54.858341,54.738060,54.616982,54.495106,54.372456,54.249035,54.124859,53.999920,53.874264,53.747883,53.620792,53.493027,53.364578,53.235477,53.105728,52.975357,52.844395,52.712845,52.580723,52.448051,52.314838,52.181114,52.046867,51.912113,51.776836,51.641014,51.504639,51.367622,51.229855,51.091213,50.951466,50.810295,50.667229,50.521626,50.372562,50.218746,50.058346,50.000000
75.000000,74.382828,74.446678,74.462112,74.443802,74.402069,74.343987,74.274574,74.197250,74.114426,74.027786,73.938484,73.847321,73.754860,73.661514,73.567505,73.473068,73.378311,73.283325,73.188171,73.092896,72.997559,72.902138,72.806664,72.711174,72.615631,72.520088,72.424522,72.328918,72.233322,72.137726,72.042114,71.946510,71.850922,71.755341,71.659775,71.564209,71.468658,71.373169,71.277679,71.182228,71.086815,70.991463,70.896149,70.800888,70.705673,70.610558,70.515472,70.420486,70.325577,70.230759,70.136040,70.041405,69.946892,69.852470,69.758163,69.663986,69.569946,69.476044,69.382263,69.288635,69.195160,69.101837,69.008682,68.915695,68.822876,68.730240,68.637772,68.545525,68.453438,68.361565,68.269890,68.178429,68.087189,67.996132,67.905327,67.814728,67.724350,67.634232,67.544319,67.454659,67.365227,67.276039,67.187111,67.098404,67.009956,66.921768,66.833809,66.746124,66.658684,66.571487,66.484558,66.397865,66.311447,66.225273,66.139366,66.053688,65.968269,65.883125,65.798195,65.713524,65.629097,65.544907,65.460960,65.377251,65.293777,65.210526,65.127510,65.044701,64.962128,64.879753,64.797592,64.715637,64.633865,64.552292,64.470924,64.389717,64.308693,64.227829,64.147118,64.066582,63.986176,63.905907,63.825771,63.745758,63.665863,63.586071,63.506382,63.426773,63.347240,63.267776,63.188377,63.109028,63.029709,62.950424,62.871155,62.791893,62.712620,62.633339,62.554024,62.474674,62.395275,62.315804,62.236267,62.156635,62.076908,61.997059,61.917084,61.836971,61.756706,61.676270,61.595646,61.514832,61.433811,61.352562,61.271076,61.189331,61.107327,61.025040,60.942440,60.859543,60.776318,60.692741,60.608814,60.524506,60.439812,60.354713,60.269199,60.183247,60.096844,60.009968,59.922611,59.834766,59.746403,59.657513,59.568077,59.478081,59.387512,59.296356,59.204594,59.112213,59.019203,58.925541,58.831223,58.736221,58.640526,58.544132,58.447029,58.349186,58.250603,58.151268,58.051170,57.950298,57.848625,57.746155,57.642883,57.538788,57.433861,57.328094,57.221493,57.114033,57.005722,56.896534,56.786472,56.675533,56.563721,56.451008,56.337421,56.222950,56.107574,55.991310,55.874157,55.756104,55.637173,55.517357,55.396645,55.275066,55.152603,55.029282,54.905106,54.780067,54.654190,54.527489,54.399963,54.271629,54.142502,54.012585,53.881893,53.750454,53.618290,53.485386,53.351791,53.217510,53.082558,52.946934,52.810684,52.673786,52.536266,52.398090,52.259281,52.119778,51.979530,51.838428,51.696339,51.553024,51.408127,51.261139,51.111343,50.957619,50.798420,50.631458,50.453468,50.259697,50.043373,49.794685,50.000000
75.000000,74.052330,74.224815,74.316490,74.352135,74.348923,74.318771,74.269943,74.208176,74.137436,74.060455,73.979156,73.894844,73.808456,73.720581,73.631714,73.542122,73.452026,73.361542,73.270798,73.179840,73.088745,72.997543,72.906219,72.814842,72.723381,72.631851,72.540283,72.448662,72.356987,72.265282,72.173538,72.081772,71.989952,71.898117,71.806236,71.714348,71.622459,71.530540,71.438599,71.346680,71.254738,71.162804,71.070885,70.978966,70.887077,70.795204,70.703362,70.611549,70.519783,70.428047,70.336372,70.244759,70.153206,70.061699,69.970284,69.878937,69.787682,69.696533,69.605469,69.514511,69.423630,69.332901,69.242271,69.151772,69.061409,68.971184,68.881096,68.791145,68.701363,68.611717,68.522255,68.432938,68.343803,68.254845,68.166061,68.077469,67.989059,67.900833,67.812820,67.724983,67.637352,67.549927,67.462715,67.375694,67.288895,67.202309,67.115929,67.029770,66.943832,66.858116,66.772598,66.687309,66.602242,66.517380,66.432755,66.348328,66.264130,66.180145,66.096359,66.012802,65.929451,65.846306,65.763374,65.680649,65.598106,65.515770,65.433624,65.351662,65.269882,65.188293,65.106888,65.025635,64.944557,64.863632,64.782867,64.702248,64.621773,64.541428,64.461220,64.381142,64.301155,64.221291,64.141518,64.061836,63.982243,63.902718,63.823257,63.743851,63.664490,63.585171,63.505882,63.426598,63.347332,63.268055,63.188766,63.109451,63.030102,62.950703,62.871231,62.791706,62.712082,62.632362,62.552536,62.472584,62.392498,62.312260,62.231869,62.151299,62.070534,61.989571,61.908382,61.826969,61.745308,61.663383,61.581184,61.498692,61.415897,61.332783,61.249329,61.165524,61.081352,60.996796,60.911839,60.826469,60.740669,60.654427,60.567719,60.480534,60.392857,60.304661,60.215946,60.126694,60.036873,59.946491,59.855507,59.763924,59.671722,59.578880,59.485386,59.391232,59.296383,59.200851,59.104595,59.007618,58.909901,58.811420,58.712181,58.612160,58.511349,58.409718,58.307281,58.204010,58.099884,57.994923,57.889084,57.782375,57.674778,57.566292,57.456905,57.346607,57.235409,57.123253,57.010193,56.896194,56.781261,56.665367,56.548550,56.430779,56.312057,56.192379,56.071770,55.950207,55.827690,55.704235,55.579849,55.454510,55.328262,55.201077,55.072998,54.944004,54.814114,54.683342,54.551693,54.419189,54.285831,54.151661,54.016659,53.880848,53.744270,53.606915,53.468811,53.329964,53.190407,53.050129,52.909153,52.767479,52.625107,52.481995,52.338135,52.193436,52.047783,51.901020,51.752869,51.602955,51.450687,51.295216,51.135300,50.969143,50.794136,50.606487,50.400719,50.168911,49.899651,49.576454,50.000000
75.000000,73.835762,74.081985,74.225685,74.298439,74.322105,74.311806,74.277985,74.227867,74.166519,74.097321,74.022743,73.944420,73.863480,73.780724,73.696663,73.611679,73.526093,73.440033,73.353615,73.266937,73.180069,73.093025,73.005836,72.918556,72.831169,72.743675,72.656097,72.568428,72.480698,72.392891,72.304993,72.217026,72.128998,72.040894,71.952744,71.864525,71.776253,71.687927,71.599548,71.511124,71.422646,71.334145,71.245613,71.157036,71.068451,70.979828,70.891220,70.802567,70.713936,70.625298,70.536659,70.448044,70.359474,70.270866,70.182327,70.093811,70.005348,69.916924,69.828560,69.740250,69.652008,69.563843,69.475739,69.387726,69.299812,69.211983,69.124252,69.036629,68.949112,68.861717,68.774422,68.687279,68.600258,68.513382,68.426620,68.340012,68.253563,68.167252,68.081116,67.995117,67.909271,67.823608,67.738106,67.652786,67.567635,67.482651,67.397850,67.313225,67.228775,67.144516,67.060432,66.976524,66.892815,66.809280,66.725922,66.642754,66.559761,66.476959,66.394325,66.311874,66.229607,66.147499,66.065582,65.983826,65.902245,65.820808,65.739540,65.658447,65.577477,65.496666,65.416000,65.335480,65.255089,65.174820,65.094666,65.014648,64.934723,64.854919,64.775200,64.695564,64.616028,64.536568,64.457176,64.377823,64.298531,64.219292,64.140083,64.060890,63.981716,63.902546,63.823372,63.744179,63.664967,63.585709,63.506413,63.427052,63.347626,63.268124,63.188519,63.108810,63.028980,62.949020,62.868927,62.788670,62.708237,62.627632,62.546825,62.465809,62.384567,62.303089,62.221355,62.139351,62.057068,61.974483,61.891586,61.808357,61.724789,61.640862,61.556553,61.471867,61.386765,61.301243,61.215282,61.128864,61.041977,60.954597,60.866711,60.778313,60.689377,60.599884,60.509827,60.419178,60.327923,60.236053,60.143547,60.050388,59.956562,59.862057,59.766842,59.670918,59.574265,59.476856,59.378700,59.279755,59.180023,59.079487,58.978130,58.875935,58.772892,58.668995,58.564224,58.458569,58.352009,58.244549,58.136158,58.026848,57.916595,57.805386,57.693222,57.580105,57.466000,57.350918,57.234844,57.117786,56.999737,56.880680,56.760620,56.639553,56.517487,56.394409,56.270329,56.145233,56.019146,55.892056,55.763969,55.634899,55.504833,55.373791,55.241795,55.108837,54.974915,54.840061,54.704285,54.567600,54.430023,54.291553,54.152214,54.012035,53.871017,53.729187,53.586559,53.443142,53.298962,53.154022,53.008327,52.861889,52.714672,52.566673,52.417816,52.268021,52.117149,51.964966,51.811142,51.655197,51.496376,51.333630,51.165367,50.989346,50.802238,50.599232,50.373436,50.114758,49.808678,49.434219,50.000000
75.000000,73.763985,74.039352,74.204239,74.292770,74.328522,74.327812,74.301903,74.258575,74.203209,74.139503,74.070015,73.996544,73.920273,73.842033,73.762459,73.681900,73.600624,73.518852,73.436676,73.354225,73.271538,73.188660,73.105583,73.022385,72.939056,72.855583,72.771996,72.688293,72.604485,72.520546,72.436508,72.352371,72.268120,72.183754,72.099304,72.014755,71.930084,71.845360,71.760544,71.675613,71.590599,71.505524,71.420357,71.335129,71.249847,71.164497,71.079079,70.993607,70.908096,70.822533,70.736946,70.651321,70.565674,70.480011,70.394333,70.308640,70.222946,70.137260,70.051590,69.965950,69.880310,69.794701,69.709122,69.623596,69.538124,69.452675,69.367302,69.281998,69.196754,69.111580,69.026489,68.941490,68.856575,68.771759,68.687057,68.602417,68.517914,68.433517,68.349236,68.265076,68.181038,68.097130,68.013344,67.929695,67.846169,67.762817,67.679581,67.596481,67.513542,67.430733,67.348068,67.265564,67.183197,67.100983,67.018906,66.936981,66.855209,66.773598,66.692116,66.610779,66.529587,66.448540,66.367615,66.286842,66.206207,66.125694,66.045319,65.965057,65.884918,65.804893,65.724983,65.645180,65.565475,65.485870,65.406357,65.326927,65.247581,65.168304,65.089096,65.009941,64.930832,64.851784,64.772766,64.693764,64.614799,64.535835,64.456879,64.377907,64.298927,64.219917,64.140869,64.061775,63.982628,63.903404,63.824116,63.744732,63.665234,63.585632,63.505905,63.426033,63.346012,63.265827,63.185471,63.104927,63.024170,62.943199,62.861996,62.780548,62.698841,62.616863,62.534592,62.452011,62.369118,62.285889,62.202316,62.118366,62.034039,61.949318,61.864185,61.778618,61.692604,61.606129,61.519176,61.431728,61.343761,61.255276,61.166237,61.076637,60.986450,60.895676,60.804283,60.712257,60.619595,60.526253,60.432236,60.337521,60.242085,60.145927,60.049015,59.951344,59.852894,59.753647,59.653580,59.552685,59.450951,59.348366,59.244904,59.140549,59.035305,58.929142,58.822052,58.714024,58.605034,58.495087,58.384163,58.272255,58.159351,58.045441,57.930515,57.814564,57.697578,57.579571,57.460499,57.340378,57.219212,57.096985,56.973694,56.849342,56.723923,56.597443,56.469887,56.341278,56.211601,56.080875,55.949089,55.816257,55.682384,55.547485,55.411549,55.274601,55.136654,54.997711,54.857796,54.716908,54.575081,54.432320,54.288624,54.144051,53.998585,53.852257,53.705090,53.557083,53.408276,53.258659,53.108250,52.957050,52.805035,52.652187,52.498428,52.343689,52.187798,52.030525,51.871513,51.710239,51.545933,51.377415,51.203041,51.020367,50.825840,50.614307,50.378284,50.106949,49.784592,49.388519,50.000000
75.000000,73.848450,74.104736,74.257439,74.338676,74.370598,74.368454,74.342865,74.301064,74.248062,74.187317,74.121223,74.051384,73.978966,73.904739,73.829208,73.752785,73.675636,73.598038,73.520042,73.441750,73.363197,73.284439,73.205498,73.126358,73.047073,72.967613,72.888008,72.808266,72.728363,72.648323,72.568161,72.487808,72.407349,72.326736,72.245956,72.165070,72.084045,72.002884,71.921608,71.840195,71.758629,71.676979,71.595192,71.513306,71.431290,71.349190,71.266975,71.184677,71.102280,71.019806,70.937263,70.854622,70.771912,70.689163,70.606323,70.523468,70.440559,70.357605,70.274612,70.191612,70.108582,70.025520,69.942474,69.859428,69.776375,69.693344,69.610298,69.527290,69.444321,69.361382,69.278488,69.195625,69.112801,69.030052,68.947350,68.864723,68.782158,68.699661,68.617256,68.534912,68.452675,68.370522,68.288445,68.206474,68.124611,68.042839,67.961174,67.879616,67.798149,67.716797,67.635567,67.554443,67.473442,67.392540,67.311752,67.231079,67.150528,67.070084,66.989754,66.909538,66.829422,66.749420,66.669533,66.589729,66.510048,66.430450,66.350952,66.271561,66.192238,66.113014,66.033852,65.954781,65.875778,65.796837,65.717949,65.639137,65.560356,65.481621,65.402916,65.324249,65.245598,65.166962,65.088326,65.009689,64.931046,64.852371,64.773682,64.694946,64.616150,64.537323,64.458420,64.379440,64.300369,64.221184,64.141907,64.062492,63.982956,63.903267,63.823429,63.743408,63.663208,63.582821,63.502209,63.421375,63.340313,63.258999,63.177410,63.095547,63.013390,62.930916,62.848129,62.764999,62.681511,62.597652,62.513412,62.428764,62.343700,62.258190,62.172237,62.085815,61.998905,61.911495,61.823566,61.735096,61.646088,61.556492,61.466316,61.375530,61.284126,61.192081,61.099369,61.005989,60.911922,60.817135,60.721622,60.625362,60.528351,60.430550,60.331959,60.232544,60.132309,60.031231,59.929291,59.826466,59.722744,59.618114,59.512566,59.406071,59.298634,59.190212,59.080814,58.970425,58.859035,58.746605,58.633160,58.518665,58.403118,58.286510,58.168823,58.050060,57.930202,57.809254,57.687195,57.564034,57.439751,57.314350,57.187836,57.060196,56.931427,56.801537,56.670528,56.538395,56.405121,56.270752,56.135262,55.998661,55.860970,55.722179,55.582321,55.441383,55.299385,55.156353,55.012268,54.867165,54.721069,54.573986,54.425949,54.276939,54.127014,53.976173,53.824448,53.671841,53.518387,53.364098,53.208973,53.053020,52.896236,52.738586,52.580032,52.420475,52.259804,52.097790,51.934109,51.768269,51.599571,51.426952,51.248844,51.062996,50.866089,50.653305,50.417664,50.148994,49.832569,49.447033,50.000000
75.000000,74.079620,74.271332,74.380493,74.432762,74.445885,74.432068,74.399673,74.354492,74.300499,74.240379,74.176048,74.108780,74.039459,73.968697,73.896881,73.824303,73.751198,73.677635,73.603722,73.529518,73.455086,73.380417,73.305542,73.230492,73.155220,73.079788,73.004196,72.928391,72.852409,72.776260,72.699928,72.623398,72.546700,72.469818,72.392784,72.315536,72.238136,72.160545,72.082787,72.004883,71.926804,71.848549,71.770126,71.691559,71.612854,71.533997,71.454979,71.375832,71.296555,71.217163,71.137634,71.057999,70.978226,70.898361,70.818390,70.738335,70.658195,70.577965,70.497665,70.417282,70.336861,70.256371,70.175819,70.095253,70.014610,69.933960,69.853287,69.772568,69.691856,69.611137,69.530403,69.449692,69.368980,69.288277,69.207603,69.126945,69.046326,68.965744,68.885178,68.804672,68.724205,68.643791,68.563454,68.483154,68.402924,68.322746,68.242653,68.162621,68.082657,68.002762,67.922951,67.843216,67.763557,67.683975,67.604477,67.525055,67.445724,67.366463,67.287285,67.208176,67.129150,67.050209,66.971321,66.892525,66.813789,66.735100,66.656509,66.577957,66.499481,66.421036,66.342651,66.264305,66.186012,66.107742,66.029495,65.951279,65.873093,65.794907,65.716721,65.638535,65.560341,65.482124,65.403885,65.325623,65.247307,65.168945,65.090523,65.012024,64.933449,64.854813,64.776039,64.697174,64.618195,64.539070,64.459808,64.380417,64.300827,64.221077,64.141121,64.060966,63.980606,63.900009,63.819168,63.738071,63.656712,63.575054,63.493111,63.410839,63.328247,63.245308,63.162010,63.078335,62.994270,62.909801,62.824905,62.739567,62.653774,62.567516,62.480762,62.393494,62.305710,62.217384,62.128498,62.039032,61.948975,61.858303,61.767006,61.675053,61.582436,61.489143,61.395142,61.300419,61.204960,61.108746,61.011753,60.913982,60.815392,60.715969,60.615704,60.514580,60.412582,60.309685,60.205872,60.101128,59.995441,59.888794,59.781174,59.672546,59.562923,59.452271,59.340580,59.227848,59.114044,58.999161,58.883198,58.766129,58.647949,58.528652,58.408215,58.286640,58.163914,58.040043,57.915005,57.788795,57.661407,57.532848,57.403103,57.272175,57.140060,57.006756,56.872276,56.736607,56.599754,56.461731,56.322536,56.182163,56.040649,55.897976,55.754158,55.609226,55.463161,55.316002,55.167755,55.018433,54.868061,54.716640,54.564198,54.410767,54.256351,54.100975,53.944672,53.787457,53.629337,53.470352,53.310505,53.149818,52.988277,52.825890,52.662609,52.498390,52.333126,52.166687,51.998810,51.829128,51.657074,51.481850,51.302227,51.116425,50.921844,50.714653,50.489315,50.237724,49.948112,49.603371,50.000000
75.000000,74.427971,74.518654,74.559090,74.565117,74.547546,74.513802,74.468971,74.416550,74.358856,74.297569,74.233749,74.168167,74.101372,74.033669,73.965279,73.896416,73.827141,73.757538,73.687675,73.617538,73.547180,73.476601,73.405800,73.334801,73.263596,73.192162,73.120537,73.048706,72.976624,72.904350,72.831871,72.759178,72.686241,72.613113,72.539749,72.466179,72.392380,72.318375,72.244164,72.169739,72.095116,72.020264,71.945221,71.869995,71.794556,71.718941,71.643127,71.567131,71.490974,71.414627,71.338127,71.261452,71.184639,71.107666,71.030533,70.953308,70.875923,70.798409,70.720772,70.643036,70.565208,70.487259,70.409218,70.331085,70.252892,70.174622,70.096275,70.017853,69.939407,69.860901,69.782341,69.703743,69.625130,69.546494,69.467819,69.389137,69.310448,69.231766,69.153069,69.074371,68.995712,68.917046,68.838394,68.759766,68.681175,68.602600,68.524055,68.445549,68.367081,68.288651,68.210251,68.131905,68.053596,67.975334,67.897133,67.818954,67.740837,67.662758,67.584732,67.506737,67.428810,67.350906,67.273048,67.195236,67.117455,67.039719,66.961998,66.884315,66.806656,66.729027,66.651413,66.573799,66.496216,66.418625,66.341026,66.263428,66.185806,66.108185,66.030525,65.952835,65.875099,65.797325,65.719490,65.641586,65.563629,65.485573,65.407425,65.329201,65.250854,65.172379,65.093781,65.015045,64.936157,64.857117,64.777885,64.698479,64.618858,64.539055,64.459023,64.378738,64.298225,64.217445,64.136383,64.055046,63.973385,63.891415,63.809109,63.726467,63.643448,63.560059,63.476265,63.392067,63.307442,63.222374,63.136845,63.050835,62.964344,62.877331,62.789783,62.701702,62.613060,62.523827,62.434006,62.343555,62.252476,62.160744,62.068333,61.975239,61.881435,61.786900,61.691624,61.595577,61.498753,61.401127,61.302685,61.203392,61.103249,61.002232,60.900322,60.797497,60.693745,60.589050,60.483379,60.376747,60.269104,60.160442,60.050758,59.940033,59.828232,59.715359,59.601395,59.486328,59.370136,59.252804,59.134327,59.014702,58.893902,58.771923,58.648750,58.524376,58.398788,58.271999,58.143978,58.014732,57.884243,57.752518,57.619545,57.485332,57.349869,57.213154,57.075214,56.936005,56.795567,56.653877,56.510971,56.366837,56.221470,56.074905,55.927132,55.778183,55.628052,55.476757,55.324314,55.170757,55.016071,54.860306,54.703457,54.545574,54.386646,54.226719,54.065823,53.903957,53.741173,53.577477,53.412895,53.247467,53.081188,52.914066,52.746120,52.577328,52.407646,52.237000,52.065281,51.892281,51.717690,51.541039,51.361645,51.178455,50.989914,50.793747,50.586613,50.363605,50.117523,49.837879,50.000000
75.000000,74.847923,74.815002,74.771294,74.720474,74.664970,74.606377,74.545731,74.483719,74.420776,74.357201,74.293182,74.228798,74.164146,74.099258,74.034180,73.968895,73.903404,73.837746,73.771858,73.705795,73.639511,73.572998,73.506279,73.439323,73.372154,73.304741,73.237099,73.169212,73.101082,73.032677,72.964027,72.895142,72.825996,72.756599,72.686920,72.617035,72.546860,72.476425,72.405746,72.334816,72.263634,72.192207,72.120522,72.048607,71.976463,71.904083,71.831467,71.758621,71.685539,71.612274,71.538795,71.465088,71.391212,71.317108,71.242844,71.168388,71.093758,71.018967,70.944008,70.868904,70.793648,70.718239,70.642693,70.567017,70.491249,70.415321,70.339317,70.263206,70.186989,70.110687,70.034309,69.957848,69.881317,69.804710,69.728058,69.651352,69.574600,69.497787,69.420959,69.344078,69.267189,69.190254,69.113319,69.036369,68.959396,68.882408,68.805435,68.728447,68.651474,68.574493,68.497528,68.420563,68.343613,68.266670,68.189735,68.112801,68.035896,67.959015,67.882133,67.805267,67.728409,67.651566,67.574738,67.497917,67.421089,67.344269,67.267464,67.190643,67.113831,67.036987,66.960152,66.883293,66.806412,66.729500,66.652550,66.575577,66.498558,66.421478,66.344360,66.267174,66.189903,66.112572,66.035156,65.957649,65.880020,65.802292,65.724442,65.646461,65.568352,65.490082,65.411659,65.333061,65.254280,65.175308,65.096130,65.016747,64.937126,64.857277,64.777153,64.696770,64.616104,64.535156,64.453896,64.372322,64.290390,64.208107,64.125465,64.042458,63.959038,63.875191,63.790932,63.706226,63.621056,63.535404,63.449253,63.362595,63.275406,63.187668,63.099361,63.010475,62.920986,62.830875,62.740120,62.648708,62.556625,62.463848,62.370358,62.276138,62.181156,62.085411,61.988876,61.891521,61.793350,61.694328,61.594440,61.493668,61.391991,61.289391,61.185841,61.081341,60.975857,60.869381,60.761887,60.653355,60.543777,60.433140,60.321404,60.208576,60.094627,59.979546,59.863312,59.745914,59.627357,59.507595,59.386627,59.264442,59.141029,59.016380,58.890480,58.763321,58.634888,58.505180,58.374184,58.241898,58.108315,57.973434,57.837242,57.699741,57.560932,57.420818,57.279385,57.136650,56.992607,56.847271,56.700638,56.552711,56.403503,56.253036,56.101292,55.948315,55.794094,55.638660,55.482010,55.324177,55.165188,55.005039,54.843781,54.681393,54.517948,54.353439,54.187908,54.021389,53.853905,53.685478,53.516144,53.345951,53.174919,53.003090,52.830486,52.657146,52.483112,52.308392,52.133026,51.956997,51.780319,51.602943,51.424793,51.245712,51.065437,50.883556,50.699429,50.512005,50.319725,50.120159,50.000000
75.000000,75.283775,75.121872,74.990425,74.880424,74.785423,74.700943,74.623787,74.551788,74.483299,74.417282,74.352928,74.289665,74.227158,74.165100,74.103287,74.041565,73.979881,73.918121,73.856262,73.794243,73.732025,73.669617,73.606979,73.544090,73.480942,73.417557,73.353912,73.289963,73.225754,73.161247,73.096466,73.031380,72.966034,72.900352,72.834396,72.768135,72.701576,72.634720,72.567574,72.500137,72.432396,72.364380,72.296066,72.227463,72.158592,72.089447,72.020004,71.950302,71.880341,71.810127,71.739632,71.668922,71.597946,71.526764,71.455307,71.383659,71.311775,71.239677,71.167397,71.094910,71.022224,70.949356,70.876297,70.803085,70.729698,70.656166,70.582466,70.508644,70.434654,70.360565,70.286354,70.211998,70.137550,70.063011,69.988342,69.913612,69.838783,69.763863,69.688873,69.613808,69.538696,69.463501,69.388260,69.312958,69.237625,69.162247,69.086815,69.011345,68.935860,68.860336,68.784782,68.709198,68.633591,68.557968,68.482315,68.406662,68.330963,68.255241,68.179520,68.103783,68.028008,67.952225,67.876411,67.800575,67.724724,67.648849,67.572929,67.496971,67.420998,67.344978,67.268913,67.192795,67.116631,67.040405,66.964119,66.887772,66.811348,66.734856,66.658257,66.581573,66.504799,66.427910,66.350914,66.273781,66.196518,66.119125,66.041573,65.963882,65.885994,65.807938,65.729698,65.651260,65.572609,65.493721,65.414604,65.335243,65.255623,65.175735,65.095558,65.015076,64.934288,64.853180,64.771729,64.689911,64.607727,64.525177,64.442207,64.358826,64.275024,64.190758,64.106049,64.020851,63.935143,63.848930,63.762188,63.674885,63.587025,63.498581,63.409519,63.319847,63.229530,63.138557,63.046906,62.954552,62.861488,62.767681,62.673119,62.577785,62.481655,62.384712,62.286938,62.188305,62.088799,61.988400,61.887093,61.784851,61.681660,61.577477,61.472328,61.366158,61.258961,61.150723,61.041416,60.931019,60.819527,60.706905,60.593151,60.478237,60.362144,60.244869,60.126392,60.006699,59.885765,59.763588,59.640133,59.515419,59.389404,59.262096,59.133480,59.003532,58.872261,58.739639,58.605679,58.470364,58.333694,58.195648,58.056240,57.915459,57.773308,57.629780,57.484875,57.338604,57.190945,57.041954,56.891594,56.739880,56.586807,56.432419,56.276707,56.119682,55.961365,55.801762,55.640888,55.478783,55.315449,55.150909,54.985172,54.818295,54.650295,54.481186,54.311008,54.139790,53.967567,53.794384,53.620262,53.445278,53.269459,53.092865,52.915573,52.737667,52.559242,52.380428,52.201401,52.022366,51.843639,51.665607,51.488850,51.314125,51.142525,50.975582,50.815437,50.665138,50.528988,50.413082,50.000000
75.000000,75.677147,75.398872,75.188606,75.025658,74.895538,74.788284,74.696846,74.616379,74.543449,74.475731,74.411598,74.349846,74.289749,74.230675,74.172256,74.114220,74.056404,73.998642,73.940796,73.882866,73.824768,73.766457,73.707886,73.649101,73.590012,73.530647,73.470970,73.410995,73.350723,73.290108,73.229202,73.167915,73.106331,73.044403,72.982140,72.919525,72.856590,72.793312,72.729706,72.665741,72.601448,72.536835,72.471886,72.406609,72.340996,72.275070,72.208839,72.142265,72.075394,72.008224,71.940750,71.872993,71.804962,71.736633,71.668007,71.599144,71.530006,71.460625,71.390984,71.321106,71.250977,71.180649,71.110069,71.039314,70.968315,70.897148,70.825783,70.754211,70.682487,70.610580,70.538513,70.466278,70.393890,70.321388,70.248734,70.175949,70.103027,70.029999,69.956863,69.883606,69.810249,69.736794,69.663254,69.589615,69.515907,69.442116,69.368240,69.294296,69.220268,69.146194,69.072067,68.997871,68.923607,68.849297,68.774918,68.700508,68.626030,68.551514,68.476929,68.402306,68.327637,68.252907,68.178116,68.103279,68.028381,67.953445,67.878418,67.803337,67.728203,67.652992,67.577713,67.502342,67.426910,67.351387,67.275757,67.200035,67.124222,67.048294,66.972244,66.896088,66.819801,66.743370,66.666786,66.590065,66.513176,66.436119,66.358887,66.281464,66.203835,66.126007,66.047935,65.969658,65.891144,65.812363,65.733315,65.654007,65.574387,65.494484,65.414253,65.333694,65.252792,65.171539,65.089905,65.007889,64.925468,64.842636,64.759369,64.675652,64.591469,64.506805,64.421638,64.335960,64.249748,64.162987,64.075661,63.987743,63.899227,63.810089,63.720299,63.629860,63.538734,63.446915,63.354382,63.261105,63.167072,63.072258,62.976654,62.880230,62.782959,62.684845,62.585846,62.485950,62.385139,62.283379,62.180668,62.076973,61.972290,61.866570,61.759827,61.652012,61.543125,61.433140,61.322025,61.209782,61.096386,60.981808,60.866043,60.749069,60.630863,60.511410,60.390694,60.268715,60.145424,60.020840,59.894928,59.767681,59.639080,59.509125,59.377800,59.245075,59.110966,58.975452,58.838531,58.700195,58.560429,58.419247,58.276615,58.132561,57.987049,57.840103,57.691730,57.541920,57.390667,57.237988,57.083893,56.928375,56.771450,56.613129,56.453419,56.292347,56.129902,55.966125,55.801010,55.634605,55.466908,55.297947,55.127758,54.956341,54.783752,54.610004,54.435135,54.259190,54.082211,53.904205,53.725269,53.545425,53.364761,53.183346,53.001289,52.818714,52.635777,52.452690,52.269791,52.087456,51.906281,51.727047,51.550919,51.379478,51.215069,51.060932,50.921799,50.804417,50.718433,50.677719,50.000000
75.000000,75.974854,75.609322,75.340508,75.138733,74.983383,74.860168,74.759186,74.673561,74.598503,74.530724,74.467896,74.408463,74.351295,74.295616,74.240891,74.186737,74.132912,74.079201,74.025482,73.971672,73.917709,73.863541,73.809090,73.754387,73.699364,73.644035,73.588379,73.532356,73.476006,73.419296,73.362244,73.304771,73.246979,73.188782,73.130226,73.071289,73.011940,72.952240,72.892159,72.831688,72.770851,72.709625,72.648010,72.586052,72.523735,72.461037,72.397934,72.334541,72.270737,72.206627,72.142151,72.077354,72.012222,71.946754,71.880974,71.814880,71.748489,71.681793,71.614807,71.547516,71.479980,71.412148,71.344078,71.275734,71.207146,71.138321,71.069267,70.999962,70.930466,70.860741,70.790825,70.720703,70.650414,70.579910,70.509247,70.438408,70.367401,70.296249,70.224945,70.153496,70.081909,70.010185,69.938324,69.866348,69.794258,69.722054,69.649734,69.577301,69.504761,69.432137,69.359421,69.286591,69.213676,69.140671,69.067596,68.994415,68.921158,68.847809,68.774391,68.700890,68.627312,68.553635,68.479874,68.406036,68.332108,68.258087,68.183983,68.109795,68.035484,67.961105,67.886604,67.811996,67.737282,67.662437,67.587494,67.512413,67.437187,67.361855,67.286362,67.210732,67.134933,67.058952,66.982826,66.906509,66.829994,66.753281,66.676369,66.599236,66.521866,66.444275,66.366432,66.288315,66.209930,66.131271,66.052315,65.973045,65.893463,65.813538,65.733276,65.652657,65.571655,65.490265,65.408478,65.326263,65.243629,65.160522,65.076973,64.992920,64.908386,64.823334,64.737747,64.651611,64.564903,64.477615,64.389725,64.301201,64.212059,64.122238,64.031746,63.940556,63.848648,63.756001,63.662598,63.568417,63.473434,63.377640,63.281002,63.183506,63.085129,62.985855,62.885658,62.784512,62.682411,62.579327,62.475231,62.370110,62.263939,62.156704,62.048386,61.938942,61.828377,61.716667,61.603775,61.489708,61.374424,61.257912,61.140152,61.021133,60.900822,60.779209,60.656277,60.532021,60.406399,60.279408,60.151058,60.021290,59.890118,59.757523,59.623497,59.488014,59.351082,59.212685,59.072807,58.931458,58.788601,58.644268,58.498432,58.351082,58.202236,58.051884,57.900032,57.746670,57.591812,57.435459,57.277622,57.118290,56.957489,56.795231,56.631512,56.466362,56.299797,56.131821,55.962448,55.791714,55.619633,55.446228,55.271530,55.095562,54.918362,54.739948,54.560356,54.379642,54.197834,54.014988,53.831161,53.646412,53.460827,53.274487,53.087524,52.900101,52.712444,52.524818,52.337635,52.151443,51.967022,51.785473,51.608391,51.437988,51.277538,51.131615,51.006905,50.912968,50.863598,50.878628,50.000000
75.000000,76.136116,75.725166,75.426834,75.206383,75.039772,74.910332,74.806526,74.720413,74.646454,74.580864,74.520935,74.464874,74.411385,74.359627,74.308937,74.258919,74.209274,74.159760,74.110260,74.060646,74.010887,73.960869,73.910576,73.859955,73.809029,73.757744,73.706070,73.654076,73.601669,73.548859,73.495659,73.442017,73.387985,73.333557,73.278679,73.223396,73.167694,73.111542,73.055000,72.998016,72.940605,72.882797,72.824562,72.765900,72.706833,72.647331,72.587448,72.527161,72.466476,72.405365,72.343903,72.282051,72.219826,72.157227,72.094254,72.030937,71.967285,71.903267,71.838913,71.774239,71.709244,71.643936,71.578323,71.512405,71.446213,71.379730,71.312958,71.245934,71.178650,71.111122,71.043335,70.975327,70.907089,70.838615,70.769928,70.701042,70.631943,70.562668,70.493187,70.423538,70.353714,70.283691,70.213524,70.143211,70.072731,70.002090,69.931320,69.860405,69.789352,69.718163,69.646843,69.575409,69.503830,69.432137,69.360329,69.288406,69.216370,69.144218,69.071945,68.999557,68.927055,68.854439,68.781731,68.708862,68.635925,68.562828,68.489632,68.416306,68.342865,68.269279,68.195580,68.121727,68.047760,67.973625,67.899353,67.824913,67.750320,67.675568,67.600624,67.525520,67.450211,67.374725,67.299026,67.223122,67.147011,67.070663,66.994087,66.917252,66.840157,66.762794,66.685165,66.607231,66.529022,66.450478,66.371605,66.292419,66.212875,66.132957,66.052673,65.972000,65.890900,65.809402,65.727478,65.645081,65.562225,65.478889,65.395058,65.310699,65.225830,65.140404,65.054405,64.967819,64.880646,64.792847,64.704407,64.615311,64.525536,64.435081,64.343895,64.251961,64.159279,64.065834,63.971588,63.876522,63.780613,63.683853,63.586212,63.487663,63.388203,63.287792,63.186417,63.084045,62.980675,62.876274,62.770817,62.664291,62.556660,62.447918,62.338043,62.227001,62.114784,62.001366,61.886723,61.770840,61.653690,61.535259,61.415527,61.294476,61.172077,61.048328,60.923199,60.796673,60.668739,60.539375,60.408573,60.276314,60.142574,60.007359,59.870636,59.732407,59.592659,59.451385,59.308559,59.164200,59.018276,58.870785,58.721733,58.571121,58.418930,58.265167,58.109829,57.952930,57.794445,57.634415,57.472816,57.309673,57.144997,56.978779,56.811043,56.641811,56.471085,56.298897,56.125244,55.950161,55.773674,55.595810,55.416584,55.236031,55.054173,54.871059,54.686714,54.501179,54.314526,54.126759,53.937984,53.748241,53.557625,53.366241,53.174236,52.981777,52.789101,52.596535,52.404518,52.213703,52.024956,51.839565,51.659325,51.486816,51.325783,51.181572,51.061920,50.977959,50.945789,50.988602,50.000000
75.000000,76.138184,75.730888,75.437004,75.221436,75.059799,74.935379,74.836586,74.755386,74.686279,74.625420,74.570175,74.518730,74.469818,74.422569,74.376350,74.330757,74.285484,74.240334,74.195137,74.149818,74.104279,74.058464,74.012329,73.965889,73.919037,73.871834,73.824203,73.776169,73.727684,73.678795,73.629448,73.579681,73.529411,73.478722,73.427567,73.375946,73.323853,73.271301,73.218262,73.164772,73.110817,73.056374,73.001495,72.946144,72.890335,72.834045,72.777344,72.720161,72.662560,72.604500,72.546028,72.487114,72.427788,72.368034,72.307884,72.247330,72.186401,72.125053,72.063347,72.001274,71.938805,71.876015,71.812859,71.749374,71.685555,71.621407,71.556946,71.492172,71.427101,71.361732,71.296089,71.230156,71.163994,71.097527,71.030815,70.963867,70.896683,70.829262,70.761612,70.693756,70.625671,70.557388,70.488899,70.420219,70.351341,70.282288,70.213058,70.143639,70.074074,70.004326,69.934410,69.864357,69.794121,69.723740,69.653206,69.582520,69.511696,69.440712,69.369606,69.298325,69.226929,69.155373,69.083672,69.011826,68.939842,68.867706,68.795410,68.722969,68.650360,68.577621,68.504692,68.431625,68.358376,68.284958,68.211357,68.137573,68.063606,67.989449,67.915077,67.840500,67.765717,67.690704,67.615463,67.539970,67.464249,67.388275,67.312027,67.235497,67.158691,67.081596,67.004181,66.926460,66.848396,66.770012,66.691254,66.612137,66.532639,66.452744,66.372452,66.291733,66.210571,66.128983,66.046906,65.964355,65.881302,65.797745,65.713646,65.629013,65.543816,65.458023,65.371651,65.284645,65.197014,65.108719,65.019753,64.930092,64.839714,64.748619,64.656746,64.564140,64.470711,64.376465,64.281403,64.185471,64.088654,63.990948,63.892319,63.792744,63.692215,63.590687,63.488152,63.384586,63.279964,63.174274,63.067478,62.959557,62.850494,62.740276,62.628864,62.516243,62.402393,62.287289,62.170906,62.053234,61.934242,61.813915,61.692223,61.569157,61.444695,61.318817,61.191509,61.062744,60.932503,60.800781,60.667549,60.532799,60.396519,60.258686,60.119293,59.978325,59.835770,59.691624,59.545864,59.398491,59.249496,59.098877,58.946617,58.792725,58.637188,58.480022,58.321205,58.160748,57.998642,57.834930,57.669575,57.502602,57.334023,57.163845,56.992073,56.818745,56.643848,56.467419,56.289478,56.110035,55.929108,55.746750,55.562958,55.377777,55.191250,55.003395,54.814251,54.623863,54.432289,54.239563,54.045765,53.850941,53.655201,53.458645,53.261406,53.063667,52.865654,52.667713,52.470264,52.273949,52.079651,51.888626,51.702694,51.524437,51.357590,51.207527,51.082027,50.992329,50.954651,50.992504,50.000000
75.000000,75.979630,75.625778,75.370735,75.183723,75.043503,74.935432,74.849419,74.778549,74.718002,74.664497,74.615730,74.570137,74.526657,74.484497,74.443161,74.402290,74.361603,74.320930,74.280167,74.239204,74.197929,74.156395,74.114471,74.072174,74.029449,73.986313,73.942711,73.898674,73.854179,73.809196,73.763748,73.717773,73.671318,73.624367,73.576920,73.528954,73.480484,73.431503,73.381981,73.331978,73.281479,73.230431,73.178886,73.126854,73.074287,73.021233,72.967690,72.913635,72.859085,72.804062,72.748573,72.692612,72.636177,72.579285,72.521942,72.464134,72.405899,72.347252,72.288155,72.228661,72.168762,72.108444,72.047752,71.986671,71.925217,71.863388,71.801216,71.738701,71.675835,71.612633,71.549118,71.485283,71.421135,71.356682,71.291954,71.226944,71.161652,71.096085,71.030266,70.964172,70.897827,70.831268,70.764458,70.697418,70.630150,70.562660,70.494972,70.427055,70.358955,70.290642,70.222130,70.153435,70.084557,70.015488,69.946213,69.876785,69.807159,69.737381,69.667397,69.597267,69.526939,69.456444,69.385780,69.314926,69.243912,69.172714,69.101334,69.029778,68.958054,68.886108,68.813995,68.741692,68.669174,68.596466,68.523552,68.450424,68.377083,68.303513,68.229721,68.155701,68.081421,68.006897,67.932114,67.857079,67.781754,67.706146,67.630264,67.554062,67.477539,67.400696,67.323524,67.245995,67.168137,67.089882,67.011253,66.932236,66.852783,66.772942,66.692642,66.611916,66.530701,66.449013,66.366829,66.284126,66.200905,66.117134,66.032799,65.947884,65.862389,65.776260,65.689499,65.602104,65.514030,65.425270,65.335785,65.245590,65.154633,65.062920,64.970406,64.877090,64.782944,64.687943,64.592064,64.495293,64.397614,64.298973,64.199371,64.098801,63.997211,63.894596,63.790920,63.686176,63.580338,63.473370,63.365253,63.255970,63.145512,63.033817,62.920891,62.806717,62.691254,62.574478,62.456387,62.336945,62.216125,62.093922,61.970295,61.845238,61.718735,61.590740,61.461266,61.330280,61.197754,61.063679,60.928043,60.790825,60.652012,60.511585,60.369530,60.225822,60.080471,59.933464,59.784775,59.634415,59.482346,59.328606,59.173145,59.015968,58.857101,58.696503,58.534206,58.370201,58.204479,58.037060,57.867947,57.697140,57.524662,57.350498,57.174683,56.997242,56.818161,56.637470,56.455193,56.271366,56.085999,55.899094,55.710735,55.520901,55.329643,55.137009,54.943024,54.747749,54.551201,54.353451,54.154549,53.954575,53.753605,53.551746,53.349094,53.145840,52.942184,52.738415,52.534908,52.332241,52.131145,51.932732,51.738579,51.550915,51.372997,51.209492,51.067165,50.955849,50.889721,50.889397,50.000000
75.000000,75.680847,75.424080,75.237961,75.100281,74.995781,74.913895,74.847511,74.791634,74.742874,74.698921,74.658173,74.619484,74.582176,74.545631,74.509537,74.473633,74.437714,74.401672,74.365402,74.328842,74.291954,74.254662,74.216980,74.178841,74.140282,74.101242,74.061707,74.021660,73.981117,73.940063,73.898499,73.856361,73.813728,73.770531,73.726761,73.682457,73.637627,73.592216,73.546219,73.499710,73.452621,73.405006,73.356812,73.308037,73.258743,73.208893,73.158508,73.107590,73.056114,73.004112,72.951622,72.898560,72.845009,72.790955,72.736412,72.681358,72.625847,72.569855,72.513390,72.456459,72.399071,72.341255,72.282997,72.224335,72.165237,72.105751,72.045853,71.985565,71.924904,71.863853,71.802460,71.740707,71.678596,71.616158,71.553375,71.490280,71.426888,71.363159,71.299149,71.234848,71.170250,71.105385,71.040230,70.974831,70.909187,70.843246,70.777084,70.710670,70.644035,70.577156,70.510040,70.442719,70.375168,70.307411,70.239410,70.171211,70.102814,70.034195,69.965385,69.896355,69.827126,69.757690,69.688049,69.618210,69.548149,69.477898,69.407440,69.336769,69.265884,69.194794,69.123466,69.051933,68.980179,68.908180,68.835968,68.763496,68.690788,68.617821,68.544601,68.471130,68.397392,68.323364,68.249054,68.174446,68.099548,68.024323,67.948792,67.872910,67.796707,67.720146,67.643219,67.565910,67.488228,67.410156,67.331650,67.252739,67.173386,67.093582,67.013298,66.932541,66.851311,66.769539,66.687256,66.604416,66.521042,66.437073,66.352516,66.267357,66.181564,66.095123,66.008026,65.920219,65.831734,65.742516,65.652557,65.561829,65.470322,65.378014,65.284866,65.190887,65.096039,65.000290,64.903633,64.806046,64.707489,64.607948,64.507423,64.405853,64.303230,64.199554,64.094780,63.988865,63.881828,63.773613,63.664207,63.553581,63.441723,63.328598,63.214191,63.098469,62.981415,62.863007,62.743214,62.622025,62.499409,62.375336,62.249805,62.122776,61.994240,61.864166,61.732548,61.599342,61.464554,61.328156,61.190132,61.050461,60.909122,60.766102,60.621399,60.474979,60.326851,60.176975,60.025379,59.872025,59.716904,59.560020,59.401360,59.240932,59.078712,58.914715,58.748932,58.581364,58.412022,58.240902,58.068005,57.893360,57.716953,57.538815,57.358929,57.177353,56.994072,56.809109,56.622498,56.434242,56.244385,56.052948,55.859947,55.665436,55.469429,55.271988,55.073116,54.872871,54.671322,54.468472,54.264416,54.059204,53.852905,53.645607,53.437393,53.228432,53.018848,52.808861,52.598782,52.388988,52.180035,51.972706,51.768124,51.567898,51.374321,51.190742,51.022026,50.875198,50.760498,50.692810,50.000000
75.000000,75.281349,75.153336,75.057922,74.984520,74.925934,74.877289,74.835312,74.797745,74.763077,74.730240,74.698578,74.667595,74.636909,74.606361,74.575752,74.544975,74.513954,74.482620,74.450920,74.418831,74.386322,74.353371,74.319908,74.285995,74.251572,74.216644,74.181183,74.145149,74.108589,74.071480,74.033791,73.995506,73.956642,73.917206,73.877174,73.836548,73.795311,73.753471,73.711029,73.668007,73.624359,73.580109,73.535248,73.489799,73.443771,73.397110,73.349884,73.302063,73.253654,73.204689,73.155136,73.105034,73.054367,73.003151,72.951385,72.899094,72.846268,72.792923,72.739067,72.684708,72.629852,72.574524,72.518707,72.462425,72.405685,72.348503,72.290886,72.232834,72.174339,72.115440,72.056160,71.996468,71.936394,71.875946,71.815117,71.753952,71.692413,71.630547,71.568329,71.505798,71.442932,71.379768,71.316292,71.252510,71.188438,71.124084,71.059464,70.994530,70.929352,70.863899,70.798195,70.732239,70.666000,70.599541,70.532829,70.465866,70.398666,70.331238,70.263557,70.195656,70.127518,70.059135,69.990540,69.921684,69.852600,69.783302,69.713753,69.643982,69.573944,69.503677,69.433182,69.362404,69.291405,69.220131,69.148605,69.076797,69.004730,68.932388,68.859756,68.786842,68.713623,68.640099,68.566284,68.492126,68.417648,68.342819,68.267647,68.192108,68.116219,68.039955,67.963287,67.886223,67.808723,67.730827,67.652481,67.573669,67.494408,67.414680,67.334427,67.253670,67.172417,67.090591,67.008224,66.925285,66.841743,66.757607,66.672859,66.587456,66.501396,66.414650,66.327202,66.239052,66.150162,66.060501,65.970078,65.878853,65.786797,65.693924,65.600182,65.505539,65.410011,65.313545,65.216125,65.117737,65.018341,64.917931,64.816483,64.713974,64.610336,64.505623,64.399750,64.292717,64.184486,64.075058,63.964371,63.852432,63.739204,63.624668,63.508793,63.391556,63.272934,63.152908,63.031448,62.908531,62.784134,62.658234,62.530807,62.401833,62.271282,62.139153,62.005394,61.870007,61.732967,61.594257,61.453850,61.311745,61.167900,61.022316,60.874973,60.725853,60.574951,60.422249,60.267731,60.111393,59.953228,59.793224,59.631367,59.467667,59.302116,59.134705,58.965435,58.794315,58.621330,58.446503,58.269836,58.091328,57.910992,57.728844,57.544895,57.359169,57.171658,56.982403,56.791412,56.598736,56.404362,56.208336,56.010696,55.811466,55.610672,55.408363,55.204567,54.999336,54.792713,54.584736,54.375450,54.164925,53.953209,53.740379,53.526485,53.311634,53.095909,52.879448,52.662376,52.444923,52.227345,52.010021,51.793446,51.578388,51.365898,51.157520,50.955509,50.763180,50.585350,50.429157,50.000000
75.000000,74.834808,74.850830,74.856415,74.854286,74.846375,74.834213,74.818840,74.801064,74.781456,74.760452,74.738342,74.715340,74.691574,74.667152,74.642136,74.616577,74.590508,74.563934,74.536827,74.509262,74.481140,74.452522,74.423355,74.393654,74.363388,74.332588,74.301186,74.269196,74.236618,74.203438,74.169640,74.135239,74.100182,74.064491,74.028183,73.991234,73.953613,73.915359,73.876457,73.836914,73.796669,73.755821,73.714325,73.672165,73.629349,73.585922,73.541832,73.497124,73.451790,73.405823,73.359253,73.312057,73.264259,73.215866,73.166893,73.117332,73.067200,73.016495,72.965256,72.913437,72.861115,72.808250,72.754860,72.700974,72.646584,72.591698,72.536316,72.480484,72.424187,72.367447,72.310242,72.252632,72.194565,72.136093,72.077232,72.017960,71.958298,71.898270,71.837852,71.777077,71.715942,71.654457,71.592636,71.530495,71.468018,71.405205,71.342094,71.278671,71.214935,71.150917,71.086601,71.021980,70.957100,70.891937,70.826477,70.760765,70.694771,70.628502,70.561981,70.495193,70.428139,70.360825,70.293236,70.225410,70.157303,70.088936,70.020317,69.951424,69.882256,69.812820,69.743118,69.673141,69.602875,69.532349,69.461517,69.390388,69.318970,69.247231,69.175209,69.102852,69.030167,68.957169,68.883827,68.810120,68.736076,68.661659,68.586861,68.511681,68.436111,68.360146,68.283752,68.206932,68.129669,68.051926,67.973755,67.895088,67.815933,67.736267,67.656075,67.575333,67.494064,67.412209,67.329758,67.246735,67.163071,67.078781,66.993835,66.908211,66.821899,66.734871,66.647110,66.558617,66.469345,66.379272,66.288406,66.196693,66.104134,66.010689,65.916367,65.821114,65.724907,65.627739,65.529602,65.430420,65.330215,65.228958,65.126602,65.023148,64.918556,64.812805,64.705894,64.597740,64.488358,64.377716,64.265800,64.152557,64.038002,63.922073,63.804756,63.686024,63.565868,63.444248,63.321136,63.196518,63.070362,62.942657,62.813354,62.682446,62.549915,62.415730,62.279877,62.142326,62.003059,61.862053,61.719296,61.574757,61.428425,61.280293,61.130322,60.978516,60.824852,60.669319,60.511906,60.352600,60.191387,60.028267,59.863228,59.696259,59.527370,59.356544,59.183796,59.009113,58.832493,58.653957,58.473488,58.291126,58.106846,57.920681,57.732651,57.542740,57.350994,57.157425,56.962048,56.764900,56.565994,56.365364,56.163040,55.959049,55.753429,55.546227,55.337467,55.127186,54.915451,54.702282,54.487724,54.271835,54.054638,53.836208,53.616543,53.395710,53.173725,52.950626,52.726383,52.501011,52.274437,52.046589,51.817318,51.586384,51.353470,51.118095,50.879585,50.637016,50.389133,50.134201,50.000000
75.000000,74.402016,74.558533,74.662544,74.729713,74.771057,74.794250,74.804726,74.806168,74.801231,74.791779,74.779007,74.763824,74.746864,74.728523,74.709068,74.688698,74.667587,74.645737,74.623283,74.600189,74.576500,74.552216,74.527344,74.501854,74.475784,74.449112,74.421791,74.393852,74.365257,74.336021,74.306145,74.275574,74.244339,74.212440,74.179840,74.146545,74.112556,74.077896,74.042511,74.006439,73.969673,73.932205,73.894035,73.855171,73.815613,73.775360,73.734444,73.692825,73.650551,73.607574,73.563950,73.519676,73.474754,73.429184,73.382988,73.336159,73.288696,73.240646,73.192001,73.142738,73.092896,73.042480,72.991524,72.940018,72.887955,72.835365,72.782249,72.728622,72.674507,72.619873,72.564766,72.509186,72.453156,72.396667,72.339729,72.282364,72.224564,72.166359,72.107719,72.048714,71.989296,71.929504,71.869324,71.808792,71.747887,71.686638,71.625038,71.563095,71.500816,71.438202,71.375275,71.312019,71.248466,71.184586,71.120407,71.055916,70.991119,70.926041,70.860664,70.794991,70.729027,70.662773,70.596214,70.529388,70.462257,70.394836,70.327126,70.259140,70.190842,70.122246,70.053337,69.984154,69.914650,69.844833,69.774712,69.704277,69.633492,69.562401,69.490959,69.419182,69.347046,69.274559,69.201721,69.128487,69.054878,68.980873,68.906471,68.831657,68.756416,68.680756,68.604645,68.528084,68.451035,68.373512,68.295509,68.216988,68.137947,68.058372,67.978256,67.897560,67.816277,67.734406,67.651924,67.568794,67.485031,67.400604,67.315483,67.229652,67.143120,67.055832,66.967789,66.878937,66.789307,66.698868,66.607567,66.515396,66.422340,66.328377,66.233467,66.137627,66.040779,65.942947,65.844078,65.744156,65.643158,65.541077,65.437843,65.333496,65.227936,65.121193,65.013229,64.903992,64.793488,64.681671,64.568535,64.454033,64.338150,64.220863,64.102135,63.981945,63.860260,63.737068,63.612335,63.486038,63.358150,63.228649,63.097507,62.964706,62.830204,62.693996,62.556053,62.416355,62.274883,62.131607,61.986507,61.839561,61.690762,61.540081,61.387520,61.233032,61.076626,60.918274,60.757973,60.595703,60.431461,60.265228,60.097004,59.926781,59.754559,59.580330,59.404083,59.225842,59.045582,58.863331,58.679066,58.492832,58.304596,58.114410,57.922256,57.728168,57.532162,57.334248,57.134468,56.932816,56.729351,56.524071,56.317032,56.108261,55.897785,55.685642,55.471889,55.256523,55.039623,54.821217,54.601345,54.380035,54.157322,53.933235,53.707775,53.480927,53.252678,53.022926,52.791527,52.558270,52.322796,52.084572,51.842808,51.596336,51.343468,51.081757,50.807655,50.516113,50.199852,49.848446,50.000000
75.000000,74.042557,74.317696,74.504707,74.630440,74.713486,74.766815,74.799408,74.817528,74.825478,74.826286,74.822006,74.814102,74.803520,74.790977,74.776894,74.761604,74.745331,74.728218,74.710304,74.691711,74.672432,74.652496,74.631912,74.610657,74.588783,74.566246,74.543030,74.519127,74.494568,74.469269,74.443291,74.416595,74.389198,74.361038,74.332161,74.302567,74.272202,74.241112,74.209267,74.176682,74.143364,74.109276,74.074455,74.038864,74.002541,73.965500,73.927696,73.889191,73.849953,73.809998,73.769325,73.727959,73.685890,73.643135,73.599709,73.555588,73.510811,73.465370,73.419312,73.372604,73.325256,73.277306,73.228745,73.179596,73.129860,73.079552,73.028702,72.977257,72.925301,72.872803,72.819763,72.766235,72.712196,72.657677,72.602661,72.547180,72.491241,72.434837,72.378006,72.320732,72.263031,72.204910,72.146378,72.087448,72.028114,71.968414,71.908333,71.847862,71.787033,71.725838,71.664276,71.602379,71.540138,71.477554,71.414627,71.351372,71.287781,71.223877,71.159637,71.095085,71.030205,70.965004,70.899490,70.833656,70.767509,70.701035,70.634247,70.567139,70.499710,70.431961,70.363884,70.295471,70.226723,70.157661,70.088234,70.018478,69.948364,69.877892,69.807060,69.735847,69.664284,69.592323,69.519974,69.447235,69.374062,69.300484,69.226479,69.152031,69.077156,69.001808,68.925995,68.849701,68.772903,68.695602,68.617767,68.539413,68.460510,68.381035,68.300995,68.220352,68.139091,68.057220,67.974701,67.891518,67.807663,67.723106,67.637840,67.551819,67.465080,67.377548,67.289223,67.200089,67.110100,67.019295,66.927597,66.834991,66.741455,66.646973,66.551544,66.455101,66.357658,66.259163,66.159607,66.058968,65.957199,65.854317,65.750252,65.644997,65.538521,65.430809,65.321815,65.211533,65.099922,64.986961,64.872620,64.756882,64.639709,64.521088,64.400963,64.279327,64.156166,64.031425,63.905098,63.777149,63.647560,63.516293,63.383327,63.248638,63.112206,62.973995,62.833992,62.692165,62.548504,62.402973,62.255554,62.106232,61.954979,61.801781,61.646618,61.489471,61.330338,61.169186,61.006004,60.840782,60.673512,60.504181,60.332787,60.159306,59.983746,59.806114,59.626396,59.444565,59.260674,59.074692,58.886631,58.696503,58.504314,58.310085,58.113811,57.915516,57.715233,57.512955,57.308723,57.102562,56.894501,56.684551,56.472771,56.259171,56.043800,55.826687,55.607876,55.387398,55.165298,54.941620,54.716389,54.489635,54.261379,54.031631,53.800385,53.567570,53.333107,53.096848,52.858517,52.617733,52.373871,52.126045,51.872925,51.612572,51.342140,51.057529,50.752811,50.419415,50.044952,49.611664,50.000000
75.000000,73.806984,74.163025,74.406860,74.572906,74.684990,74.759644,74.808266,74.838814,74.856735,74.865776,74.868584,74.866951,74.862137,74.854919,74.845901,74.835487,74.823952,74.811424,74.798058,74.783905,74.769028,74.753441,74.737137,74.720139,74.702431,74.684036,74.664940,74.645096,74.624535,74.603203,74.581146,74.558357,74.534752,74.510399,74.485245,74.459305,74.432587,74.405098,74.376778,74.347672,74.317772,74.287071,74.255585,74.223305,74.190224,74.156357,74.121712,74.086281,74.050095,74.013123,73.975426,73.936943,73.897720,73.857765,73.817093,73.775688,73.733574,73.690758,73.647270,73.603088,73.558228,73.512718,73.466583,73.419769,73.372353,73.324318,73.275681,73.226433,73.176628,73.126244,73.075287,73.023781,72.971741,72.919167,72.866066,72.812477,72.758377,72.703781,72.648705,72.593178,72.537178,72.480728,72.423843,72.366508,72.308754,72.250572,72.191986,72.132980,72.073593,72.013817,71.953644,71.893074,71.832153,71.770866,71.709198,71.647171,71.584770,71.522034,71.458939,71.395500,71.331703,71.267555,71.203072,71.138237,71.073074,71.007545,70.941681,70.875473,70.808914,70.742012,70.674744,70.607124,70.539139,70.470802,70.402100,70.333046,70.263588,70.193748,70.123528,70.052910,69.981903,69.910477,69.838631,69.766373,69.693672,69.620537,69.546944,69.472878,69.398346,69.323334,69.247818,69.171799,69.095261,69.018188,68.940559,68.862389,68.783630,68.704285,68.624336,68.543747,68.462547,68.380676,68.298141,68.214920,68.130981,68.046326,67.960922,67.874756,67.787811,67.700066,67.611488,67.522057,67.431770,67.340591,67.248505,67.155487,67.061516,66.966553,66.870605,66.773605,66.675568,66.576462,66.476234,66.374886,66.272400,66.168716,66.063828,65.957718,65.850334,65.741684,65.631714,65.520386,65.407715,65.293640,65.178131,65.061172,64.942749,64.822784,64.701317,64.578278,64.453644,64.327385,64.199493,64.069916,63.938629,63.805630,63.670868,63.534325,63.395973,63.255795,63.113747,62.969822,62.823986,62.676235,62.526516,62.374832,62.221142,62.065437,61.907707,61.747921,61.586063,61.422112,61.256073,61.087921,60.917629,60.745205,60.570637,60.393917,60.215038,60.033989,59.850773,59.665394,59.477840,59.288132,59.096256,58.902248,58.706074,58.507790,58.307377,58.104870,57.900272,57.693619,57.484921,57.274223,57.061535,56.846886,56.630318,56.411858,56.191547,55.969421,55.745533,55.519894,55.292568,55.063576,54.832954,54.600739,54.366936,54.131550,53.894535,53.655846,53.415337,53.172806,52.927925,52.680199,52.428841,52.172714,51.910141,51.638660,51.354683,51.053005,50.726048,50.362869,49.947643,49.457497,50.000000
75.000000,73.729622,74.118073,74.385071,74.568146,74.693115,74.777908,74.834854,74.872459,74.896629,74.911400,74.919548,74.922997,74.923058,74.920639,74.916298,74.910507,74.903488,74.895493,74.886581,74.876839,74.866325,74.855057,74.843056,74.830284,74.816818,74.802559,74.787575,74.771805,74.755257,74.737930,74.719780,74.700851,74.681107,74.660507,74.639107,74.616859,74.593773,74.569855,74.545082,74.519463,74.492989,74.465691,74.437523,74.408508,74.378685,74.348000,74.316490,74.284157,74.251007,74.217026,74.182236,74.146660,74.110275,74.073112,74.035194,73.996498,73.957047,73.916840,73.875900,73.834244,73.791862,73.748795,73.705032,73.660576,73.615448,73.569672,73.523262,73.476204,73.428520,73.380234,73.331345,73.281853,73.231789,73.181175,73.129990,73.078255,73.025986,72.973206,72.919891,72.866096,72.811783,72.756981,72.701729,72.645988,72.589783,72.533142,72.476044,72.418510,72.360565,72.302185,72.243378,72.184166,72.124542,72.064537,72.004112,71.943298,71.882118,71.820549,71.758583,71.696259,71.633537,71.570457,71.507011,71.443176,71.378983,71.314407,71.249458,71.184143,71.118462,71.052399,70.985962,70.919128,70.851929,70.784332,70.716331,70.647972,70.579193,70.509995,70.440384,70.370377,70.299911,70.229042,70.157722,70.085953,70.013718,69.941032,69.867859,69.794189,69.720024,69.645355,69.570168,69.494438,69.418159,69.341324,69.263931,69.185936,69.107338,69.028137,68.948296,68.867790,68.786644,68.704803,68.622269,68.539024,68.455040,68.370285,68.284767,68.198463,68.111343,68.023407,67.934593,67.844894,67.754318,67.662811,67.570381,67.476952,67.382561,67.287140,67.190681,67.093170,66.994568,66.894836,66.793991,66.691986,66.588753,66.484337,66.378654,66.271698,66.163452,66.053871,65.942955,65.830620,65.716888,65.601715,65.485077,65.366936,65.247269,65.126030,65.003220,64.878815,64.752731,64.624977,64.495544,64.364380,64.231438,64.096733,63.960194,63.821819,63.681580,63.539448,63.395390,63.249378,63.101414,62.951435,62.799450,62.645416,62.489319,62.331135,62.170845,62.008434,61.843872,61.677151,61.508259,61.337173,61.163876,60.988369,60.810650,60.630684,60.448475,60.264027,60.077328,59.888378,59.697182,59.503731,59.308048,59.110130,58.909977,58.707615,58.503052,58.296291,58.087379,57.876320,57.663147,57.447861,57.230518,57.011127,56.789745,56.566402,56.341118,56.113945,55.884926,55.654091,55.421494,55.187153,54.951126,54.713432,54.474075,54.233059,53.990364,53.745911,53.499561,53.251095,53.000168,52.746235,52.488487,52.225700,51.956081,51.676979,51.384560,51.073181,50.734695,50.357243,49.923603,49.408901,50.000000
75.000000,73.823936,74.191803,74.445389,74.620155,74.740540,74.823395,74.880302,74.919273,74.945724,74.963486,74.975105,74.982361,74.986435,74.988174,74.988136,74.986687,74.984070,74.980438,74.975899,74.970528,74.964371,74.957420,74.949707,74.941200,74.931931,74.921852,74.910973,74.899292,74.886780,74.873428,74.859215,74.844185,74.828255,74.811455,74.793793,74.775253,74.755814,74.735466,74.714226,74.692108,74.669067,74.645119,74.620300,74.594582,74.567978,74.540482,74.512100,74.482834,74.452721,74.421715,74.389870,74.357170,74.323608,74.289253,74.254066,74.218063,74.181244,74.143639,74.105270,74.066116,74.026207,73.985535,73.944153,73.902039,73.859207,73.815689,73.771477,73.726601,73.681038,73.634827,73.587990,73.540512,73.492424,73.443733,73.394440,73.344566,73.294136,73.243134,73.191589,73.139496,73.086876,73.033722,72.980080,72.925941,72.871292,72.816154,72.760551,72.704475,72.647949,72.590950,72.533516,72.475655,72.417336,72.358597,72.299438,72.239853,72.179848,72.119431,72.058617,71.997398,71.935745,71.873734,71.811302,71.748466,71.685249,71.621635,71.557610,71.493202,71.428383,71.363152,71.297539,71.231522,71.165077,71.098244,71.030975,70.963295,70.895180,70.826645,70.757668,70.688255,70.618378,70.548058,70.477264,70.405991,70.334244,70.262001,70.189255,70.115997,70.042221,69.967911,69.893036,69.817612,69.741623,69.665047,69.587868,69.510078,69.431664,69.352608,69.272896,69.192497,69.111420,69.029625,68.947128,68.863846,68.779831,68.695023,68.609413,68.522980,68.435707,68.347572,68.258560,68.168625,68.077774,67.985977,67.893181,67.799416,67.704605,67.608749,67.511833,67.413811,67.314674,67.214386,67.112923,67.010246,66.906342,66.801186,66.694740,66.586990,66.477882,66.367424,66.255562,66.142258,66.027512,65.911285,65.793526,65.674225,65.553345,65.430878,65.306755,65.180969,65.053482,64.924294,64.793327,64.660583,64.526031,64.389626,64.251366,64.111176,63.969078,63.825016,63.678970,63.530922,63.380829,63.228668,63.074432,62.918072,62.759583,62.598938,62.436108,62.271088,62.103848,61.934368,61.762634,61.588634,61.412354,61.233768,61.052891,60.869690,60.684166,60.496315,60.306129,60.113617,59.918758,59.721581,59.522064,59.320229,59.116089,58.909645,58.700901,58.489899,58.276634,58.061142,57.843449,57.623566,57.401535,57.177383,56.951149,56.722870,56.492577,56.260319,56.026131,55.790062,55.552135,55.312439,55.070961,54.827766,54.582870,54.336258,54.087944,53.837849,53.585865,53.331814,53.075363,52.816032,52.553078,52.285389,52.011292,51.728352,51.432968,51.119888,50.781452,50.406509,49.978821,49.474785,50.000000
75.000000,74.080200,74.377228,74.582718,74.725304,74.824638,74.894241,74.943321,74.978241,75.003342,75.021553,75.034927,75.044800,75.052109,75.057503,75.061401,75.064041,75.065628,75.066284,75.066063,75.065048,75.063210,75.060585,75.057137,75.052895,75.047829,75.041939,75.035194,75.027603,75.019135,75.009766,74.999527,74.988373,74.976311,74.963310,74.949379,74.934540,74.918709,74.901978,74.884270,74.865639,74.846039,74.825493,74.803986,74.781540,74.758163,74.733849,74.708572,74.682381,74.655281,74.627266,74.598343,74.568512,74.537796,74.506210,74.473747,74.440414,74.406242,74.371223,74.335388,74.298729,74.261292,74.223030,74.184006,74.144218,74.103683,74.062378,74.020363,73.977638,73.934196,73.890076,73.845261,73.799805,73.753662,73.706894,73.659492,73.611465,73.562843,73.513611,73.463806,73.413429,73.362488,73.310982,73.258942,73.206360,73.153267,73.099648,73.045525,72.990906,72.935783,72.880173,72.824112,72.767570,72.710556,72.653091,72.595154,72.536804,72.477982,72.418732,72.359039,72.298927,72.238373,72.177399,72.116005,72.054176,71.991928,71.929260,71.866173,71.802643,71.738701,71.674339,71.609550,71.544319,71.478661,71.412567,71.346024,71.279053,71.211624,71.143738,71.075394,71.006584,70.937294,70.867523,70.797272,70.726509,70.655243,70.583473,70.511162,70.438316,70.364944,70.290985,70.216461,70.141373,70.065666,69.989365,69.912430,69.834854,69.756638,69.677742,69.598183,69.517899,69.436920,69.355179,69.272697,69.189445,69.105408,69.020561,68.934875,68.848343,68.760948,68.672653,68.583435,68.493286,68.402191,68.310112,68.217010,68.122887,68.027710,67.931442,67.834084,67.735580,67.635925,67.535080,67.433029,67.329742,67.225174,67.119316,67.012138,66.903610,66.793686,66.682365,66.569603,66.455368,66.339622,66.222359,66.103531,65.983093,65.861038,65.737343,65.611938,65.484818,65.355980,65.225342,65.092896,64.958618,64.822472,64.684418,64.544426,64.402473,64.258530,64.112572,63.964573,63.814491,63.662300,63.507988,63.351521,63.192863,63.032001,62.868916,62.703571,62.535957,62.366055,62.193829,62.019279,61.842384,61.663109,61.481476,61.297447,61.111015,60.922192,60.730942,60.537270,60.341187,60.142685,59.941750,59.738415,59.532646,59.324501,59.113953,58.901031,58.685745,58.468124,58.248177,58.025932,57.801422,57.574684,57.345730,57.114594,56.881348,56.646004,56.408592,56.169205,55.927856,55.684589,55.439465,55.192524,54.943802,54.693344,54.441174,54.187283,53.931667,53.674244,53.414894,53.153397,52.889393,52.622326,52.351345,52.075165,51.791885,51.498672,51.191383,50.863926,50.507339,50.108627,49.648727,50.000000
75.000000,74.466644,74.652092,74.781487,74.872673,74.937798,74.985100,75.020172,75.046852,75.067680,75.084412,75.098167,75.109764,75.119705,75.128319,75.135849,75.142433,75.148117,75.153008,75.157082,75.160362,75.162834,75.164513,75.165375,75.165390,75.164558,75.162849,75.160263,75.156761,75.152351,75.147018,75.140717,75.133484,75.125259,75.116066,75.105904,75.094742,75.082603,75.069427,75.055267,75.040123,75.023933,75.006783,74.988594,74.969452,74.949287,74.928146,74.905998,74.882866,74.858780,74.833740,74.807716,74.780762,74.752853,74.724037,74.694298,74.663635,74.632072,74.599648,74.566353,74.532158,74.497162,74.461304,74.424644,74.387161,74.348869,74.309807,74.269981,74.229393,74.188049,74.145996,74.103210,74.059723,74.015541,73.970673,73.925156,73.878975,73.832161,73.784706,73.736618,73.687943,73.638649,73.588776,73.538345,73.487328,73.435768,73.383644,73.330994,73.277809,73.224113,73.169899,73.115173,73.059944,73.004227,72.948036,72.891342,72.834190,72.776558,72.718468,72.659904,72.600891,72.541428,72.481506,72.421127,72.360298,72.299019,72.237305,72.175133,72.112518,72.049461,71.985947,71.921982,71.857544,71.792664,71.727341,71.661537,71.595261,71.528526,71.461304,71.393593,71.325386,71.256683,71.187500,71.117775,71.047546,70.976768,70.905472,70.833618,70.761200,70.688210,70.614655,70.540489,70.465714,70.390327,70.314301,70.237625,70.160294,70.082283,70.003578,69.924156,69.844025,69.763130,69.681488,69.599060,69.515846,69.431801,69.346931,69.261192,69.174576,69.087082,68.998642,68.909264,68.818924,68.727592,68.635254,68.541862,68.447426,68.351883,68.255234,68.157463,68.058502,67.958382,67.856995,67.754395,67.650505,67.545311,67.438797,67.330894,67.221626,67.110916,66.998764,66.885109,66.769958,66.653267,66.534996,66.415108,66.293579,66.170380,66.045494,65.918861,65.790459,65.660255,65.528221,65.394318,65.258537,65.120804,64.981117,64.839447,64.695763,64.550003,64.402184,64.252235,64.100159,63.945915,63.789463,63.630787,63.469860,63.306652,63.141144,62.973309,62.803135,62.630569,62.455627,62.278275,62.098484,61.916252,61.731564,61.544407,61.354759,61.162624,60.967987,60.770840,60.571178,60.369019,60.164349,59.957157,59.747471,59.535305,59.320644,59.103516,58.883938,58.661926,58.437504,58.210697,57.981529,57.750031,57.516243,57.280197,57.041916,56.801487,56.558910,56.314255,56.067570,55.818909,55.568310,55.315861,55.061584,54.805542,54.547791,54.288364,54.027264,53.764530,53.500095,53.233902,52.965767,52.695415,52.422394,52.146000,51.865120,51.578140,51.282597,50.974808,50.649342,50.298195,49.909538,50.000000
75.000000,74.933380,74.981651,75.017525,75.045479,75.068359,75.087875,75.105263,75.121193,75.136063,75.150116,75.163536,75.176331,75.188560,75.200211,75.211258,75.221672,75.231445,75.240509,75.248856,75.256454,75.263275,75.269287,75.274452,75.278732,75.282158,75.284660,75.286240,75.286858,75.286530,75.285187,75.282867,75.279564,75.275192,75.269829,75.263405,75.255951,75.247459,75.237892,75.227264,75.215607,75.202873,75.189095,75.174240,75.158340,75.141411,75.123428,75.104385,75.084328,75.063271,75.041161,75.018044,74.993942,74.968842,74.942780,74.915733,74.887749,74.858803,74.828941,74.798149,74.766457,74.733864,74.700401,74.666069,74.630890,74.594849,74.558006,74.520332,74.481895,74.442650,74.402626,74.361870,74.320343,74.278107,74.235138,74.191483,74.147125,74.102089,74.056374,74.010033,73.963020,73.915398,73.867142,73.818291,73.768852,73.718796,73.668182,73.616989,73.565247,73.512947,73.460106,73.406738,73.352821,73.298393,73.243454,73.188011,73.132065,73.075615,73.018654,72.961235,72.903313,72.844925,72.786049,72.726707,72.666870,72.606567,72.545799,72.484566,72.422844,72.360649,72.297997,72.234863,72.171234,72.107147,72.042557,71.977509,71.911949,71.845894,71.779343,71.712265,71.644684,71.576599,71.507973,71.438812,71.369118,71.298843,71.228035,71.156639,71.084656,71.012085,70.938904,70.865120,70.790680,70.715607,70.639877,70.563477,70.486404,70.408615,70.330093,70.250870,70.170876,70.090111,70.008575,69.926231,69.843040,69.759033,69.674149,69.588387,69.501709,69.414108,69.325562,69.236046,69.145531,69.053993,68.961411,68.867775,68.773048,68.677177,68.580170,68.482002,68.382622,68.282028,68.180161,68.077026,67.972580,67.866783,67.759613,67.651039,67.541046,67.429588,67.316635,67.202156,67.086113,66.968491,66.849243,66.728333,66.605743,66.481453,66.355385,66.227539,66.097870,65.966354,65.832954,65.697632,65.560356,65.421112,65.279823,65.136497,64.991096,64.843575,64.693901,64.542061,64.388000,64.231720,64.073158,63.912308,63.749138,63.583607,63.415703,63.245396,63.072666,62.897476,62.719837,62.539688,62.357037,62.171860,61.984123,61.793846,61.600994,61.405560,61.207535,61.006912,60.803692,60.597870,60.389454,60.178410,59.964790,59.748592,59.529804,59.308460,59.084568,58.858143,58.629223,58.397800,58.163956,57.927673,57.689007,57.447990,57.204670,56.959080,56.711281,56.461327,56.209267,55.955139,55.699043,55.441010,55.181129,54.919460,54.656082,54.391083,54.124519,53.856495,53.587055,53.316330,53.044327,52.771137,52.496769,52.221195,51.944344,51.665985,51.385750,51.102924,50.816414,50.524364,50.223923,50.000000
75.000000,75.418739,75.323189,75.261284,75.223221,75.202065,75.192757,75.191765,75.196526,75.205193,75.216507,75.229500,75.243500,75.258003,75.272697,75.287277,75.301582,75.315453,75.328735,75.341400,75.353355,75.364525,75.374893,75.384377,75.392990,75.400688,75.407417,75.413170,75.417923,75.421669,75.424385,75.426033,75.426651,75.426170,75.424629,75.421967,75.418213,75.413376,75.407402,75.400337,75.392151,75.382851,75.372437,75.360916,75.348297,75.334557,75.319725,75.303802,75.286819,75.268738,75.249580,75.229370,75.208122,75.185822,75.162498,75.138153,75.112801,75.086456,75.059151,75.030869,75.001640,74.971458,74.940376,74.908363,74.875465,74.841667,74.807014,74.771515,74.735168,74.697990,74.660027,74.621246,74.581680,74.541367,74.500290,74.458481,74.415932,74.372681,74.328728,74.284081,74.238762,74.192764,74.146133,74.098854,74.050949,74.002419,73.953293,73.903557,73.853226,73.802322,73.750854,73.698814,73.646217,73.593071,73.539391,73.485161,73.430412,73.375145,73.319359,73.263039,73.206223,73.148895,73.091072,73.032738,72.973915,72.914597,72.854774,72.794456,72.733635,72.672325,72.610527,72.548218,72.485413,72.422104,72.358284,72.293961,72.229111,72.163757,72.097885,72.031471,71.964508,71.897026,71.828987,71.760391,71.691216,71.621475,71.551140,71.480225,71.408684,71.336555,71.263771,71.190369,71.116302,71.041550,70.966141,70.890022,70.813210,70.735657,70.657364,70.578323,70.498512,70.417885,70.336456,70.254204,70.171104,70.087120,70.002258,69.916481,69.829773,69.742111,69.653473,69.563828,69.473160,69.381439,69.288666,69.194786,69.099777,69.003616,68.906288,68.807747,68.707977,68.606934,68.504631,68.400978,68.295982,68.189606,68.081841,67.972626,67.861946,67.749748,67.636024,67.520737,67.403847,67.285316,67.165146,67.043251,66.919640,66.794250,66.667061,66.538033,66.407143,66.274330,66.139603,66.002884,65.864174,65.723404,65.580566,65.435623,65.288544,65.139282,64.987793,64.834076,64.678093,64.519791,64.359161,64.196159,64.030754,63.862942,63.692669,63.519913,63.344662,63.166870,62.986542,62.803623,62.618114,62.430004,62.239250,62.045853,61.849812,61.651081,61.449677,61.245590,61.038795,60.829315,60.617142,60.402267,60.184700,59.964451,59.741524,59.515949,59.287716,59.056870,58.823414,58.587387,58.348797,58.107700,57.864117,57.618095,57.369678,57.118912,56.865841,56.610512,56.353004,56.093365,55.831676,55.568016,55.302448,55.035088,54.766014,54.495350,54.223244,53.949852,53.675343,53.400009,53.124084,52.848015,52.572323,52.297676,52.025036,51.755692,51.491402,51.234653,50.988831,50.758682,50.550808,50.000000
75.000000,75.857666,75.631706,75.481598,75.384438,75.324150,75.289505,75.272636,75.268021,75.271774,75.281250,75.294479,75.310143,75.327293,75.345284,75.363617,75.381927,75.399994,75.417595,75.434662,75.451012,75.466591,75.481346,75.495216,75.508156,75.520149,75.531120,75.541084,75.550011,75.557869,75.564621,75.570267,75.574791,75.578217,75.580482,75.581627,75.581596,75.580391,75.578026,75.574516,75.569801,75.563942,75.556900,75.548714,75.539345,75.528824,75.517151,75.504341,75.490364,75.475273,75.459061,75.441727,75.423332,75.403801,75.383217,75.361549,75.338852,75.315094,75.290321,75.264526,75.237740,75.209969,75.181236,75.151535,75.120903,75.089340,75.056885,75.023521,74.989273,74.954155,74.918205,74.881416,74.843811,74.805397,74.766197,74.726204,74.685471,74.643974,74.601761,74.558807,74.515152,74.470795,74.425743,74.380043,74.333664,74.286644,74.238991,74.190697,74.141785,74.092278,74.042160,73.991463,73.940147,73.888298,73.835861,73.782852,73.729301,73.675194,73.620544,73.565353,73.509636,73.453384,73.396591,73.339287,73.281448,73.223099,73.164223,73.104836,73.044930,72.984497,72.923553,72.862083,72.800087,72.737556,72.674507,72.610931,72.546814,72.482170,72.416946,72.351196,72.284882,72.217995,72.150558,72.082527,72.013901,71.944687,71.874870,71.804420,71.733345,71.661652,71.589287,71.516266,71.442566,71.368187,71.293083,71.217270,71.140732,71.063446,70.985397,70.906555,70.826920,70.746475,70.665176,70.583031,70.500015,70.416107,70.331268,70.245506,70.158783,70.071083,69.982361,69.892639,69.801842,69.709984,69.617012,69.522911,69.427650,69.331223,69.233597,69.134712,69.034576,68.933151,68.830391,68.726265,68.620781,68.513863,68.405518,68.295685,68.184341,68.071457,67.956993,67.840927,67.723221,67.603828,67.482742,67.359901,67.235291,67.108849,66.980568,66.850395,66.718307,66.584267,66.448227,66.310158,66.170021,66.027802,65.883430,65.736908,65.588165,65.437195,65.283928,65.128372,64.970482,64.810204,64.647530,64.482407,64.314812,64.144737,63.972103,63.796928,63.619175,63.438812,63.255810,63.070148,62.881802,62.690773,62.497017,62.300537,62.101295,61.899281,61.694508,61.486950,61.276611,61.063457,60.847530,60.628807,60.407288,60.182991,59.955914,59.726089,59.493500,59.258205,59.020187,58.779503,58.536160,58.290207,58.041687,57.790619,57.537048,57.281036,57.022625,56.761887,56.498871,56.233650,55.966305,55.696915,55.425591,55.152409,54.877525,54.601082,54.323265,54.044315,53.764503,53.484234,53.204025,52.924568,52.646851,52.372204,52.102512,51.840424,51.589703,51.355659,51.145882,50.971149,50.846832,50.000000
75.000000,76.190277,75.865974,75.650139,75.509552,75.421158,75.368858,75.341492,75.331291,75.332817,75.342278,75.357063,75.375351,75.395828,75.417580,75.439957,75.462547,75.484993,75.507065,75.528587,75.549438,75.569481,75.588707,75.606972,75.624290,75.640602,75.655884,75.670052,75.683167,75.695122,75.705948,75.715622,75.724106,75.731422,75.737526,75.742424,75.746109,75.748581,75.749809,75.749832,75.748642,75.746193,75.742538,75.737648,75.731552,75.724228,75.715706,75.705963,75.695045,75.682945,75.669670,75.655220,75.639618,75.622871,75.605019,75.586021,75.565926,75.544754,75.522507,75.499191,75.474838,75.449455,75.423058,75.395653,75.367264,75.337936,75.307640,75.276398,75.244240,75.211182,75.177231,75.142410,75.106743,75.070221,75.032867,74.994705,74.955757,74.916023,74.875504,74.834244,74.792236,74.749512,74.706055,74.661896,74.617058,74.571518,74.525314,74.478470,74.430969,74.382828,74.334076,74.284660,74.234657,74.184067,74.132881,74.081093,74.028725,73.975792,73.922295,73.868217,73.813583,73.758385,73.702644,73.646355,73.589523,73.532135,73.474197,73.415741,73.356750,73.297195,73.237106,73.176476,73.115288,73.053581,72.991280,72.928452,72.865044,72.801094,72.736580,72.671486,72.605812,72.539558,72.472702,72.405258,72.337189,72.268501,72.199196,72.129242,72.058647,71.987396,71.915451,71.842842,71.769547,71.695511,71.620758,71.545265,71.469025,71.391998,71.314201,71.235596,71.156166,71.075890,70.994759,70.912743,70.829849,70.746010,70.661224,70.575508,70.488785,70.401062,70.312302,70.222496,70.131607,70.039604,69.946480,69.852203,69.756721,69.660057,69.562141,69.462952,69.362457,69.260658,69.157501,69.052948,68.946976,68.839561,68.730659,68.620239,68.508263,68.394730,68.279556,68.162758,68.044258,67.924049,67.802086,67.678329,67.552742,67.425301,67.295959,67.164680,67.031425,66.896179,66.758881,66.619476,66.477989,66.334320,66.188461,66.040375,65.890015,65.737381,65.582390,65.425011,65.265244,65.103012,64.938309,64.771111,64.601372,64.429024,64.254105,64.076546,63.896297,63.713379,63.527740,63.339352,63.148205,62.954269,62.757523,62.557949,62.355537,62.150272,61.942127,61.731113,61.517200,61.300411,61.080715,60.858131,60.632652,60.404285,60.173054,59.938961,59.702003,59.462234,59.219643,58.974266,58.726158,58.475307,58.221779,57.965618,57.706867,57.445545,57.181755,56.915535,56.646935,56.376053,56.102974,55.827766,55.550552,55.271450,54.990604,54.708195,54.424446,54.139622,53.854137,53.568447,53.283241,52.999462,52.718403,52.441910,52.172565,51.914055,51.671665,51.452934,51.268639,51.134270,51.072044,50.000000
75.000000,76.370125,75.994133,75.745018,75.583641,75.482841,75.423866,75.393616,75.383102,75.386078,75.398140,75.416290,75.438431,75.463089,75.489235,75.516159,75.543320,75.570404,75.597084,75.623222,75.648636,75.673264,75.696960,75.719711,75.741440,75.762100,75.781693,75.800133,75.817421,75.833527,75.848450,75.862137,75.874580,75.885811,75.895767,75.904449,75.911850,75.917992,75.922844,75.926407,75.928688,75.929680,75.929405,75.927811,75.924973,75.920853,75.915466,75.908813,75.900917,75.891792,75.881424,75.869843,75.857048,75.843086,75.827911,75.811600,75.794113,75.775482,75.755745,75.734909,75.712959,75.689957,75.665871,75.640770,75.614632,75.587479,75.559326,75.530197,75.500122,75.469093,75.437119,75.404251,75.370499,75.335861,75.300362,75.264015,75.226807,75.188820,75.150017,75.110420,75.070045,75.028923,74.987045,74.944435,74.901100,74.857063,74.812317,74.766884,74.720787,74.674011,74.626579,74.578499,74.529808,74.480453,74.430496,74.379921,74.328743,74.276955,74.224586,74.171623,74.118080,74.063942,74.009247,73.953972,73.898132,73.841713,73.784737,73.727203,73.669090,73.610428,73.551193,73.491394,73.431030,73.370102,73.308594,73.246513,73.183853,73.120605,73.056778,72.992371,72.927338,72.861710,72.795464,72.728592,72.661087,72.592949,72.524162,72.454727,72.384605,72.313812,72.242317,72.170120,72.097206,72.023567,71.949165,71.874001,71.798080,71.721344,71.643814,71.565437,71.486229,71.406166,71.325211,71.243355,71.160568,71.076836,70.992149,70.906471,70.819786,70.732071,70.643280,70.553436,70.462456,70.370369,70.277107,70.182663,70.087013,69.990120,69.891937,69.792496,69.691704,69.589539,69.485992,69.381042,69.274628,69.166725,69.057320,68.946350,68.833794,68.719620,68.603790,68.486259,68.367027,68.246033,68.123215,67.998573,67.872070,67.743652,67.613281,67.480942,67.346565,67.210129,67.071594,66.930931,66.788094,66.643044,66.495728,66.346123,66.194191,66.039902,65.883202,65.724068,65.562454,65.398323,65.231628,65.062370,64.890488,64.715965,64.538742,64.358795,64.176125,63.990669,63.802414,63.611328,63.417381,63.220573,63.020851,62.818214,62.612640,62.404118,62.192619,61.978146,61.760693,61.540245,61.316795,61.090343,60.860909,60.628494,60.393066,60.154694,59.913345,59.669071,59.421883,59.171791,58.918850,58.663078,58.404533,58.143219,57.879215,57.612560,57.343311,57.071541,56.797302,56.520676,56.241749,55.960640,55.677418,55.392239,55.105263,54.816669,54.526695,54.235668,53.943989,53.652210,53.361107,53.071716,52.785530,52.504631,52.232018,51.971939,51.730522,51.516518,51.342564,51.226822,51.195496,50.000000
75.000000,76.370705,75.998260,75.754158,75.598480,75.503662,75.450714,75.426460,75.421776,75.430428,75.448067,75.471634,75.499046,75.528915,75.560165,75.592110,75.624222,75.656174,75.687675,75.718559,75.748665,75.777901,75.806198,75.833458,75.859650,75.884735,75.908623,75.931366,75.952881,75.973145,75.992149,76.009888,76.026321,76.041443,76.055252,76.067749,76.078880,76.088692,76.097153,76.104271,76.110046,76.114449,76.117538,76.119255,76.119675,76.118752,76.116486,76.112907,76.108017,76.101860,76.094406,76.085663,76.075699,76.064461,76.051987,76.038315,76.023438,76.007347,75.990112,75.971695,75.952164,75.931519,75.909752,75.886902,75.862968,75.837997,75.811981,75.784966,75.756935,75.727928,75.697945,75.667007,75.635155,75.602379,75.568695,75.534134,75.498711,75.462433,75.425308,75.387375,75.348640,75.309090,75.268784,75.227707,75.185860,75.143288,75.099998,75.055977,75.011261,74.965836,74.919746,74.872971,74.825539,74.777458,74.728729,74.679352,74.629349,74.578720,74.527473,74.475616,74.423149,74.370071,74.316422,74.262146,74.207306,74.151848,74.095833,74.039207,73.982010,73.924225,73.865860,73.806900,73.747360,73.687218,73.626488,73.565163,73.503235,73.440704,73.377586,73.313828,73.249458,73.184464,73.118828,73.052559,72.985641,72.918053,72.849800,72.780876,72.711250,72.640923,72.569893,72.498123,72.425621,72.352356,72.278343,72.203529,72.127914,72.051506,71.974251,71.896156,71.817177,71.737328,71.656555,71.574883,71.492241,71.408638,71.324059,71.238457,71.151817,71.064140,70.975349,70.885475,70.794464,70.702293,70.608925,70.514359,70.418541,70.321449,70.223061,70.123344,70.022270,69.919815,69.815933,69.710602,69.603775,69.495422,69.385513,69.274040,69.160927,69.046165,68.929703,68.811508,68.691559,68.569801,68.446182,68.320717,68.193314,68.063965,67.932610,67.799225,67.663765,67.526192,67.386475,67.244576,67.100426,66.954002,66.805275,66.654205,66.500717,66.344833,66.186462,66.025574,65.862167,65.696167,65.527527,65.356247,65.182259,65.005547,64.826073,64.643822,64.458725,64.270767,64.079910,63.886154,63.689445,63.489769,63.287102,63.081421,62.872692,62.660934,62.446098,62.228184,62.007183,61.783077,61.555874,61.325569,61.092159,60.855656,60.616055,60.373371,60.127621,59.878830,59.627010,59.372181,59.114384,58.853645,58.590019,58.323517,58.054222,57.782166,57.507408,57.230019,56.950054,56.667599,56.382744,56.095592,55.806255,55.514847,55.221531,54.926510,54.630016,54.332363,54.033966,53.735359,53.437317,53.140854,52.847488,52.559284,52.279240,52.011612,51.762569,51.540966,51.359577,51.236874,51.199532,50.000000
75.000000,76.189445,75.876976,75.676857,75.553818,75.483627,75.449585,75.440155,75.447456,75.466057,75.492165,75.523201,75.557358,75.593399,75.630447,75.667892,75.705299,75.742393,75.778885,75.814667,75.849579,75.883537,75.916451,75.948296,75.979004,76.008499,76.036774,76.063797,76.089554,76.114021,76.137154,76.158936,76.179367,76.198418,76.216087,76.232384,76.247246,76.260727,76.272812,76.283478,76.292732,76.300575,76.307007,76.312050,76.315689,76.317947,76.318817,76.318306,76.316437,76.313210,76.308655,76.302780,76.295570,76.287064,76.277290,76.266228,76.253937,76.240364,76.225616,76.209641,76.192505,76.174164,76.154709,76.134102,76.112373,76.089561,76.065674,76.040710,76.014732,75.987717,75.959686,75.930687,75.900703,75.869781,75.837906,75.805122,75.771446,75.736877,75.701431,75.665131,75.627998,75.590042,75.551270,75.511711,75.471367,75.430252,75.388390,75.345772,75.302429,75.258362,75.213585,75.168114,75.121948,75.075111,75.027596,74.979416,74.930573,74.881088,74.830971,74.780220,74.728836,74.676819,74.624176,74.570923,74.517067,74.462593,74.407509,74.351814,74.295509,74.238602,74.181107,74.122986,74.064255,74.004921,73.944984,73.884415,73.823227,73.761414,73.698982,73.635925,73.572212,73.507866,73.442841,73.377174,73.310844,73.243820,73.176109,73.107704,73.038597,72.968758,72.898186,72.826859,72.754776,72.681931,72.608292,72.533844,72.458588,72.382492,72.305534,72.227722,72.149010,72.069389,71.988846,71.907349,71.824898,71.741440,71.656967,71.571472,71.484917,71.397285,71.308525,71.218651,71.127609,71.035393,70.941948,70.847282,70.751320,70.654076,70.555504,70.455574,70.354248,70.251518,70.147316,70.041626,69.934433,69.825668,69.715324,69.603355,69.489716,69.374397,69.257339,69.138519,69.017891,68.895416,68.771042,68.644737,68.516502,68.386253,68.253952,68.119576,67.983078,67.844414,67.703545,67.560425,67.415024,67.267288,67.117188,66.964661,66.809692,66.652229,66.492226,66.329643,66.164459,65.996628,65.826080,65.652817,65.476784,65.297913,65.116219,64.931648,64.744179,64.553741,64.360329,64.163925,63.964474,63.761963,63.556362,63.347664,63.135807,62.920815,62.702644,62.481304,62.256756,62.029018,61.798058,61.563889,61.326511,61.085915,60.842113,60.595119,60.344948,60.091614,59.835133,59.575531,59.312855,59.047119,58.778366,58.506645,58.231998,57.954468,57.674133,57.391048,57.105289,56.816925,56.526047,56.232750,55.937145,55.639351,55.339527,55.037849,54.734528,54.429848,54.124184,53.818001,53.511974,53.207024,52.904423,52.605995,52.314335,52.033161,51.767841,51.526123,51.319256,51.163479,51.082424,50.000000
75.000000,75.848358,75.645912,75.524254,75.457581,75.428322,75.424370,75.437538,75.462128,75.494347,75.531487,75.571739,75.613838,75.656914,75.700348,75.743759,75.786758,75.829178,75.870842,75.911629,75.951447,75.990196,76.027802,76.064255,76.099495,76.133461,76.166168,76.197540,76.227554,76.256210,76.283455,76.309319,76.333778,76.356766,76.378311,76.398407,76.417038,76.434189,76.449875,76.464088,76.476837,76.488091,76.497894,76.506226,76.513107,76.518547,76.522514,76.525070,76.526199,76.525917,76.524239,76.521172,76.516754,76.510963,76.503853,76.495399,76.485657,76.474625,76.462326,76.448769,76.433983,76.417976,76.400787,76.382416,76.362885,76.342201,76.320412,76.297523,76.273560,76.248505,76.222443,76.195328,76.167229,76.138115,76.108047,76.077011,76.045067,76.012184,75.978401,75.943733,75.908188,75.871803,75.834572,75.796516,75.757645,75.717972,75.677513,75.636299,75.594315,75.551598,75.508133,75.463943,75.419037,75.373428,75.327118,75.280136,75.232460,75.184120,75.135117,75.085457,75.035126,74.984184,74.932564,74.880310,74.827438,74.773926,74.719788,74.665016,74.609619,74.553589,74.496941,74.439667,74.381783,74.323242,74.264084,74.204277,74.143837,74.082756,74.021019,73.958664,73.895607,73.831902,73.767525,73.702461,73.636726,73.570274,73.503128,73.435249,73.366646,73.297310,73.227219,73.156357,73.084724,73.012291,72.939041,72.864983,72.790085,72.714325,72.637695,72.560188,72.481743,72.402382,72.322075,72.240799,72.158524,72.075241,71.990936,71.905563,71.819092,71.731537,71.642838,71.552986,71.461945,71.369705,71.276222,71.181473,71.085426,70.988037,70.889305,70.789192,70.687653,70.584648,70.480179,70.374184,70.266632,70.157509,70.046753,69.934326,69.820221,69.704369,69.586754,69.467331,69.346054,69.222893,69.097809,68.970749,68.841690,68.710594,68.577385,68.442047,68.304550,68.164833,68.022850,67.878563,67.731941,67.582924,67.431496,67.277573,67.121162,66.962166,66.800575,66.636337,66.469414,66.299774,66.127373,65.952148,65.774086,65.593117,65.409241,65.222412,65.032570,64.839706,64.643753,64.444748,64.242561,64.037239,63.828751,63.617016,63.402073,63.183868,62.962391,62.737610,62.509548,62.278168,62.043461,61.805412,61.564068,61.319382,61.071373,60.820061,60.565437,60.307537,60.046379,59.781982,59.514378,59.243591,58.969688,58.692677,58.412628,58.129589,57.843609,57.554783,57.263130,56.968769,56.671764,56.372219,56.070217,55.765907,55.459393,55.150829,54.840393,54.528339,54.214931,53.900536,53.585640,53.270939,52.957325,52.646130,52.339214,52.039230,51.750053,51.477264,51.229012,51.017120,50.858879,50.000000
75.000000,75.391678,75.336037,75.317963,75.324844,75.348259,75.382477,75.423714,75.469414,75.517822,75.567764,75.618469,75.669373,75.720100,75.770348,75.819977,75.868813,75.916771,75.963715,76.009590,76.054359,76.097946,76.140335,76.181442,76.221268,76.259743,76.296867,76.332596,76.366928,76.399796,76.431206,76.461159,76.489624,76.516563,76.541985,76.565887,76.588272,76.609116,76.628410,76.646172,76.662392,76.677101,76.690224,76.701866,76.711967,76.720558,76.727646,76.733246,76.737358,76.739998,76.741196,76.740974,76.739273,76.736198,76.731720,76.725883,76.718681,76.710144,76.700279,76.689133,76.676697,76.662994,76.648048,76.631897,76.614525,76.595985,76.576271,76.555405,76.533440,76.510361,76.486214,76.460983,76.434723,76.407440,76.379143,76.349854,76.319603,76.288406,76.256256,76.223198,76.189240,76.154404,76.118683,76.082123,76.044701,76.006470,75.967430,75.927589,75.886955,75.845558,75.803398,75.760483,75.716827,75.672440,75.627342,75.581535,75.535019,75.487808,75.439911,75.391335,75.342079,75.292168,75.241577,75.190338,75.138451,75.085892,75.032692,74.978836,74.924355,74.869209,74.813431,74.756996,74.699913,74.642189,74.583809,74.524788,74.465096,74.404747,74.343735,74.282043,74.219673,74.156624,74.092888,74.028450,73.963303,73.897446,73.830856,73.763519,73.695450,73.626633,73.557030,73.486633,73.415443,73.343452,73.270622,73.196968,73.122444,73.047035,72.970749,72.893547,72.815414,72.736328,72.656273,72.575226,72.493179,72.410080,72.325943,72.240700,72.154373,72.066917,71.978294,71.888504,71.797493,71.705261,71.611763,71.516953,71.420830,71.323364,71.224495,71.124222,71.022499,70.919281,70.814568,70.708305,70.600441,70.490967,70.379822,70.266998,70.152435,70.036110,69.917976,69.797981,69.676117,69.552322,69.426552,69.298775,69.168938,69.037010,68.902946,68.766708,68.628235,68.487503,68.344460,68.199059,68.051254,67.901016,67.748283,67.593010,67.435158,67.274704,67.111557,66.945709,66.777115,66.605721,66.431465,66.254341,66.074295,65.891258,65.705246,65.516159,65.324005,65.128731,64.930283,64.728661,64.523811,64.315704,64.104317,63.889629,63.671585,63.450195,63.225414,62.997242,62.765640,62.530640,62.292175,62.050285,61.804947,61.556168,61.303951,61.048290,60.789207,60.526730,60.260864,59.991634,59.719074,59.443214,59.164101,58.881752,58.596260,58.307636,58.015965,57.721287,57.423687,57.123245,56.820023,56.514130,56.205627,55.894646,55.581287,55.265675,54.947918,54.628197,54.306690,53.983593,53.659176,53.333794,53.007896,52.682121,52.357334,52.034782,51.716293,51.404484,51.103287,50.818409,50.558369,50.000000
75.000000,74.880180,74.989594,75.087372,75.176064,75.257698,75.333786,75.405609,75.474083,75.539818,75.603363,75.665024,75.725082,75.783745,75.841011,75.897003,75.951782,76.005318,76.057632,76.108688,76.158447,76.206947,76.254128,76.299942,76.344353,76.387390,76.428978,76.469109,76.507713,76.544853,76.580437,76.614494,76.646973,76.677872,76.707191,76.734924,76.761055,76.785583,76.808495,76.829796,76.849518,76.867607,76.884117,76.899033,76.912354,76.924095,76.934280,76.942909,76.949982,76.955566,76.959602,76.962151,76.963211,76.962830,76.960991,76.957726,76.953049,76.946983,76.939552,76.930771,76.920662,76.909233,76.896538,76.882561,76.867340,76.850899,76.833252,76.814423,76.794434,76.773293,76.751030,76.727692,76.703247,76.677742,76.651215,76.623657,76.595085,76.565552,76.535027,76.503571,76.471176,76.437859,76.403656,76.368568,76.332596,76.295776,76.258141,76.219658,76.180367,76.140289,76.099411,76.057755,76.015343,75.972191,75.928276,75.883636,75.838264,75.792183,75.745399,75.697891,75.649704,75.600822,75.551270,75.501022,75.450104,75.398514,75.346237,75.293312,75.239731,75.185478,75.130562,75.074966,75.018707,74.961800,74.904190,74.845940,74.787010,74.727402,74.667084,74.606110,74.544434,74.482033,74.418938,74.355125,74.290604,74.225319,74.159317,74.092545,74.025017,73.956703,73.887611,73.817711,73.746986,73.675438,73.603043,73.529808,73.455666,73.380638,73.304710,73.227837,73.150024,73.071228,72.991463,72.910683,72.828842,72.745979,72.662025,72.576973,72.490799,72.403458,72.314949,72.225243,72.134285,72.042084,71.948586,71.853760,71.757607,71.660042,71.561096,71.460701,71.358826,71.255424,71.150497,71.043983,70.935860,70.826080,70.714600,70.601402,70.486435,70.369652,70.251053,70.130539,70.008118,69.883705,69.757294,69.628838,69.498276,69.365578,69.230690,69.093575,68.954193,68.812500,68.668434,68.521957,68.373016,68.221581,68.067589,67.911011,67.751801,67.589897,67.425262,67.257843,67.087601,66.914474,66.738441,66.559464,66.377449,66.192413,66.004272,65.812996,65.618561,65.420906,65.220009,65.015839,64.808327,64.597473,64.383217,64.165565,63.944466,63.719894,63.491844,63.260273,63.025181,62.786545,62.544353,62.298595,62.049286,61.796391,61.539948,61.279938,61.016388,60.749306,60.478706,60.204613,59.927071,59.646099,59.361721,59.074013,58.783009,58.488750,58.191296,57.890739,57.587116,57.280499,56.970974,56.658630,56.343536,56.025787,55.705460,55.382645,55.057407,54.729862,54.400017,54.067959,53.733688,53.397198,53.058407,52.717182,52.373299,52.026417,51.676022,51.321426,50.961670,50.595528,50.221413,50.000000
75.000000,74.383316,74.654686,74.865791,75.034264,75.172531,75.289322,75.390854,75.481384,75.564011,75.640785,75.713219,75.782288,75.848686,75.912910,75.975281,76.035950,76.095108,76.152763,76.209007,76.263855,76.317268,76.369255,76.419823,76.468887,76.516472,76.562553,76.607071,76.650024,76.691414,76.731216,76.769371,76.805885,76.840767,76.873993,76.905548,76.935448,76.963654,76.990181,77.015038,77.038208,77.059723,77.079582,77.097771,77.114288,77.129196,77.142448,77.154114,77.164162,77.172615,77.179497,77.184830,77.188629,77.190903,77.191673,77.190964,77.188805,77.185196,77.180168,77.173737,77.165932,77.156784,77.146278,77.134476,77.121399,77.107025,77.091423,77.074593,77.056572,77.037354,77.016975,76.995468,76.972832,76.949104,76.924332,76.898476,76.871574,76.843674,76.814766,76.784866,76.754013,76.722244,76.689499,76.655884,76.621346,76.585938,76.549667,76.512535,76.474579,76.435799,76.396202,76.355804,76.314621,76.272652,76.229950,76.186455,76.142235,76.097260,76.051567,76.005157,75.958015,75.910172,75.861618,75.812370,75.762436,75.711792,75.660484,75.608467,75.555771,75.502403,75.448341,75.393600,75.338165,75.282066,75.225273,75.167786,75.109604,75.050728,74.991150,74.930862,74.869865,74.808151,74.745712,74.682541,74.618629,74.553970,74.488533,74.422340,74.355354,74.287590,74.219002,74.149605,74.079353,74.008278,73.936333,73.863510,73.789787,73.715157,73.639595,73.563087,73.485611,73.407143,73.327660,73.247154,73.165596,73.082962,72.999222,72.914352,72.828362,72.741180,72.652802,72.563194,72.472328,72.380173,72.286728,72.191925,72.095741,71.998169,71.899139,71.798660,71.696663,71.593132,71.488029,71.381302,71.272926,71.162880,71.051102,70.937569,70.822243,70.705055,70.585999,70.465019,70.342072,70.217110,70.090088,69.960999,69.829742,69.696320,69.560654,69.422729,69.282471,69.139839,68.994797,68.847298,68.697273,68.544701,68.389526,68.231682,68.071144,67.907837,67.741753,67.572792,67.400940,67.226151,67.048378,66.867554,66.683662,66.496635,66.306427,66.113007,65.916328,65.716339,65.513023,65.306305,65.096184,64.882599,64.665527,64.444939,64.220810,63.993092,63.761772,63.526840,63.288246,63.046001,62.800079,62.550465,62.297184,62.040192,61.779507,61.515141,61.247105,60.975388,60.700043,60.421051,60.138489,59.852371,59.562706,59.269573,58.972992,58.673050,58.369778,58.063240,57.753513,57.440659,57.124760,56.805870,56.484100,56.159489,55.832111,55.502022,55.169247,54.833790,54.495594,54.154541,53.810432,53.462891,53.111328,52.754898,52.392258,52.021530,51.639931,51.243458,50.826389,50.380547,49.894310,50.000000
75.000000,73.969917,74.378822,74.686012,74.922096,75.108421,75.259865,75.386833,75.496506,75.593918,75.682503,75.764656,75.842056,75.915810,75.986671,76.055176,76.121651,76.186340,76.249352,76.310783,76.370659,76.429008,76.485847,76.541138,76.594879,76.647072,76.697655,76.746620,76.793930,76.839600,76.883591,76.925880,76.966446,77.005318,77.042480,77.077843,77.111504,77.143402,77.173546,77.201942,77.228592,77.253517,77.276718,77.298134,77.317894,77.335915,77.352257,77.366920,77.379898,77.391251,77.400963,77.409042,77.415543,77.420471,77.423851,77.425682,77.426003,77.424820,77.422173,77.418091,77.412567,77.405632,77.397354,77.387695,77.376701,77.364395,77.350815,77.335968,77.319870,77.302551,77.284050,77.264374,77.243515,77.221565,77.198479,77.174309,77.149063,77.122780,77.095467,77.067139,77.037819,77.007530,76.976273,76.944084,76.910980,76.876961,76.842049,76.806259,76.769623,76.732117,76.693779,76.654625,76.614655,76.573898,76.532356,76.490028,76.446930,76.403076,76.358467,76.313126,76.267036,76.220230,76.172684,76.124428,76.075455,76.025772,75.975380,75.924301,75.872505,75.820007,75.766815,75.712914,75.658318,75.603012,75.547012,75.490311,75.432884,75.374763,75.315910,75.256340,75.196037,75.135010,75.073227,75.010689,74.947418,74.883354,74.818520,74.752899,74.686478,74.619247,74.551216,74.482323,74.412582,74.341980,74.270508,74.198112,74.124825,74.050613,73.975433,73.899300,73.822174,73.744049,73.664879,73.584686,73.503403,73.421036,73.337540,73.252907,73.167099,73.080093,72.991882,72.902405,72.811653,72.719597,72.626221,72.531456,72.435287,72.337715,72.238663,72.138123,72.036034,71.932388,71.827141,71.720245,71.611687,71.501404,71.389366,71.275551,71.159866,71.042343,70.922874,70.801460,70.678032,70.552559,70.424988,70.295296,70.163414,70.029305,69.892914,69.754204,69.613121,69.469620,69.323647,69.175156,69.024086,68.870430,68.714096,68.555038,68.393211,68.228569,68.061066,67.890640,67.717247,67.540840,67.361359,67.178764,66.993011,66.804039,66.611832,66.416267,66.217392,66.015121,65.809402,65.600212,65.387489,65.171227,64.951363,64.727867,64.500725,64.269882,64.035339,63.797035,63.554981,63.309124,63.059490,62.806038,62.548775,62.287678,62.022762,61.754028,61.481480,61.205135,60.924999,60.641106,60.353485,60.062153,59.767170,59.468559,59.166367,58.860668,58.551506,58.238934,57.923038,57.603882,57.281509,56.956032,56.627495,56.295963,55.961483,55.624081,55.283749,54.940437,54.593987,54.244179,53.890568,53.532532,53.169060,52.798672,52.419163,52.027302,51.618416,51.185692,50.719326,50.205185,49.622990,50.000000
75.000000,73.699005,74.202530,74.575844,74.858597,75.078415,75.254387,75.399750,75.523674,75.632469,75.730522,75.820816,75.905441,75.985786,76.062790,76.137115,76.209175,76.279259,76.347504,76.414062,76.478973,76.542282,76.603958,76.664032,76.722466,76.779243,76.834381,76.887787,76.939499,76.989456,77.037659,77.084114,77.128769,77.171616,77.212654,77.251900,77.289307,77.324890,77.358658,77.390594,77.420738,77.449051,77.475548,77.500282,77.523178,77.544350,77.563751,77.581383,77.597298,77.611511,77.624016,77.634865,77.644058,77.651604,77.657547,77.661896,77.664688,77.665916,77.665634,77.663857,77.660599,77.655891,77.649765,77.642250,77.633316,77.623062,77.611481,77.598564,77.584404,77.568954,77.552292,77.534409,77.515335,77.495102,77.473724,77.451202,77.427612,77.402931,77.377182,77.350403,77.322586,77.293777,77.263977,77.233215,77.201508,77.168854,77.135307,77.100838,77.065498,77.029274,76.992195,76.954269,76.915520,76.875931,76.835548,76.794365,76.752388,76.709641,76.666122,76.621819,76.576790,76.530991,76.484459,76.437195,76.389175,76.340454,76.290993,76.240829,76.189934,76.138306,76.085976,76.032921,75.979164,75.924675,75.869484,75.813538,75.756897,75.699509,75.641396,75.582527,75.522942,75.462578,75.401482,75.339607,75.276947,75.213524,75.149315,75.084267,75.018425,74.951767,74.884262,74.815887,74.746666,74.676552,74.605560,74.533638,74.460793,74.387009,74.312241,74.236504,74.159744,74.081985,74.003151,73.923279,73.842300,73.760223,73.676994,73.592613,73.507034,73.420235,73.332199,73.242905,73.152298,73.060356,72.967072,72.872398,72.776291,72.678726,72.579689,72.479111,72.376984,72.273262,72.167915,72.060890,71.952156,71.841690,71.729439,71.615341,71.499390,71.381516,71.261711,71.139900,71.016022,70.890099,70.762032,70.631790,70.499313,70.364555,70.227478,70.088043,69.946175,69.801849,69.654999,69.505569,69.353546,69.198814,69.041382,68.881157,68.718109,68.552170,68.383308,68.211456,68.036560,67.858574,67.677452,67.493126,67.305573,67.114708,66.920502,66.722908,66.521866,66.317322,66.109268,65.897629,65.682358,65.463440,65.240822,65.014465,64.784332,64.550400,64.312645,64.071007,63.825489,63.576061,63.322708,63.065430,62.804192,62.538990,62.269836,61.996716,61.719650,61.438652,61.153725,60.864891,60.572170,60.275616,59.975262,59.671112,59.363270,59.051758,58.736633,58.417976,58.095825,57.770267,57.441395,57.109226,56.773880,56.435387,56.093765,55.749069,55.401237,55.050190,54.695736,54.337543,53.975082,53.607525,53.233589,52.851410,52.458176,52.049789,51.620255,51.160873,50.659012,50.096428,49.446770,50.000000
75.000000,73.611443,74.153648,74.554184,74.856720,75.091316,75.278847,75.433640,75.565605,75.681534,75.786110,75.882561,75.973038,76.059029,76.141563,76.221268,76.298660,76.373955,76.447372,76.519020,76.588928,76.657158,76.723694,76.788551,76.851685,76.913116,76.972786,77.030693,77.086784,77.141060,77.193512,77.244118,77.292870,77.339714,77.384674,77.427757,77.468941,77.508217,77.545616,77.581085,77.614670,77.646385,77.676208,77.704163,77.730263,77.754524,77.776962,77.797577,77.816414,77.833466,77.848778,77.862328,77.874176,77.884338,77.892853,77.899689,77.904907,77.908531,77.910591,77.911095,77.910088,77.907562,77.903595,77.898155,77.891304,77.883049,77.873436,77.862465,77.850182,77.836609,77.821747,77.805649,77.788330,77.769798,77.750092,77.729240,77.707237,77.684128,77.659950,77.634674,77.608353,77.581009,77.552650,77.523293,77.492966,77.461693,77.429459,77.396317,77.362244,77.327286,77.291458,77.254745,77.217178,77.178787,77.139542,77.099495,77.058640,77.016975,76.974518,76.931297,76.887299,76.842499,76.796974,76.750687,76.703651,76.655861,76.607338,76.558067,76.508072,76.457336,76.405853,76.353653,76.300728,76.247047,76.192657,76.137512,76.081627,76.024994,75.967621,75.909492,75.850594,75.790932,75.730499,75.669273,75.607292,75.544510,75.480881,75.416458,75.351212,75.285110,75.218155,75.150337,75.081627,75.012032,74.941528,74.870094,74.797699,74.724365,74.650032,74.574707,74.498360,74.420967,74.342506,74.262970,74.182320,74.100548,74.017616,73.933502,73.848183,73.761612,73.673798,73.584686,73.494263,73.402489,73.309311,73.214752,73.118736,73.021233,72.922234,72.821671,72.719521,72.615753,72.510338,72.403229,72.294380,72.183754,72.071312,71.957016,71.840813,71.722672,71.602539,71.480392,71.356133,71.229774,71.101242,70.970474,70.837463,70.702133,70.564438,70.424301,70.281715,70.136597,69.988922,69.838631,69.685646,69.529945,69.371452,69.210106,69.045876,68.878708,68.708542,68.535301,68.358963,68.179459,67.996735,67.810753,67.621422,67.428719,67.232582,67.032951,66.829796,66.623077,66.412720,66.198654,65.980896,65.759369,65.534035,65.304832,65.071754,64.834747,64.593803,64.348869,64.099907,63.846924,63.589882,63.328770,63.063564,62.794262,62.520859,62.243366,61.961777,61.676090,61.386345,61.092529,60.794708,60.492886,60.187103,59.877399,59.563831,59.246441,58.925312,58.600483,58.272030,57.940018,57.604538,57.265640,56.923416,56.577896,56.229137,55.877159,55.521923,55.163334,54.801186,54.435131,54.064629,53.688782,53.306244,52.914993,52.512039,52.092972,51.651306,51.177597,50.658100,50.072845,49.392887,50.000000
75.000000,73.723999,74.243225,74.628426,74.921188,75.150253,75.335320,75.489853,75.623215,75.741714,75.849709,75.950127,76.045006,76.135674,76.223076,76.307762,76.390175,76.470535,76.548996,76.625664,76.700554,76.773720,76.845108,76.914787,76.982651,77.048737,77.112976,77.175377,77.235886,77.294510,77.351219,77.405991,77.458832,77.509682,77.558594,77.605545,77.650459,77.693428,77.734428,77.773453,77.810501,77.845589,77.878716,77.909904,77.939171,77.966537,77.991997,78.015587,78.037315,78.057182,78.075249,78.091530,78.106010,78.118744,78.129784,78.139099,78.146729,78.152725,78.157097,78.159874,78.161064,78.160713,78.158859,78.155495,78.150688,78.144424,78.136749,78.127678,78.117264,78.105499,78.092453,78.078117,78.062508,78.045662,78.027618,78.008377,77.987976,77.966438,77.943756,77.919991,77.895157,77.869255,77.842300,77.814362,77.785385,77.755440,77.724533,77.692688,77.659897,77.626190,77.591553,77.556061,77.519699,77.482452,77.444359,77.405441,77.365677,77.325104,77.283714,77.241531,77.198555,77.154785,77.110245,77.064926,77.018852,76.972000,76.924416,76.876053,76.826958,76.777077,76.726494,76.675133,76.623016,76.570160,76.516563,76.462204,76.407089,76.351242,76.294594,76.237190,76.179008,76.120041,76.060318,75.999763,75.938431,75.876266,75.813301,75.749474,75.684814,75.619308,75.552933,75.485664,75.417496,75.348427,75.278427,75.207481,75.135590,75.062698,74.988838,74.913910,74.837982,74.761002,74.682938,74.603752,74.523476,74.442039,74.359398,74.275604,74.190567,74.104263,74.016685,73.927811,73.837570,73.745979,73.652977,73.558548,73.462654,73.365242,73.266312,73.165810,73.063690,72.959915,72.854469,72.747307,72.638374,72.527641,72.415054,72.300583,72.184174,72.065804,71.945412,71.822937,71.698357,71.571617,71.442680,71.311455,71.177925,71.042076,70.903793,70.763039,70.619751,70.473938,70.325478,70.174347,70.020493,69.863838,69.704346,69.541962,69.376610,69.208260,69.036819,68.862267,68.684540,68.503563,68.319290,68.131683,67.940643,67.746155,67.548141,67.346558,67.141350,66.932457,66.719833,66.503418,66.283188,66.059097,65.831070,65.599083,65.363091,65.123070,64.878944,64.630707,64.378365,64.121841,63.861115,63.596188,63.327026,63.053627,62.775993,62.494106,62.207970,61.917606,61.623020,61.324215,61.021240,60.714104,60.402870,60.087555,59.768208,59.444897,59.117672,58.786610,58.451775,58.113235,57.771080,57.425388,57.076221,56.723652,56.367733,56.008514,55.645962,55.280014,54.910503,54.537148,54.159447,53.776615,53.387432,52.990055,52.581696,52.158260,51.713696,51.239098,50.721474,50.141850,49.472584,50.000000
75.000000,74.026672,74.463814,74.792900,75.047935,75.252213,75.421570,75.566826,75.695358,75.812187,75.920685,76.023148,76.121101,76.215599,76.307259,76.396545,76.483727,76.568993,76.652435,76.734077,76.813927,76.892021,76.968323,77.042786,77.115425,77.186172,77.255020,77.321938,77.386894,77.449875,77.510857,77.569824,77.626747,77.681648,77.734489,77.785255,77.833977,77.880638,77.925232,77.967789,78.008286,78.046745,78.083168,78.117584,78.150032,78.180443,78.208900,78.235443,78.260033,78.282715,78.303535,78.322479,78.339584,78.354904,78.368423,78.380180,78.390221,78.398537,78.405182,78.410210,78.413582,78.415382,78.415611,78.414307,78.411484,78.407181,78.401436,78.394272,78.385689,78.375732,78.364441,78.351830,78.337929,78.322754,78.306328,78.288689,78.269867,78.249840,78.228676,78.206406,78.183014,78.158531,78.132988,78.106407,78.078796,78.050179,78.020569,77.989983,77.958450,77.925972,77.892578,77.858269,77.823067,77.786980,77.750023,77.712204,77.673531,77.634033,77.593704,77.552559,77.510605,77.467850,77.424301,77.379944,77.334816,77.288910,77.242249,77.194786,77.146568,77.097595,77.047852,76.997337,76.946075,76.894028,76.841248,76.787666,76.733337,76.678215,76.622345,76.565674,76.508209,76.449951,76.390900,76.331047,76.270370,76.208855,76.146523,76.083336,76.019287,75.954369,75.888565,75.821877,75.754280,75.685745,75.616264,75.545837,75.474442,75.402039,75.328613,75.254189,75.178696,75.102135,75.024475,74.945694,74.865768,74.784698,74.702415,74.618919,74.534187,74.448196,74.360878,74.272247,74.182259,74.090889,73.998077,73.903809,73.808075,73.710793,73.611977,73.511551,73.409492,73.305763,73.200333,73.093155,72.984184,72.873367,72.760681,72.646088,72.529526,72.410957,72.290329,72.167625,72.042740,71.915672,71.786362,71.654732,71.520782,71.384422,71.245598,71.104271,70.960381,70.813889,70.664711,70.512810,70.358124,70.200569,70.040146,69.876755,69.710335,69.540855,69.368240,69.192413,69.013344,68.830963,68.645203,68.456017,68.263344,68.067101,67.867271,67.663765,67.456551,67.245567,67.030731,66.812012,66.589386,66.362747,66.132088,65.897339,65.658485,65.415443,65.168213,64.916748,64.661011,64.400940,64.136574,63.867836,63.594738,63.317238,63.035374,62.749092,62.458416,62.163345,61.863899,61.560089,61.251923,60.939465,60.622707,60.301723,59.976555,59.647259,59.313892,58.976521,58.635223,58.290077,57.941177,57.588596,57.232418,56.872749,56.509640,56.143169,55.773361,55.400208,55.023628,54.643444,54.259323,53.870689,53.476677,53.075859,52.666111,52.244236,51.805439,51.342663,50.845451,50.298458,49.679157,50.000000
75.000000,74.483360,74.789848,75.029663,75.224297,75.388252,75.531349,75.660126,75.778969,75.890800,75.997597,76.100601,76.200645,76.298264,76.393761,76.487396,76.579216,76.669289,76.757629,76.844231,76.929062,77.012115,77.093315,77.172623,77.250053,77.325508,77.398972,77.470459,77.539894,77.607254,77.672523,77.735695,77.796738,77.855644,77.912415,77.967049,78.019547,78.069893,78.118088,78.164177,78.208107,78.249924,78.289650,78.327271,78.362823,78.396309,78.427773,78.457207,78.484657,78.510124,78.533669,78.555267,78.574982,78.592812,78.608810,78.623001,78.635399,78.646027,78.654945,78.662163,78.667709,78.671608,78.673904,78.674629,78.673775,78.671417,78.667564,78.662231,78.655487,78.647308,78.637741,78.626846,78.614609,78.601082,78.586258,78.570206,78.552910,78.534409,78.514732,78.493919,78.471947,78.448875,78.424728,78.399490,78.373215,78.345901,78.317581,78.288246,78.257965,78.226707,78.194504,78.161369,78.127312,78.092369,78.056526,78.019806,77.982231,77.943802,77.904510,77.864380,77.823456,77.781693,77.739113,77.695747,77.651566,77.606590,77.560837,77.514305,77.466965,77.418861,77.369980,77.320320,77.269875,77.218666,77.166664,77.113899,77.060349,77.005997,76.950859,76.894936,76.838203,76.780678,76.722305,76.663139,76.603142,76.542290,76.480606,76.418053,76.354630,76.290329,76.225113,76.159012,76.091965,76.023987,75.955070,75.885170,75.814285,75.742393,75.669472,75.595505,75.520470,75.444336,75.367119,75.288757,75.209236,75.128532,75.046623,74.963478,74.879097,74.793411,74.706413,74.618073,74.528328,74.437195,74.344635,74.250580,74.154999,74.057899,73.959229,73.858917,73.756966,73.653305,73.547935,73.440765,73.331795,73.220978,73.108238,72.993546,72.876884,72.758171,72.637367,72.514435,72.389320,72.261971,72.132347,72.000374,71.866020,71.729225,71.589928,71.448082,71.303627,71.156517,71.006676,70.854050,70.698593,70.540237,70.378906,70.214569,70.047180,69.876610,69.702858,69.525826,69.345482,69.161736,68.974548,68.783852,68.589577,68.391678,68.190056,67.984726,67.775543,67.562500,67.345512,67.124550,66.899536,66.670433,66.437172,66.199730,65.958023,65.712036,65.461700,65.207016,64.947937,64.684372,64.416367,64.143860,63.866821,63.585266,63.299152,63.008476,62.713245,62.413475,62.109150,61.800289,61.486927,61.169075,60.846786,60.520088,60.189041,59.853687,59.514107,59.170357,58.822521,58.470688,58.114944,57.755394,57.392132,57.025269,56.654911,56.281158,55.904102,55.523815,55.140335,54.753654,54.363644,53.970100,53.572594,53.170422,52.762394,52.346733,51.920628,51.479851,51.018047,50.525673,49.988537,50.000000
75.000000,75.036102,75.180923,75.310455,75.430519,75.544678,75.655098,75.763100,75.869400,75.974373,76.078201,76.180946,76.282562,76.382988,76.482185,76.580025,76.676422,76.771301,76.864601,76.956177,77.046013,77.134026,77.220169,77.304390,77.386620,77.466835,77.544983,77.621025,77.694923,77.766685,77.836281,77.903664,77.968834,78.031799,78.092506,78.151016,78.207283,78.261284,78.313095,78.362679,78.410042,78.455223,78.498222,78.539009,78.577690,78.614227,78.648636,78.680984,78.711258,78.739502,78.765709,78.789963,78.812225,78.832588,78.851028,78.867599,78.882332,78.895264,78.906410,78.915794,78.923454,78.929459,78.933777,78.936493,78.937592,78.937134,78.935150,78.931648,78.926666,78.920258,78.912422,78.903191,78.892601,78.880676,78.867432,78.852928,78.837166,78.820152,78.801949,78.782555,78.762009,78.740326,78.717522,78.693642,78.668655,78.642639,78.615578,78.587502,78.558426,78.528374,78.497345,78.465385,78.432480,78.398651,78.363922,78.328293,78.291779,78.254402,78.216141,78.177055,78.137108,78.096352,78.054756,78.012337,77.969109,77.925056,77.880211,77.834572,77.788132,77.740913,77.692894,77.644073,77.594482,77.544075,77.492897,77.440910,77.388138,77.334564,77.280182,77.224998,77.168991,77.112190,77.054550,76.996063,76.936737,76.876572,76.815536,76.753632,76.690834,76.627159,76.562569,76.497047,76.430611,76.363205,76.294838,76.225479,76.155113,76.083748,76.011337,75.937866,75.863319,75.787682,75.710899,75.632973,75.553879,75.473595,75.392075,75.309319,75.225288,75.139954,75.053284,74.965248,74.875816,74.784958,74.692642,74.598831,74.503494,74.406593,74.308098,74.207962,74.106125,74.002602,73.897308,73.790207,73.681274,73.570465,73.457726,73.343002,73.226273,73.107460,72.986542,72.863457,72.738144,72.610558,72.480667,72.348412,72.213707,72.076530,71.936798,71.794495,71.649521,71.501854,71.351410,71.198128,71.041954,70.882820,70.720688,70.555481,70.387123,70.215561,70.040718,69.862564,69.680992,69.495964,69.307419,69.115265,68.919464,68.719940,68.516640,68.309486,68.098404,67.883369,67.664284,67.441101,67.213791,66.982254,66.746460,66.506363,66.261871,66.012947,65.759590,65.501732,65.239288,64.972282,64.700668,64.424385,64.143456,63.857826,63.567478,63.272427,62.972649,62.668148,62.358929,62.045010,61.726402,61.403149,61.075272,60.742809,60.405823,60.064354,59.718487,59.368275,59.013817,58.655197,58.292522,57.925903,57.555447,57.181293,56.803577,56.422455,56.038071,55.650616,55.260239,54.867130,54.471466,54.073418,53.673126,53.270714,52.866184,52.459442,52.050137,51.637569,51.220448,50.796520,50.362110,50.000000
75.000000,75.612488,75.586700,75.600380,75.642410,75.704651,75.781189,75.867729,75.961121,76.059074,76.159912,76.262398,76.365662,76.469009,76.571945,76.674095,76.775169,76.874924,76.973213,77.069862,77.164772,77.257851,77.348991,77.438148,77.525238,77.610222,77.693062,77.773720,77.852150,77.928322,78.002228,78.073845,78.143166,78.210152,78.274834,78.337181,78.397224,78.454933,78.510315,78.563400,78.614189,78.662697,78.708954,78.752930,78.794678,78.834251,78.871613,78.906822,78.939911,78.970879,78.999756,79.026588,79.051422,79.074249,79.095116,79.114044,79.131081,79.146263,79.159615,79.171127,79.180908,79.188950,79.195282,79.199936,79.202980,79.204391,79.204224,79.202522,79.199326,79.194626,79.188484,79.180901,79.171913,79.161583,79.149902,79.136925,79.122643,79.107109,79.090340,79.072365,79.053200,79.032875,79.011406,78.988823,78.965141,78.940392,78.914597,78.887733,78.859879,78.831001,78.801140,78.770332,78.738556,78.705841,78.672203,78.637657,78.602196,78.565865,78.528648,78.490578,78.451630,78.411827,78.371208,78.329742,78.287468,78.244339,78.200409,78.155663,78.110115,78.063751,78.016586,77.968620,77.919846,77.870277,77.819901,77.768723,77.716721,77.663933,77.610329,77.555870,77.500626,77.444527,77.387604,77.329819,77.271194,77.211708,77.151352,77.090103,77.027954,76.964928,76.900948,76.836044,76.770187,76.703400,76.635582,76.566803,76.496994,76.426178,76.354279,76.281334,76.207283,76.132111,76.055824,75.978363,75.899727,75.819870,75.738785,75.656433,75.572792,75.487839,75.401505,75.313828,75.224731,75.134186,75.042152,74.948639,74.853554,74.756889,74.658600,74.558662,74.457024,74.353630,74.248482,74.141510,74.032661,73.921913,73.809204,73.694473,73.577713,73.458870,73.337860,73.214676,73.089218,72.961479,72.831367,72.698845,72.563866,72.426369,72.286285,72.143555,71.998146,71.849960,71.698975,71.545105,71.388275,71.228447,71.065559,70.899513,70.730278,70.557755,70.381935,70.202682,70.019966,69.833725,69.643860,69.450348,69.253059,69.051994,68.847046,68.638138,68.425240,68.208267,67.987152,67.761848,67.532265,67.298363,67.060074,66.817337,66.570129,66.318336,66.061966,65.800949,65.535255,65.264816,64.989601,64.709610,64.424774,64.135094,63.840527,63.541092,63.236759,62.927528,62.613411,62.294407,61.970539,61.641842,61.308327,60.970066,60.627079,60.279438,59.927193,59.570450,59.209274,58.843777,58.474056,58.100231,57.722450,57.340870,56.955658,56.566998,56.175133,55.780323,55.382885,54.983166,54.581676,54.178963,53.775787,53.373089,52.972141,52.574642,52.182808,51.799690,51.429409,51.077507,50.751598,50.000000
75.000000,76.135101,75.953674,75.862457,75.834450,75.850601,75.897507,75.965645,76.048386,76.140945,76.239998,76.343147,76.448692,76.555450,76.662491,76.769249,76.875206,76.980049,77.083488,77.185310,77.285393,77.383591,77.479790,77.573929,77.665955,77.755775,77.843353,77.928642,78.011597,78.092224,78.170471,78.246338,78.319817,78.390869,78.459503,78.525703,78.589485,78.650856,78.709846,78.766426,78.820625,78.872444,78.921913,78.969063,79.013901,79.056450,79.096741,79.134811,79.170662,79.204338,79.235878,79.265282,79.292595,79.317856,79.341118,79.362381,79.381699,79.399094,79.414589,79.428246,79.440094,79.450142,79.458466,79.465050,79.469978,79.473213,79.474869,79.474930,79.473434,79.470436,79.465942,79.459999,79.452614,79.443825,79.433693,79.422195,79.409393,79.395287,79.379951,79.363358,79.345558,79.326576,79.306427,79.285141,79.262726,79.239227,79.214638,79.189011,79.162323,79.134636,79.105927,79.076218,79.045563,79.013954,78.981392,78.947922,78.913506,78.878220,78.842010,78.804932,78.766983,78.728172,78.688499,78.647987,78.606613,78.564430,78.521408,78.477554,78.432884,78.387383,78.341087,78.293968,78.246040,78.197289,78.147713,78.097336,78.046135,77.994110,77.941269,77.887589,77.833076,77.777710,77.721519,77.664444,77.606529,77.547722,77.488045,77.427452,77.365974,77.303596,77.240257,77.175980,77.110741,77.044540,76.977341,76.909149,76.839912,76.769630,76.698296,76.625877,76.552361,76.477699,76.401901,76.324936,76.246773,76.167381,76.086723,76.004829,75.921600,75.837051,75.751122,75.663818,75.575073,75.484879,75.393196,75.299973,75.205185,75.108795,75.010780,74.911064,74.809647,74.706459,74.601479,74.494652,74.385925,74.275291,74.162666,74.048012,73.931282,73.812431,73.691399,73.568138,73.442604,73.314735,73.184479,73.051750,72.916534,72.778793,72.638390,72.495323,72.349518,72.200912,72.049423,71.895004,71.737610,71.577141,71.413536,71.246758,71.076706,70.903320,70.726532,70.546280,70.362488,70.175087,69.983986,69.789146,69.590469,69.387917,69.181389,68.970825,68.756157,68.537300,68.314217,68.086823,67.855042,67.618835,67.378113,67.132820,66.882912,66.628319,66.369003,66.104881,65.835922,65.562119,65.283371,64.999657,64.710938,64.417236,64.118477,63.814655,63.505772,63.191814,62.872765,62.548668,62.219524,61.885342,61.546162,61.202030,60.852989,60.499100,60.140430,59.777050,59.409065,59.036575,58.659687,58.278534,57.893272,57.504086,57.111172,56.714760,56.315151,55.912674,55.507782,55.101032,54.693130,54.285015,53.877995,53.473770,53.074776,52.684288,52.306934,51.949226,51.620293,51.332958,51.105412,50.000000
75.000000,76.531898,76.232323,76.062592,75.983200,75.966446,75.992981,76.049339,76.126030,76.216499,76.316109,76.421555,76.530586,76.641617,76.753426,76.865219,76.976410,77.086571,77.195343,77.302505,77.407883,77.511314,77.612663,77.711891,77.808861,77.903557,77.995918,78.085869,78.173401,78.258499,78.341103,78.421234,78.498856,78.573967,78.646530,78.716629,78.784180,78.849228,78.911766,78.971817,79.029411,79.084549,79.137222,79.187492,79.235390,79.280914,79.324104,79.364983,79.403572,79.439926,79.474083,79.506020,79.535828,79.563522,79.589111,79.612679,79.634239,79.653801,79.671455,79.687187,79.701073,79.713112,79.723351,79.731834,79.738602,79.743683,79.747093,79.748886,79.749100,79.747749,79.744873,79.740517,79.734695,79.727432,79.718811,79.708771,79.697411,79.684738,79.670776,79.655556,79.639091,79.621422,79.602577,79.582558,79.561378,79.539124,79.515747,79.491310,79.465797,79.439240,79.411667,79.383095,79.353546,79.323013,79.291512,79.259079,79.225723,79.191452,79.156242,79.120163,79.083183,79.045341,79.006630,78.967056,78.926628,78.885345,78.843231,78.800255,78.756477,78.711853,78.666405,78.620125,78.573029,78.525108,78.476357,78.426781,78.376358,78.325127,78.273048,78.220131,78.166359,78.111755,78.056282,77.999939,77.942719,77.884621,77.825623,77.765724,77.704926,77.643173,77.580498,77.516876,77.452278,77.386688,77.320114,77.252495,77.183853,77.114166,77.043388,76.971527,76.898567,76.824440,76.749184,76.672707,76.595047,76.516144,76.435989,76.354523,76.271759,76.187653,76.102142,76.015236,75.926903,75.837067,75.745728,75.652863,75.558411,75.462341,75.364632,75.265190,75.164024,75.061081,74.956322,74.849693,74.741150,74.630661,74.518158,74.403618,74.286972,74.168159,74.047157,73.923897,73.798309,73.670380,73.540024,73.407166,73.271797,73.133812,72.993195,72.849838,72.703690,72.554688,72.402802,72.247940,72.090004,71.928963,71.764725,71.597260,71.426468,71.252274,71.074615,70.893417,70.708611,70.520119,70.327873,70.131775,69.931778,69.727798,69.519768,69.307617,69.091240,68.870590,68.645607,68.416183,68.182281,67.943817,67.700729,67.452942,67.200409,66.943062,66.680817,66.413666,66.141502,65.864326,65.582062,65.294685,65.002151,64.704407,64.401482,64.093300,63.779861,63.461174,63.137207,62.807991,62.473522,62.133835,61.788952,61.438904,61.083755,60.723545,60.358360,59.988266,59.613369,59.233761,58.849567,58.460945,58.068035,57.671036,57.270187,56.865734,56.458031,56.047474,55.634590,55.220074,54.804825,54.390068,53.977489,53.569420,53.169098,52.781082,52.411877,52.070629,51.770412,51.529865,51.375523,50.000000
75.000000,76.746147,76.383827,76.174423,76.070702,76.039925,76.059334,76.113129,76.190262,76.283165,76.386475,76.496490,76.610611,76.726990,76.844376,76.961830,77.078674,77.194466,77.308853,77.421524,77.532310,77.641090,77.747696,77.852058,77.954063,78.053688,78.150848,78.245537,78.337654,78.427238,78.514229,78.598656,78.680412,78.759605,78.836143,78.910049,78.981384,79.050079,79.116180,79.179703,79.240639,79.299057,79.354950,79.408333,79.459267,79.507729,79.553787,79.597443,79.638741,79.677742,79.714455,79.748924,79.781166,79.811249,79.839157,79.864983,79.888725,79.910461,79.930206,79.947975,79.963844,79.977844,79.989998,80.000336,80.008926,80.015762,80.020927,80.024422,80.026299,80.026581,80.025307,80.022507,80.018204,80.012451,80.005280,79.996704,79.986755,79.975464,79.962875,79.948990,79.933838,79.917465,79.899887,79.881111,79.861191,79.840126,79.817940,79.794662,79.770309,79.744888,79.718437,79.690964,79.662483,79.633026,79.602592,79.571198,79.538849,79.505585,79.471375,79.436279,79.400291,79.363388,79.325615,79.286972,79.247482,79.207108,79.165871,79.123817,79.080887,79.037132,78.992554,78.947121,78.900856,78.853752,78.805817,78.757034,78.707428,78.656967,78.605667,78.553513,78.500511,78.446655,78.391899,78.336288,78.279800,78.222397,78.164108,78.104912,78.044792,77.983727,77.921707,77.858742,77.794792,77.729836,77.663879,77.596886,77.528854,77.459755,77.389580,77.318306,77.245903,77.172348,77.097618,77.021706,76.944550,76.866158,76.786499,76.705544,76.623260,76.539597,76.454559,76.368111,76.280182,76.190758,76.099846,76.007362,75.913254,75.817543,75.720154,75.621048,75.520187,75.417534,75.313034,75.206635,75.098335,74.988029,74.875710,74.761330,74.644791,74.526093,74.405174,74.281960,74.156395,74.028458,73.898048,73.765121,73.629646,73.491524,73.350708,73.207108,73.060707,72.911423,72.759155,72.603874,72.445503,72.283951,72.119179,71.951080,71.779610,71.604698,71.426231,71.244179,71.058411,70.868912,70.675575,70.478317,70.277061,70.071747,69.862267,69.648590,69.430588,69.208214,68.981407,68.750053,68.514061,68.273438,68.028038,67.777824,67.522713,67.262642,66.997574,66.727409,66.452103,66.171616,65.885902,65.594872,65.298523,64.996826,64.689697,64.377182,64.059204,63.735779,63.406887,63.072552,62.732754,62.387527,62.036907,61.680904,61.319576,60.952988,60.581200,60.204296,59.822369,59.435532,59.043903,58.647636,58.246883,57.841869,57.432808,57.019993,56.603783,56.184616,55.763069,55.339897,54.916100,54.493053,54.072651,53.657524,53.251408,52.859550,52.489479,52.151905,51.862194,51.642376,51.524097,50.000000
75.000000,76.744431,76.385834,76.182861,76.086891,76.064384,76.092102,76.154045,76.239128,76.339676,76.450340,76.567451,76.688431,76.811462,76.935318,77.059029,77.182030,77.303818,77.424011,77.542419,77.658813,77.773041,77.885002,77.994553,78.101685,78.206284,78.308311,78.407722,78.504486,78.598595,78.689972,78.778648,78.864616,78.947861,79.028343,79.106102,79.181183,79.253532,79.323166,79.390137,79.454453,79.516129,79.575172,79.631653,79.685555,79.736946,79.785835,79.832245,79.876251,79.917862,79.957100,79.994034,80.028687,80.061096,80.091301,80.119354,80.145256,80.169113,80.190903,80.210693,80.228523,80.244431,80.258446,80.270615,80.280991,80.289566,80.296417,80.301590,80.305084,80.306976,80.307243,80.305992,80.303177,80.298904,80.293182,80.286003,80.277451,80.267509,80.256256,80.243683,80.229820,80.214722,80.198380,80.180832,80.162125,80.142250,80.121231,80.099091,80.075874,80.051567,80.026230,79.999847,79.972420,79.944008,79.914619,79.884247,79.852913,79.820641,79.787430,79.753304,79.718269,79.682320,79.645493,79.607765,79.569183,79.529724,79.489395,79.448204,79.406158,79.363266,79.319527,79.274948,79.229523,79.183243,79.136116,79.088142,79.039330,78.989670,78.939133,78.887749,78.835510,78.782402,78.728409,78.673531,78.617760,78.561096,78.503510,78.445023,78.385597,78.325211,78.263878,78.201576,78.138283,78.073982,78.008682,77.942322,77.874924,77.806442,77.736885,77.666206,77.594391,77.521408,77.447258,77.371895,77.295311,77.217461,77.138336,77.057884,76.976105,76.892952,76.808418,76.722412,76.634956,76.545990,76.455498,76.363426,76.269745,76.174408,76.077393,75.978653,75.878143,75.775810,75.671608,75.565529,75.457489,75.347427,75.235336,75.121147,75.004822,74.886261,74.765472,74.642349,74.516876,74.388985,74.258591,74.125664,73.990128,73.851906,73.710960,73.567223,73.420624,73.271095,73.118538,72.962929,72.804169,72.642197,72.476936,72.308296,72.136223,71.960632,71.781464,71.598587,71.411987,71.221542,71.027191,70.828850,70.626419,70.419838,70.209023,69.993874,69.774338,69.550316,69.321732,69.088501,68.850548,68.607788,68.360176,68.107582,67.849976,67.587257,67.319397,67.046303,66.767891,66.484154,66.195000,65.900383,65.600288,65.294609,64.983376,64.666519,64.344025,64.015877,63.682041,63.342560,62.997417,62.646629,62.290207,61.928211,61.560665,61.187630,60.809170,60.425358,60.036301,59.642105,59.242886,58.838810,58.430023,58.016739,57.599182,57.177662,56.752510,56.324177,55.893219,55.460411,55.026718,54.593513,54.162685,53.736877,53.319805,52.916759,52.535328,52.186409,51.885635,51.655609,51.528915,50.000000
75.000000,76.521935,76.235802,76.086723,76.031326,76.039726,76.091461,76.172424,76.272942,76.386284,76.507935,76.634659,76.764267,76.895187,77.026390,77.157028,77.286606,77.414711,77.541023,77.665337,77.787460,77.907280,78.024681,78.139526,78.251808,78.361435,78.468384,78.572563,78.673981,78.772598,78.868408,78.961411,79.051521,79.138824,79.223274,79.304901,79.383705,79.459671,79.532852,79.603249,79.670883,79.735794,79.797997,79.857498,79.914398,79.968674,80.020340,80.069489,80.116150,80.160316,80.202072,80.241432,80.278458,80.313156,80.345619,80.375824,80.403900,80.429802,80.453621,80.475388,80.495125,80.512894,80.528740,80.542709,80.554802,80.565094,80.573631,80.580414,80.585518,80.588943,80.590752,80.590973,80.589653,80.586807,80.582481,80.576706,80.569496,80.560905,80.550934,80.539673,80.527069,80.513191,80.498077,80.481750,80.464195,80.445480,80.425606,80.404617,80.382515,80.359299,80.335030,80.309723,80.283356,80.255981,80.227623,80.198265,80.167923,80.136635,80.104401,80.071236,80.037155,80.002136,79.966248,79.929443,79.891762,79.853195,79.813766,79.773453,79.732262,79.690247,79.647362,79.603615,79.559013,79.513565,79.467262,79.420082,79.372086,79.323204,79.273483,79.222862,79.171379,79.119034,79.065804,79.011665,78.956635,78.900703,78.843842,78.786064,78.727341,78.667664,78.607025,78.545387,78.482773,78.419174,78.354515,78.288826,78.222054,78.154228,78.085297,78.015228,77.944023,77.871658,77.798096,77.723343,77.647331,77.570045,77.491470,77.411568,77.330345,77.247726,77.163673,77.078186,76.991241,76.902748,76.812721,76.721130,76.627899,76.532982,76.436394,76.338051,76.237907,76.135956,76.032104,75.926338,75.818626,75.708870,75.597054,75.483131,75.367012,75.248672,75.128067,75.005119,74.879784,74.751991,74.621674,74.488785,74.353271,74.215034,74.074036,73.930206,73.783463,73.633751,73.480995,73.325134,73.166061,73.003723,72.838051,72.668945,72.496353,72.320190,72.140366,71.956779,71.769394,71.578102,71.382812,71.183441,70.979927,70.772163,70.560074,70.343567,70.122559,69.896965,69.666710,69.431671,69.191818,68.947037,68.697250,68.442375,68.182320,67.917046,67.646461,67.370483,67.089066,66.802109,66.509575,66.211418,65.907578,65.598000,65.282639,64.961479,64.634483,64.301613,63.962864,63.618240,63.267727,62.911350,62.549118,62.181072,61.807243,61.427689,61.042465,60.651661,60.255371,59.853683,59.446739,59.034683,58.617661,58.195881,57.769554,57.338963,56.904434,56.466373,56.025280,55.581844,55.136925,54.691723,54.247898,53.807751,53.374538,52.952888,52.549473,52.173878,51.839981,51.567879,51.386745,50.000000
75.000000,76.103851,75.951889,75.899147,75.913452,75.972816,76.062309,76.171761,76.294197,76.424896,76.560608,76.699120,76.838867,76.978737,77.118011,77.256126,77.392693,77.527412,77.660049,77.790436,77.918465,78.043938,78.166855,78.287064,78.404572,78.519287,78.631172,78.740158,78.846268,78.949448,79.049698,79.146973,79.241295,79.332657,79.421051,79.506500,79.589027,79.668617,79.745300,79.819092,79.890038,79.958168,80.023476,80.086037,80.145828,80.202957,80.257416,80.309242,80.358505,80.405212,80.449417,80.491165,80.530525,80.567497,80.602165,80.634514,80.664650,80.692581,80.718376,80.742073,80.763680,80.783302,80.800941,80.816643,80.830452,80.842400,80.852554,80.860939,80.867584,80.872543,80.875847,80.877533,80.877647,80.876213,80.873253,80.868813,80.862946,80.855637,80.846962,80.836945,80.825577,80.812927,80.798996,80.783852,80.767448,80.749893,80.731133,80.711250,80.690216,80.668106,80.644905,80.620621,80.595306,80.568954,80.541595,80.513237,80.483887,80.453583,80.422310,80.390099,80.356956,80.322884,80.287895,80.251991,80.215218,80.177536,80.138992,80.099556,80.059250,80.018066,79.976028,79.933121,79.889366,79.844749,79.799255,79.752907,79.705704,79.657608,79.608658,79.558846,79.508133,79.456543,79.404091,79.350700,79.296417,79.241219,79.185104,79.128052,79.070045,79.011093,78.951141,78.890228,78.828308,78.765366,78.701378,78.636360,78.570290,78.503105,78.434814,78.365410,78.294830,78.223099,78.150169,78.076004,78.000587,77.923912,77.845932,77.766617,77.685944,77.603882,77.520393,77.435440,77.349014,77.261063,77.171555,77.080444,76.987694,76.893257,76.797104,76.699211,76.599518,76.497963,76.394516,76.289146,76.181778,76.072388,75.960899,75.847252,75.731445,75.613380,75.493019,75.370277,75.245148,75.117508,74.987335,74.854553,74.719109,74.580925,74.439949,74.296089,74.149292,73.999474,73.846588,73.690514,73.531227,73.368591,73.202583,73.033096,72.860054,72.683388,72.502991,72.318779,72.130692,71.938629,71.742493,71.542213,71.337677,71.128830,70.915550,70.697762,70.475380,70.248291,70.016434,69.779701,69.538002,69.291275,69.039406,68.782326,68.519936,68.252159,67.978928,67.700119,67.415695,67.125626,66.829788,66.528145,66.220596,65.907158,65.587738,65.262283,64.930786,64.593231,64.249573,63.899792,63.543915,63.181923,62.813847,62.439720,62.059551,61.673409,61.281361,60.883457,60.479832,60.070541,59.655720,59.235516,58.810066,58.379562,57.944195,57.504227,57.059914,56.611614,56.159733,55.704800,55.247475,54.788673,54.329586,53.871922,53.418022,52.971268,52.536480,52.120659,51.733994,51.391327,51.114388,50.000000
75.000000,75.542770,75.571159,75.646233,75.751663,75.876541,76.013733,76.158409,76.307426,76.458649,76.610634,76.762421,76.913361,77.062927,77.210831,77.356804,77.500641,77.642197,77.781342,77.917946,78.051926,78.183197,78.311722,78.437370,78.560135,78.679977,78.796837,78.910706,79.021484,79.129242,79.233902,79.335495,79.434013,79.529442,79.621788,79.711060,79.797295,79.880455,79.960648,80.037819,80.112061,80.183327,80.251732,80.317276,80.379982,80.439926,80.497093,80.551575,80.603386,80.652596,80.699211,80.743324,80.784966,80.824142,80.860962,80.895416,80.927597,80.957520,80.985245,81.010811,81.034264,81.055672,81.075058,81.092461,81.107925,81.121529,81.133270,81.143196,81.151360,81.157814,81.162560,81.165672,81.167168,81.167099,81.165489,81.162376,81.157784,81.151772,81.144348,81.135529,81.125389,81.113914,81.101181,81.087166,81.071899,81.055458,81.037819,81.019012,80.999069,80.978012,80.955833,80.932602,80.908295,80.882950,80.856575,80.829216,80.800835,80.771469,80.741158,80.709877,80.677658,80.644508,80.610435,80.575447,80.539566,80.502785,80.465088,80.426537,80.387085,80.346771,80.305573,80.263504,80.220581,80.176788,80.132111,80.086586,80.040176,79.992889,79.944740,79.895683,79.845772,79.794975,79.743256,79.690651,79.637115,79.582672,79.527290,79.470978,79.413712,79.355469,79.296249,79.236046,79.174835,79.112595,79.049332,78.984985,78.919579,78.853081,78.785469,78.716721,78.646812,78.575729,78.503433,78.429924,78.355133,78.279083,78.201706,78.123016,78.042938,77.961464,77.878578,77.794205,77.708336,77.620934,77.531952,77.441383,77.349159,77.255241,77.159607,77.062180,76.962975,76.861877,76.758881,76.653938,76.546989,76.437988,76.326874,76.213615,76.098137,75.980392,75.860321,75.737862,75.612976,75.485580,75.355598,75.223007,75.087700,74.949631,74.808723,74.664909,74.518120,74.368279,74.215309,74.059128,73.899681,73.736855,73.570580,73.400810,73.227402,73.050293,72.869431,72.684677,72.495987,72.303223,72.106339,71.905228,71.699776,71.489914,71.275543,71.056549,70.832878,70.604408,70.371040,70.132690,69.889267,69.640656,69.386795,69.127563,68.862907,68.592705,68.316887,68.035378,67.748062,67.454903,67.155815,66.850739,66.539566,66.222298,65.898834,65.569153,65.233200,64.890961,64.542381,64.187454,63.826199,63.458599,63.084644,62.704384,62.317844,61.925060,61.526100,61.121033,60.709938,60.292931,59.870106,59.441601,59.007534,58.568108,58.123463,57.673832,57.219410,56.760464,56.297272,55.830166,55.359573,54.885963,54.409981,53.932495,53.454624,52.978024,52.505032,52.039055,51.585114,51.150703,50.746929,50.000000
75.000000,74.912415,75.145103,75.363884,75.570953,75.768379,75.957924,76.140945,76.318588,76.491684,76.660881,76.826599,76.989189,77.148819,77.305588,77.459602,77.610893,77.759384,77.905128,78.048065,78.188103,78.325241,78.459404,78.590561,78.718651,78.843643,78.965530,79.084213,79.199768,79.312103,79.421234,79.527130,79.629822,79.729301,79.825562,79.918648,80.008575,80.095337,80.178970,80.259499,80.336990,80.411415,80.482857,80.551346,80.616920,80.679619,80.739479,80.796547,80.850891,80.902542,80.951538,80.997971,81.041824,81.083183,81.122101,81.158615,81.192795,81.224655,81.254272,81.281662,81.306931,81.330063,81.351151,81.370224,81.387306,81.402466,81.415771,81.427193,81.436852,81.444740,81.450912,81.455406,81.458298,81.459534,81.459236,81.457390,81.454086,81.449287,81.443092,81.435486,81.426529,81.416206,81.404594,81.391708,81.377586,81.362221,81.345657,81.327904,81.309021,81.288994,81.267845,81.245613,81.222321,81.197960,81.172569,81.146149,81.118752,81.090347,81.060959,81.030609,80.999306,80.967072,80.933899,80.899818,80.864807,80.828896,80.792099,80.754395,80.715805,80.676338,80.635994,80.594780,80.552658,80.509689,80.465843,80.421120,80.375511,80.329048,80.281670,80.233444,80.184303,80.134277,80.083328,80.031494,79.978729,79.925041,79.870415,79.814857,79.758324,79.700829,79.642349,79.582863,79.522385,79.460854,79.398315,79.334671,79.269989,79.204185,79.137268,79.069206,78.999977,78.929565,78.857941,78.785088,78.710991,78.635574,78.558853,78.480774,78.401344,78.320496,78.238205,78.154449,78.069183,77.982376,77.893974,77.803993,77.712311,77.618950,77.523857,77.426979,77.328270,77.227692,77.125183,77.020714,76.914230,76.805687,76.695023,76.582161,76.467087,76.349724,76.230019,76.107910,75.983315,75.856201,75.726501,75.594154,75.459061,75.321152,75.180405,75.036705,74.890007,74.740219,74.587257,74.431046,74.271507,74.108566,73.942123,73.772118,73.598434,73.421021,73.239738,73.054543,72.865311,72.671974,72.474411,72.272552,72.066261,71.855484,71.640129,71.420052,71.195175,70.965401,70.730621,70.490746,70.245682,69.995293,69.739532,69.478271,69.211418,68.938889,68.660583,68.376404,68.086281,67.790108,67.487839,67.179390,66.864662,66.543594,66.216141,65.882278,65.541901,65.195000,64.841537,64.481491,64.114845,63.741589,63.361748,62.975327,62.582359,62.182888,61.776943,61.364605,60.945988,60.521126,60.090164,59.653214,59.210388,58.761848,58.307743,57.848206,57.383434,56.913555,56.438721,55.959064,55.474693,54.985653,54.491951,53.993492,53.490063,52.981346,52.466831,51.945805,51.417328,50.880310,50.333523,50.000000
75.000000,74.298195,74.732964,75.093163,75.399849,75.668083,75.908531,76.128784,76.334221,76.528595,76.714584,76.893936,77.067955,77.237488,77.403122,77.565140,77.723877,77.879395,78.031769,78.181030,78.327209,78.470245,78.610123,78.746803,78.880264,79.010460,79.137367,79.260979,79.381233,79.498169,79.611732,79.721977,79.828842,79.932373,80.032562,80.129456,80.223015,80.313316,80.400391,80.484268,80.564911,80.642494,80.716934,80.788338,80.856728,80.922157,80.984650,81.044289,81.101097,81.155159,81.206482,81.255127,81.301186,81.344666,81.385643,81.424164,81.460281,81.494034,81.525497,81.554680,81.581680,81.606529,81.629265,81.649940,81.668610,81.685318,81.700104,81.712997,81.724098,81.733391,81.740952,81.746796,81.750977,81.753548,81.754494,81.753922,81.751831,81.748260,81.743225,81.736801,81.728996,81.719810,81.709312,81.697533,81.684456,81.670174,81.654671,81.637955,81.620102,81.601089,81.580948,81.559708,81.537399,81.514023,81.489594,81.464127,81.437645,81.410179,81.381721,81.352287,81.321892,81.290573,81.258286,81.225082,81.190964,81.155930,81.119987,81.083138,81.045403,81.006790,80.967293,80.926888,80.885635,80.843475,80.800453,80.756538,80.711754,80.666069,80.619507,80.572075,80.523727,80.474487,80.424324,80.373253,80.321274,80.268364,80.214493,80.159698,80.103920,80.047165,79.989449,79.930717,79.870972,79.810181,79.748367,79.685471,79.621490,79.556396,79.490196,79.422844,79.354317,79.284615,79.213692,79.141533,79.068092,78.993370,78.917313,78.839920,78.761131,78.680962,78.599327,78.516212,78.431572,78.345398,78.257629,78.168228,78.077164,77.984421,77.889908,77.793594,77.695450,77.595428,77.493469,77.389511,77.283554,77.175499,77.065323,76.952957,76.838326,76.721405,76.602104,76.480392,76.356194,76.229439,76.100082,75.968025,75.833199,75.695564,75.555054,75.411537,75.264977,75.115303,74.962440,74.806267,74.646744,74.483757,74.317238,74.147072,73.973236,73.795540,73.613976,73.428413,73.238754,73.044930,72.846794,72.644279,72.437271,72.225685,72.009415,71.788330,71.562363,71.331390,71.095314,70.854004,70.607391,70.355331,70.097771,69.834564,69.565620,69.290840,69.010124,68.723396,68.430542,68.131454,67.826065,67.514305,67.196053,66.871315,66.539932,66.201881,65.857132,65.505615,65.147285,64.782112,64.410088,64.031212,63.645447,63.252838,62.853401,62.447163,62.034187,61.614525,61.188236,60.755432,60.316216,59.870693,59.418968,58.961170,58.497433,58.027859,57.552559,57.071594,56.584995,56.092678,55.594482,55.090008,54.578655,54.059429,53.530777,52.990448,52.435101,51.859932,51.258053,50.619720,49.931141,50.000000
75.000000,73.786057,74.394020,74.874969,75.266541,75.595039,75.878990,76.131218,76.360748,76.573837,76.774765,76.966545,77.151207,77.330093,77.504166,77.674042,77.840050,78.002495,78.161491,78.317146,78.469437,78.618401,78.764000,78.906265,79.045128,79.180550,79.312515,79.441017,79.566063,79.687592,79.805649,79.920166,80.031219,80.138763,80.242859,80.343498,80.440735,80.534546,80.625046,80.712173,80.796051,80.876640,80.954063,81.028343,81.099480,81.167595,81.232681,81.294830,81.354073,81.410461,81.464066,81.514938,81.563118,81.608658,81.651649,81.692131,81.730141,81.765717,81.798965,81.829918,81.858589,81.885086,81.909424,81.931686,81.951866,81.970078,81.986305,82.000641,82.013138,82.023796,82.032692,82.039833,82.045311,82.049133,82.051323,82.051964,82.051079,82.048660,82.044800,82.039482,82.032799,82.024727,82.015312,82.004593,81.992607,81.979355,81.964874,81.949188,81.932327,81.914307,81.895157,81.874886,81.853539,81.831108,81.807617,81.783104,81.757553,81.731003,81.703445,81.674927,81.645447,81.614990,81.583611,81.551277,81.518013,81.483864,81.448769,81.412781,81.375908,81.338127,81.299461,81.259911,81.219460,81.178131,81.135933,81.092842,81.048859,81.003983,80.958229,80.911575,80.864044,80.815590,80.766220,80.715950,80.664757,80.612610,80.559532,80.505486,80.450485,80.394516,80.337547,80.279587,80.220581,80.160553,80.099472,80.037323,79.974075,79.909729,79.844261,79.777657,79.709869,79.640884,79.570663,79.499214,79.426514,79.352493,79.277145,79.200455,79.122375,79.042870,78.961906,78.879471,78.795525,78.710014,78.622894,78.534157,78.443733,78.351608,78.257729,78.162033,78.064514,77.965073,77.863724,77.760353,77.654953,77.547462,77.437828,77.325966,77.211868,77.095444,76.976624,76.855370,76.731606,76.605278,76.476318,76.344643,76.210175,76.072861,75.932632,75.789398,75.643074,75.493607,75.340904,75.184868,75.025436,74.862495,74.695961,74.525772,74.351807,74.174011,73.992218,73.806389,73.616402,73.422157,73.223564,73.020485,72.812874,72.600578,72.383492,72.161537,71.934570,71.702499,71.465202,71.222572,70.974518,70.720917,70.461632,70.196579,69.925659,69.648743,69.365707,69.076515,68.780991,68.479080,68.170677,67.855698,67.534019,67.205612,66.870377,66.528236,66.179123,65.823029,65.459877,65.089600,64.712204,64.327675,63.935997,63.537174,63.131218,62.718185,62.298096,61.871021,61.437016,60.996181,60.548588,60.094368,59.633617,59.166435,58.692940,58.213223,57.727337,57.235268,56.736954,56.232155,55.720474,55.201183,54.673164,54.134647,53.583008,53.014328,52.422867,51.800312,51.134598,50.408447,49.597065,50.000000
75.000000,73.450722,74.179451,74.744377,75.194962,75.565674,75.880463,76.155876,76.403419,76.630966,76.843956,77.046173,77.240097,77.427452,77.609406,77.786682,77.959808,78.129044,78.294594,78.456573,78.614998,78.769920,78.921303,79.069145,79.213409,79.354088,79.491150,79.624588,79.754379,79.880516,80.003006,80.121864,80.237053,80.348618,80.456604,80.560997,80.661835,80.759155,80.852989,80.943382,81.030373,81.114014,81.194374,81.271461,81.345329,81.416039,81.483665,81.548286,81.609894,81.668587,81.724403,81.777428,81.827682,81.875244,81.920212,81.962555,82.002411,82.039772,82.074760,82.107384,82.137695,82.165794,82.191704,82.215454,82.237144,82.256783,82.274437,82.290161,82.303986,82.315971,82.326149,82.334557,82.341293,82.346321,82.349716,82.351547,82.351791,82.350540,82.347771,82.343582,82.337982,82.330986,82.322632,82.312950,82.301994,82.289749,82.276260,82.261589,82.245705,82.228668,82.210472,82.191162,82.170746,82.149269,82.126701,82.103088,82.078453,82.052818,82.026169,81.998550,81.969933,81.940376,81.909843,81.878387,81.846001,81.812691,81.778465,81.743347,81.707283,81.670357,81.632530,81.593803,81.554176,81.513680,81.472305,81.430008,81.386856,81.342812,81.297859,81.251999,81.205269,81.157616,81.109047,81.059570,81.009163,80.957802,80.905510,80.852257,80.798035,80.742836,80.686646,80.629463,80.571220,80.511963,80.451668,80.390266,80.327789,80.264214,80.199509,80.133629,80.066582,79.998360,79.928894,79.858200,79.786217,79.712936,79.638329,79.562355,79.485008,79.406227,79.325989,79.244263,79.161003,79.076218,78.989784,78.901756,78.812019,78.720566,78.627342,78.532333,78.435455,78.336693,78.235970,78.133232,78.028458,77.921570,77.812515,77.701263,77.587723,77.471840,77.353584,77.232849,77.109612,76.983772,76.855255,76.724022,76.590004,76.453079,76.313248,76.170341,76.024353,75.875160,75.722702,75.566879,75.407600,75.244820,75.078377,74.908234,74.734268,74.556404,74.374512,74.188507,73.998299,73.803749,73.604790,73.401283,73.193138,72.980247,72.762466,72.539711,72.311882,72.078819,71.840431,71.596588,71.347214,71.092140,70.831268,70.564491,70.291687,70.012726,69.727509,69.435913,69.137856,68.833206,68.521866,68.203743,67.878716,67.546745,67.207710,66.861534,66.508163,66.147514,65.779533,65.404221,65.021454,64.631287,64.233681,63.828636,63.416157,62.996269,62.569016,62.134449,61.692631,61.243664,60.787605,60.324585,59.854679,59.378014,58.894684,58.404755,57.908264,57.405178,56.895348,56.378471,55.854000,55.320980,54.778004,54.222797,53.651978,53.060555,52.441139,51.782959,51.070354,50.280659,49.381153,50.000000
75.000000,73.345306,74.125198,74.725586,75.201523,75.591080,75.920486,76.207870,76.465645,76.702347,76.923798,77.133949,77.335464,77.530190,77.719276,77.903496,78.083397,78.259270,78.431282,78.599548,78.764084,78.924957,79.082130,79.235573,79.385284,79.531235,79.673409,79.811790,79.946350,80.077095,80.204056,80.327179,80.446526,80.562119,80.673935,80.782028,80.886459,80.987244,81.084412,81.178009,81.268082,81.354691,81.437897,81.517746,81.594299,81.667595,81.737701,81.804695,81.868629,81.929543,81.987526,82.042648,82.094940,82.144463,82.191299,82.235504,82.277122,82.316216,82.352882,82.387154,82.419075,82.448700,82.476112,82.501328,82.524445,82.545486,82.564491,82.581566,82.596687,82.609932,82.621361,82.631012,82.638931,82.645149,82.649704,82.652664,82.654053,82.653893,82.652222,82.649078,82.644531,82.638588,82.631264,82.622597,82.612625,82.601387,82.588913,82.575188,82.560257,82.544159,82.526917,82.508537,82.489059,82.468483,82.446823,82.424133,82.400391,82.375626,82.349876,82.323128,82.295387,82.266693,82.237038,82.206429,82.174904,82.142433,82.109047,82.074783,82.039566,82.003471,81.966461,81.928566,81.889793,81.850113,81.809563,81.768097,81.725746,81.682503,81.638359,81.593338,81.547386,81.500565,81.452789,81.404106,81.354492,81.303947,81.252457,81.199997,81.146561,81.092163,81.036751,80.980339,80.922905,80.864433,80.804924,80.744301,80.682602,80.619797,80.555870,80.490791,80.424522,80.357071,80.288376,80.218437,80.147209,80.074707,80.000862,79.925652,79.849068,79.771027,79.691536,79.610573,79.528069,79.444000,79.358330,79.271019,79.182022,79.091286,78.998795,78.904488,78.808319,78.710251,78.610214,78.508179,78.404068,78.297836,78.189438,78.078835,77.965935,77.850677,77.733002,77.612862,77.490189,77.364914,77.236938,77.106216,76.972679,76.836250,76.696846,76.554375,76.408783,76.259972,76.107841,75.952324,75.793327,75.630745,75.464508,75.294525,75.120651,74.942810,74.760910,74.574844,74.384506,74.189781,73.990555,73.786720,73.578171,73.364777,73.146439,72.922997,72.694405,72.460487,72.221115,71.976189,71.725586,71.469177,71.206825,70.938431,70.663841,70.382965,70.095650,69.801796,69.501305,69.194016,68.879829,68.558678,68.230408,67.894943,67.552185,67.202034,66.844429,66.479301,66.106590,65.726219,65.338150,64.942352,64.538818,64.127533,63.708481,63.281712,62.847244,62.405128,61.955425,61.498222,61.033600,60.561661,60.082508,59.596260,59.103008,58.602833,58.095783,57.581799,57.060757,56.532345,55.995968,55.450668,54.894890,54.326263,53.741173,53.134209,52.497372,51.818901,51.081577,50.260342,49.318787,50.000000
75.000000,73.493240,74.246483,74.828491,75.292572,75.675262,76.001640,76.288826,76.548531,76.788696,77.014709,77.230179,77.437576,77.638466,77.833923,78.024628,78.211014,78.393318,78.571663,78.746193,78.916855,79.083694,79.246643,79.405754,79.560921,79.712173,79.859451,80.002777,80.142128,80.277489,80.408882,80.536316,80.659775,80.779335,80.894974,81.006783,81.114754,81.218910,81.319366,81.416130,81.509232,81.598801,81.684799,81.767349,81.846512,81.922325,81.994858,82.064186,82.130371,82.193481,82.253555,82.310692,82.364937,82.416367,82.465027,82.511009,82.554359,82.595139,82.633415,82.669243,82.702698,82.733833,82.762680,82.789322,82.813820,82.836182,82.856529,82.874863,82.891243,82.905739,82.918373,82.929207,82.938293,82.945633,82.951332,82.955383,82.957832,82.958755,82.958130,82.956039,82.952499,82.947563,82.941223,82.933556,82.924568,82.914261,82.902725,82.889954,82.875992,82.860825,82.844482,82.827019,82.808441,82.788757,82.768013,82.746178,82.723335,82.699448,82.674553,82.648666,82.621811,82.593964,82.565163,82.535431,82.504753,82.473114,82.440567,82.407112,82.372765,82.337494,82.301323,82.264259,82.226280,82.187439,82.147690,82.107063,82.065544,82.023109,81.979782,81.935562,81.890434,81.844414,81.797455,81.749573,81.700775,81.651047,81.600349,81.548691,81.496071,81.442474,81.387878,81.332283,81.275627,81.217964,81.159241,81.099426,81.038536,80.976540,80.913414,80.849121,80.783653,80.716980,80.649094,80.579941,80.509552,80.437828,80.364777,80.290359,80.214531,80.137291,80.058609,79.978424,79.896698,79.813393,79.728516,79.641968,79.553734,79.463776,79.372047,79.278511,79.183090,79.085770,78.986458,78.885132,78.781776,78.676277,78.568604,78.458679,78.346466,78.231895,78.114914,77.995415,77.873375,77.748718,77.621384,77.491257,77.358276,77.222412,77.083542,76.941574,76.796463,76.648094,76.496384,76.341270,76.182625,76.020370,75.854401,75.684639,75.510971,75.333298,75.151497,74.965469,74.775101,74.580284,74.380920,74.176872,73.968010,73.754250,73.535469,73.311493,73.082237,72.847557,72.607361,72.361458,72.109764,71.852142,71.588425,71.318535,71.042313,70.759628,70.470360,70.174355,69.871513,69.561699,69.244812,68.920708,68.589272,68.250427,67.904030,67.549995,67.188278,66.818718,66.441299,66.055923,65.662560,65.261177,64.851707,64.434174,64.008553,63.574867,63.133121,62.683388,62.225731,61.760204,61.286911,60.805946,60.317440,59.821499,59.318245,58.807789,58.290188,57.765457,57.233498,56.694088,56.146751,55.590660,55.024426,54.445923,53.851822,53.237137,52.594368,51.912407,51.174858,50.357674,49.425659,50.000000
75.000000,73.884209,74.535057,75.046661,75.463120,75.814484,76.121086,76.396667,76.650520,76.888901,77.115936,77.334381,77.546066,77.752121,77.953300,78.150070,78.342674,78.531281,78.715950,78.896683,79.073479,79.246262,79.415077,79.579826,79.740494,79.897064,80.049484,80.197769,80.341904,80.481857,80.617683,80.749367,80.876953,81.000458,81.119888,81.235344,81.346786,81.454346,81.558014,81.657875,81.753975,81.846382,81.935165,82.020386,82.102081,82.180351,82.255234,82.326805,82.395195,82.460396,82.522522,82.581619,82.637756,82.691025,82.741455,82.789154,82.834160,82.876549,82.916389,82.953728,82.988655,83.021217,83.051460,83.079460,83.105286,83.128952,83.150551,83.170120,83.187714,83.203377,83.217186,83.229164,83.239349,83.247810,83.254562,83.259674,83.263168,83.265106,83.265518,83.264412,83.261879,83.257904,83.252533,83.245819,83.237762,83.228424,83.217827,83.205963,83.192894,83.178619,83.163193,83.146622,83.128922,83.110138,83.090248,83.069298,83.047318,83.024277,83.000237,82.975227,82.949203,82.922195,82.894241,82.865326,82.835464,82.804695,82.773003,82.740372,82.706848,82.672401,82.637054,82.600815,82.563683,82.525658,82.486725,82.446930,82.406212,82.364609,82.322113,82.278709,82.234398,82.189178,82.143044,82.095985,82.048004,81.999084,81.949181,81.898369,81.846565,81.793770,81.739990,81.685219,81.629379,81.572540,81.514641,81.455666,81.395599,81.334412,81.272095,81.208633,81.143990,81.078133,81.011063,80.942749,80.873161,80.802246,80.730026,80.656441,80.581459,80.505035,80.427147,80.347778,80.266876,80.184410,80.100334,80.014626,79.927208,79.838051,79.747116,79.654396,79.559784,79.463234,79.364731,79.264221,79.161629,79.056892,78.949966,78.840820,78.729378,78.615540,78.499275,78.380524,78.259178,78.135216,78.008560,77.879112,77.746796,77.611549,77.473282,77.331932,77.187363,77.039558,76.888367,76.733719,76.575531,76.413696,76.248100,76.078690,75.905319,75.727875,75.546272,75.360405,75.170120,74.975357,74.775970,74.571808,74.362785,74.148773,73.929649,73.705254,73.475487,73.240189,72.999260,72.752541,72.499878,72.241158,71.976242,71.704987,71.427231,71.142891,70.851761,70.553749,70.248718,69.936508,69.616997,69.290070,68.955582,68.613441,68.263512,67.905685,67.539894,67.166000,66.783943,66.393623,65.995026,65.588058,65.172691,64.748894,64.316689,63.876053,63.427002,62.969597,62.503891,62.029949,61.547874,61.057785,60.559799,60.054058,59.540695,59.019878,58.491718,57.956303,57.413662,56.863728,56.306232,55.740650,55.166046,54.580875,53.982662,53.367546,52.729691,52.060238,51.345963,50.567207,49.694908,50.000000
75.000000,74.474365,74.959526,75.357605,75.697205,75.997383,76.270782,76.525734,76.767708,77.000221,77.225609,77.445282,77.660080,77.870590,78.077057,78.279625,78.478355,78.673195,78.864143,79.051109,79.234047,79.412865,79.587540,79.757996,79.924171,80.086075,80.243645,80.396889,80.545807,80.690384,80.830635,80.966545,81.098221,81.225624,81.348831,81.467873,81.582787,81.693611,81.800491,81.903389,82.002434,82.097626,82.189110,82.276901,82.361092,82.441719,82.518898,82.592690,82.663185,82.730423,82.794510,82.855499,82.913483,82.968491,83.020645,83.069977,83.116577,83.160515,83.201843,83.240639,83.276985,83.310913,83.342491,83.371803,83.398888,83.423790,83.446617,83.467361,83.486115,83.502922,83.517830,83.530891,83.542145,83.551643,83.559456,83.565598,83.570091,83.573013,83.574409,83.574272,83.572670,83.569641,83.565216,83.559433,83.552284,83.543846,83.534126,83.523178,83.510994,83.497604,83.483040,83.467354,83.450516,83.432571,83.413536,83.393463,83.372307,83.350128,83.326935,83.302734,83.277580,83.251389,83.224281,83.196205,83.167183,83.137222,83.106331,83.074554,83.041832,83.008217,82.973701,82.938286,82.901962,82.864754,82.826675,82.787666,82.747780,82.707001,82.665314,82.622742,82.579247,82.534851,82.489555,82.443314,82.396149,82.348053,82.299011,82.249001,82.198029,82.146072,82.093124,82.039169,81.984184,81.928192,81.871117,81.812973,81.753731,81.693413,81.631927,81.569298,81.505501,81.440514,81.374283,81.306808,81.238075,81.168022,81.096657,81.023918,80.949776,80.874207,80.797195,80.718689,80.638657,80.557030,80.473801,80.388962,80.302376,80.214104,80.124016,80.032127,79.938362,79.842682,79.745026,79.645340,79.543587,79.439682,79.333618,79.225281,79.114639,79.001610,78.886154,78.768196,78.647636,78.524445,78.398537,78.269829,78.138268,78.003716,77.866158,77.725449,77.581566,77.434372,77.283783,77.129730,76.972092,76.810768,76.645660,76.476669,76.303726,76.126640,75.945351,75.759750,75.569672,75.375069,75.175743,74.971626,74.762566,74.548416,74.329079,74.104408,73.874260,73.638474,73.396957,73.149521,72.896049,72.636391,72.370399,72.097916,71.818787,71.532906,71.240089,70.940186,70.633064,70.318596,69.996613,69.666969,69.329575,68.984238,68.630882,68.269363,67.899597,67.521431,67.134819,66.739647,66.335831,65.923332,65.502090,65.072090,64.633255,64.185646,63.729252,63.264107,62.790279,62.307838,61.816879,61.317524,60.809917,60.294216,59.770611,59.239304,58.700478,58.154358,57.601109,57.040878,56.473732,55.899563,55.318100,54.728664,54.130051,53.520233,52.895905,52.251850,51.580006,50.868046,50.097279,50.000000
75.000000,75.190933,75.468758,75.725479,75.969673,76.206390,76.438477,76.667465,76.894104,77.118576,77.340919,77.560944,77.778389,77.993073,78.204712,78.413048,78.617874,78.819031,79.016304,79.209595,79.398727,79.583633,79.764221,79.940399,80.112167,80.279419,80.442169,80.600380,80.754066,80.903229,81.047859,81.188026,81.323723,81.454987,81.581924,81.704506,81.822807,81.936935,82.046913,82.152809,82.254677,82.352631,82.446709,82.536987,82.623604,82.706558,82.785950,82.861893,82.934395,83.003632,83.069572,83.132401,83.192131,83.248840,83.302635,83.353531,83.401672,83.447083,83.489868,83.530045,83.567726,83.602966,83.635834,83.666367,83.694656,83.720757,83.744713,83.766594,83.786453,83.804344,83.820305,83.834412,83.846710,83.857231,83.865997,83.873116,83.878586,83.882462,83.884789,83.885582,83.884903,83.882797,83.879250,83.874352,83.868103,83.860535,83.851707,83.841599,83.830284,83.817741,83.804054,83.789185,83.773186,83.756096,83.737915,83.718643,83.698349,83.677002,83.654625,83.631256,83.606911,83.581558,83.555252,83.528000,83.499809,83.470665,83.440605,83.409637,83.377724,83.344925,83.311241,83.276619,83.241135,83.204758,83.167480,83.129295,83.090240,83.050285,83.009438,82.967690,82.925034,82.881462,82.836990,82.791588,82.745255,82.697990,82.649780,82.600624,82.550476,82.499367,82.447273,82.394173,82.340042,82.284889,82.228661,82.171387,82.113014,82.053520,81.992912,81.931160,81.868225,81.804100,81.738747,81.672150,81.604294,81.535133,81.464630,81.392769,81.319527,81.244850,81.168739,81.091125,81.011978,80.931252,80.848923,80.764977,80.679298,80.591911,80.502739,80.411758,80.318878,80.224098,80.127342,80.028542,79.927689,79.824692,79.719482,79.612045,79.502274,79.390129,79.275543,79.158424,79.038727,78.916389,78.791313,78.663422,78.532646,78.398911,78.262131,78.122200,77.979034,77.832565,77.682686,77.529305,77.372307,77.211601,77.047104,76.878662,76.706207,76.529610,76.348755,76.163528,75.973808,75.779465,75.580360,75.376389,75.167412,74.953278,74.733871,74.509048,74.278633,74.042534,73.800560,73.552559,73.298409,73.037949,72.771019,72.497467,72.217125,71.929848,71.635468,71.333847,71.024803,70.708183,70.383850,70.051666,69.711464,69.363083,69.006409,68.641304,68.267670,67.885368,67.494247,67.094276,66.685326,66.267349,65.840263,65.404037,64.958626,64.504028,64.040253,63.567322,63.085293,62.594242,62.094265,61.585514,61.068119,60.542297,60.008240,59.466228,58.916550,58.359520,57.795513,57.224930,56.648190,56.065735,55.478031,54.885494,54.288448,53.687115,53.081371,52.470543,51.853146,51.226166,50.584335,50.000000
75.000000,75.941292,75.998177,76.105347,76.249298,76.419792,76.609123,76.811493,77.022552,77.239037,77.458511,77.679131,77.899513,78.118614,78.335632,78.549957,78.761108,78.968719,79.172485,79.372200,79.567642,79.758743,79.945305,80.127304,80.304642,80.477287,80.645203,80.808380,80.966850,81.120583,81.269600,81.413963,81.553658,81.688766,81.819344,81.945404,82.067070,82.184380,82.297417,82.406197,82.510864,82.611481,82.708122,82.800842,82.889755,82.974937,83.056488,83.134460,83.208977,83.280060,83.347839,83.412399,83.473793,83.532127,83.587463,83.639885,83.689468,83.736290,83.780418,83.821938,83.860893,83.897369,83.931458,83.963165,83.992615,84.019829,84.044899,84.067848,84.088768,84.107674,84.124672,84.139755,84.153030,84.164490,84.174232,84.182274,84.188683,84.193459,84.196671,84.198372,84.198570,84.197350,84.194664,84.190628,84.185226,84.178520,84.170532,84.161247,84.150787,84.139076,84.126213,84.112167,84.097000,84.080719,84.063362,84.044914,84.025406,84.004883,83.983322,83.960762,83.937225,83.912689,83.887199,83.860741,83.833359,83.805031,83.775780,83.745621,83.714539,83.682549,83.649673,83.615891,83.581215,83.545647,83.509193,83.471832,83.433601,83.394478,83.354454,83.313530,83.271690,83.228973,83.185341,83.140778,83.095276,83.048882,83.001495,82.953194,82.903915,82.853661,82.802429,82.750160,82.696922,82.642616,82.587265,82.530861,82.473381,82.414780,82.355057,82.294189,82.232140,82.168915,82.104462,82.038788,81.971825,81.903564,81.833977,81.763039,81.690720,81.616966,81.541763,81.465088,81.386864,81.307091,81.225693,81.142670,81.057938,80.971512,80.883278,80.793228,80.701324,80.607506,80.511673,80.413834,80.313934,80.211891,80.107643,80.001122,79.892288,79.781097,79.667442,79.551247,79.432495,79.311050,79.186913,79.059906,78.930031,78.797165,78.661232,78.522171,78.379845,78.234184,78.085098,77.932487,77.776245,77.616257,77.452446,77.284691,77.112846,76.936852,76.756531,76.571800,76.382538,76.188583,75.989838,75.786163,75.577400,75.363411,75.144073,74.919243,74.688736,74.452423,74.210167,73.961761,73.707100,73.445984,73.178291,72.903816,72.622391,72.333900,72.038124,71.734886,71.424095,71.105507,70.778992,70.444351,70.101501,69.750214,69.390381,69.021843,68.644432,68.258049,67.862579,67.457893,67.043892,66.620491,66.187599,65.745178,65.293190,64.831581,64.360405,63.879631,63.389332,62.889568,62.380463,61.862133,61.334774,60.798584,60.253838,59.700832,59.139969,58.571678,57.996517,57.415146,56.828346,56.237160,55.642773,55.046761,54.451115,53.858341,53.271755,52.695614,52.135464,51.598545,51.094292,50.000000
75.000000,76.624535,76.477989,76.448944,76.502754,76.614677,76.766983,76.947044,77.145737,77.356621,77.575043,77.797623,78.021950,78.246254,78.469269,78.690056,78.907890,79.122253,79.332726,79.539040,79.740967,79.938324,80.130974,80.318810,80.501801,80.679855,80.852989,81.021141,81.184364,81.342651,81.496002,81.644501,81.788177,81.927055,82.061234,82.190750,82.315689,82.436111,82.552101,82.663750,82.771118,82.874313,82.973396,83.068481,83.159637,83.246979,83.330589,83.410538,83.486900,83.559814,83.629311,83.695534,83.758537,83.818405,83.875221,83.929070,83.980042,84.028175,84.073624,84.116379,84.156555,84.194206,84.229424,84.262268,84.292801,84.321091,84.347183,84.371147,84.393066,84.412956,84.430893,84.446938,84.461136,84.473518,84.484154,84.493088,84.500366,84.506020,84.510109,84.512657,84.513702,84.513306,84.511467,84.508255,84.503693,84.497787,84.490608,84.482162,84.472481,84.461586,84.449524,84.436264,84.421906,84.406448,84.389862,84.372208,84.353508,84.333778,84.313026,84.291245,84.268509,84.244781,84.220093,84.194427,84.167847,84.140335,84.111900,84.082542,84.052254,84.021103,83.989014,83.956039,83.922180,83.887428,83.851799,83.815262,83.777840,83.739540,83.700363,83.660286,83.619278,83.577400,83.534599,83.490891,83.446243,83.400688,83.354179,83.306747,83.258347,83.208931,83.158562,83.107193,83.054810,83.001404,82.946968,82.891449,82.834862,82.777153,82.718330,82.658363,82.597260,82.534958,82.471420,82.406670,82.340652,82.273338,82.204712,82.134697,82.063332,81.990547,81.916298,81.840569,81.763321,81.684525,81.604118,81.522072,81.438332,81.352890,81.265640,81.176582,81.085678,80.992851,80.898041,80.801208,80.702293,80.601273,80.498009,80.392540,80.284706,80.174507,80.061859,79.946686,79.828896,79.708466,79.585289,79.459274,79.330376,79.198471,79.063492,78.925362,78.783958,78.639236,78.491035,78.339302,78.183899,78.024750,77.861740,77.694763,77.523674,77.348358,77.168732,76.984627,76.795944,76.602524,76.404259,76.201004,75.992592,75.778893,75.559784,75.335083,75.104622,74.868294,74.625877,74.377243,74.122223,73.860626,73.592308,73.317078,73.034775,72.745216,72.448204,72.143562,71.831146,71.510750,71.182213,70.845329,70.499962,70.145920,69.783051,69.411179,69.030167,68.639862,68.240120,67.830811,67.411842,66.983093,66.544472,66.095901,65.637337,65.168747,64.690125,64.201477,63.702820,63.194256,62.675869,62.147808,61.610256,61.063454,60.507687,59.943329,59.370815,58.790726,58.203747,57.610779,57.012981,56.411808,55.809216,55.207783,54.610996,54.023556,53.451923,52.904957,52.394913,51.938725,51.559956,50.000000
75.000000,77.145050,76.842567,76.711266,76.699280,76.770004,76.897728,77.064301,77.257057,77.466911,77.687546,77.914459,78.144485,78.375252,78.605217,78.833138,79.058136,79.279655,79.497169,79.710327,79.918854,80.122627,80.321442,80.515228,80.703888,80.887398,81.065735,81.238846,81.406822,81.569618,81.727303,81.879898,82.027481,82.170082,82.307800,82.440681,82.568817,82.692276,82.811165,82.925560,83.035561,83.141243,83.242706,83.340057,83.433365,83.522751,83.608330,83.690140,83.768318,83.842934,83.914101,83.981895,84.046410,84.107735,84.165939,84.221146,84.273415,84.322815,84.369446,84.413391,84.454720,84.493477,84.529785,84.563683,84.595230,84.624527,84.651604,84.676521,84.699379,84.720184,84.739044,84.755981,84.771042,84.784309,84.795784,84.805580,84.813675,84.820152,84.825073,84.828430,84.830284,84.830688,84.829659,84.827217,84.823448,84.818352,84.811958,84.804306,84.795387,84.785278,84.773972,84.761528,84.747955,84.733246,84.717453,84.700577,84.682648,84.663704,84.643707,84.622765,84.600769,84.577843,84.553932,84.529076,84.503281,84.476547,84.448921,84.420334,84.390877,84.360519,84.329247,84.297066,84.264038,84.230110,84.195282,84.159592,84.122986,84.085518,84.047165,84.007912,83.967758,83.926735,83.884781,83.841927,83.798157,83.753464,83.707809,83.661240,83.613701,83.565193,83.515717,83.465248,83.413750,83.361259,83.307709,83.253082,83.197426,83.140648,83.082764,83.023735,82.963562,82.902191,82.839622,82.775818,82.710754,82.644409,82.576752,82.507744,82.437340,82.365555,82.292297,82.217575,82.141357,82.063560,81.984177,81.903137,81.820442,81.736000,81.649826,81.561806,81.471954,81.380173,81.286415,81.190659,81.092827,80.992836,80.890671,80.786247,80.679512,80.570381,80.458801,80.344688,80.227982,80.108604,79.986519,79.861565,79.733696,79.602859,79.468910,79.331818,79.191452,79.047714,78.900528,78.749756,78.595337,78.437126,78.275024,78.108932,77.938705,77.764221,77.585381,77.402031,77.214066,77.021317,76.823669,76.620979,76.413071,76.199829,75.981087,75.756668,75.526428,75.290199,75.047829,74.799110,74.543900,74.281998,74.013252,73.737442,73.454407,73.163956,72.865883,72.560020,72.246170,71.924149,71.593765,71.254799,70.907089,70.550468,70.184708,69.809685,69.425186,69.031097,68.627213,68.213425,67.789581,67.355553,66.911285,66.456635,65.991562,65.515976,65.029892,64.533325,64.026245,63.508770,62.980957,62.442986,61.895020,61.337299,60.770157,60.193977,59.609268,59.016674,58.417007,57.811340,57.201057,56.587986,55.974632,55.364365,54.761799,54.173359,53.607975,53.078159,52.601559,52.202999,51.917599,50.000000
75.000000,77.425674,77.039482,76.856857,76.814842,76.869560,76.990440,77.156090,77.351654,77.566711,77.794014,78.028397,78.266319,78.505196,78.743217,78.979141,79.211998,79.441086,79.665939,79.886200,80.101570,80.311867,80.516960,80.716728,80.911118,81.100090,81.283638,81.461739,81.634415,81.801712,81.963661,82.120316,82.271744,82.417984,82.559174,82.695343,82.826599,82.953026,83.074730,83.191757,83.304291,83.412376,83.516144,83.615654,83.711029,83.802368,83.889809,83.973404,84.053291,84.129524,84.202240,84.271515,84.337463,84.400146,84.459679,84.516159,84.569633,84.620224,84.668007,84.713051,84.755432,84.795242,84.832535,84.867432,84.899948,84.930168,84.958153,84.983971,85.007713,85.029404,85.049088,85.066872,85.082764,85.096825,85.109123,85.119713,85.128624,85.135895,85.141563,85.145714,85.148323,85.149498,85.149231,85.147560,85.144554,85.140198,85.134567,85.127640,85.119507,85.110138,85.099617,85.087921,85.075073,85.061127,85.046104,85.029991,85.012848,84.994659,84.975441,84.955215,84.934021,84.911865,84.888725,84.864655,84.839645,84.813690,84.786827,84.759071,84.730400,84.700821,84.670364,84.639008,84.606766,84.573654,84.539635,84.504768,84.469009,84.432388,84.394859,84.356453,84.317162,84.276970,84.235878,84.193893,84.150978,84.107147,84.062393,84.016693,83.970062,83.922447,83.873840,83.824287,83.773727,83.722130,83.669502,83.615837,83.561089,83.505257,83.448326,83.390236,83.331017,83.270630,83.209053,83.146217,83.082146,83.016808,82.950150,82.882156,82.812782,82.741997,82.669792,82.596115,82.520905,82.444176,82.365875,82.285889,82.204262,82.120934,82.035835,81.948914,81.860130,81.769470,81.676834,81.582191,81.485466,81.386627,81.285568,81.182281,81.076675,80.968704,80.858261,80.745293,80.629738,80.511513,80.390541,80.266739,80.140053,80.010338,79.877533,79.741554,79.602280,79.459671,79.313568,79.163895,79.010536,78.853378,78.692299,78.527214,78.357964,78.184464,78.006531,77.824089,77.636963,77.445015,77.248154,77.046150,76.838905,76.626251,76.408028,76.184082,75.954224,75.718277,75.476097,75.227493,74.972267,74.710236,74.441223,74.165024,73.881462,73.590294,73.291382,72.984474,72.669395,72.345917,72.013863,71.673004,71.323151,70.964111,70.595650,70.217644,69.829842,69.432083,69.024239,68.606079,68.177483,67.738319,67.288467,66.827774,66.356224,65.873718,65.380188,64.875626,64.360092,63.833595,63.296246,62.748158,62.189518,61.620579,61.041664,60.453171,59.855633,59.249733,58.636333,58.016586,57.392002,56.764614,56.137192,55.513531,54.898903,54.300686,53.729259,53.199356,52.731834,52.356495,52.115799,50.000000
75.000000,77.418884,77.037323,76.864922,76.835861,76.904518,77.039391,77.218689,77.427261,77.654648,77.893562,78.138969,78.387299,78.636040,78.883446,79.128250,79.369598,79.606773,79.839348,80.066948,80.289337,80.506325,80.717804,80.923630,81.123810,81.318253,81.507004,81.690056,81.867416,82.039162,82.205322,82.365967,82.521164,82.670998,82.815559,82.954926,83.089211,83.218529,83.342911,83.462532,83.577461,83.687859,83.793800,83.895363,83.992722,84.085945,84.175117,84.260414,84.341881,84.419655,84.493843,84.564507,84.631767,84.695732,84.756493,84.814148,84.868774,84.920448,84.969292,85.015350,85.058731,85.099503,85.137756,85.173523,85.206940,85.238022,85.266876,85.293533,85.318085,85.340569,85.361076,85.379639,85.396301,85.411133,85.424210,85.435532,85.445168,85.453194,85.459618,85.464493,85.467842,85.469749,85.470207,85.469276,85.466972,85.463341,85.458435,85.452255,85.444832,85.436195,85.426399,85.415443,85.403328,85.390121,85.375824,85.360466,85.344032,85.326576,85.308128,85.288673,85.268257,85.246834,85.224464,85.201157,85.176926,85.151756,85.125671,85.098694,85.070816,85.042038,85.012360,84.981812,84.950401,84.918098,84.884903,84.850861,84.815926,84.780113,84.743446,84.705879,84.667442,84.628082,84.587868,84.546753,84.504715,84.461777,84.417885,84.373093,84.327347,84.280655,84.232986,84.184334,84.134689,84.084038,84.032349,83.979645,83.925850,83.870972,83.815010,83.757927,83.699692,83.640289,83.579712,83.517891,83.454834,83.390511,83.324890,83.257927,83.189613,83.119896,83.048752,82.976158,82.902031,82.826385,82.749168,82.670334,82.589821,82.507591,82.423615,82.337845,82.250244,82.160713,82.069252,81.975769,81.880234,81.782570,81.682716,81.580635,81.476242,81.369461,81.260239,81.148499,81.034164,80.917183,80.797440,80.674858,80.549362,80.420883,80.289299,80.154533,80.016518,79.875099,79.730202,79.581711,79.429520,79.273521,79.113617,78.949646,78.781525,78.609077,78.432228,78.250793,78.064674,77.873695,77.677719,77.476585,77.270149,77.058266,76.840721,76.617386,76.388077,76.152611,75.910820,75.662468,75.407425,75.145485,74.876381,74.599998,74.316078,74.024437,73.724846,73.417114,73.100983,72.776268,72.442749,72.100204,71.748405,71.387138,71.016197,70.635376,70.244438,69.843216,69.431534,69.009186,68.575958,68.131790,67.676445,67.209846,66.731873,66.242439,65.741478,65.228973,64.704887,64.169296,63.622253,63.063885,62.494335,61.913868,61.322765,60.721451,60.110413,59.490337,58.862072,58.226749,57.585865,56.941441,56.296223,55.654003,55.020084,54.401917,53.810062,53.259583,52.772030,52.378319,52.122944,50.000000
75.000000,77.114670,76.830742,76.732979,76.761383,76.874832,77.045059,77.252747,77.484581,77.731400,77.986931,78.246796,78.507957,78.768280,79.026291,79.280914,79.531395,79.777107,80.017731,80.252945,80.482536,80.706337,80.924248,81.136208,81.342178,81.542122,81.736046,81.924026,82.106056,82.282181,82.452499,82.617058,82.775963,82.929283,83.077141,83.219612,83.356812,83.488876,83.615891,83.737953,83.855225,83.967796,84.075798,84.179329,84.278534,84.373497,84.464355,84.551208,84.634193,84.713379,84.788902,84.860870,84.929359,84.994522,85.056412,85.115166,85.170830,85.223511,85.273323,85.320328,85.364632,85.406288,85.445404,85.482040,85.516251,85.548141,85.577774,85.605217,85.630524,85.653732,85.674995,85.694275,85.711670,85.727226,85.741005,85.753029,85.763382,85.772087,85.779213,85.784767,85.788834,85.791428,85.792572,85.792328,85.790718,85.787796,85.783562,85.778091,85.771370,85.763451,85.754341,85.744072,85.732674,85.720215,85.706627,85.691971,85.676285,85.659576,85.641830,85.623116,85.603439,85.582764,85.561157,85.538597,85.515137,85.490730,85.465439,85.439217,85.412102,85.384117,85.355240,85.325508,85.294884,85.263397,85.231041,85.197792,85.163719,85.128746,85.092911,85.056183,85.018608,84.980133,84.940765,84.900528,84.859367,84.817322,84.774345,84.730453,84.685608,84.639824,84.593094,84.545357,84.496674,84.446960,84.396248,84.344490,84.291679,84.237801,84.182823,84.126755,84.069496,84.011131,83.951576,83.890785,83.828789,83.765488,83.700951,83.635063,83.567833,83.499229,83.429176,83.357689,83.284691,83.210190,83.134117,83.056412,82.977058,82.896019,82.813232,82.728661,82.642220,82.553932,82.463684,82.371422,82.277130,82.180702,82.082130,81.981300,81.878174,81.772675,81.664734,81.554283,81.441269,81.325577,81.207161,81.085876,80.961700,80.834534,80.704269,80.570824,80.434097,80.294006,80.150406,80.003235,79.852318,79.697617,79.538948,79.376251,79.209358,79.038147,78.862473,78.682220,78.497238,78.307358,78.112434,77.912323,77.706863,77.495888,77.279213,77.056679,76.828094,76.593277,76.352036,76.104179,75.849495,75.587799,75.318863,75.042480,74.758430,74.466499,74.166481,73.858116,73.541168,73.215439,72.880676,72.536644,72.183121,71.819855,71.446625,71.063179,70.669334,70.264862,69.849510,69.423119,68.985458,68.536385,68.075714,67.603287,67.118988,66.622696,66.114334,65.593864,65.061249,64.516472,63.959621,63.390781,62.810101,62.217785,61.614113,60.999454,60.374283,59.739170,59.094925,58.442554,57.783390,57.119225,56.452492,55.786541,55.126034,54.477573,53.850548,53.258423,52.720566,52.265007,51.932346,50.000000
75.000000,76.543320,76.442444,76.477913,76.604027,76.789795,77.014267,77.263329,77.527351,77.799759,78.076180,78.353485,78.629562,78.902962,79.172607,79.437759,79.697899,79.952591,80.201538,80.444565,80.681511,80.912239,81.136681,81.354797,81.566566,81.772003,81.971107,82.163956,82.350571,82.531029,82.705444,82.873825,83.036316,83.193039,83.344093,83.489563,83.629570,83.764275,83.893784,84.018196,84.137672,84.252319,84.362259,84.467644,84.568565,84.665176,84.757561,84.845894,84.930244,85.010765,85.087547,85.160698,85.230331,85.296570,85.359505,85.419228,85.475861,85.529457,85.580170,85.628044,85.673164,85.715645,85.755531,85.792923,85.827888,85.860519,85.890869,85.919022,85.945023,85.968964,85.990852,86.010803,86.028877,86.045105,86.059525,86.072205,86.083229,86.092575,86.100357,86.106583,86.111290,86.114510,86.116325,86.116760,86.115799,86.113541,86.109970,86.105148,86.099113,86.091850,86.083443,86.073868,86.063156,86.051376,86.038475,86.024551,86.009544,85.993553,85.976547,85.958549,85.939583,85.919655,85.898788,85.876976,85.854256,85.830605,85.806053,85.780632,85.754318,85.727097,85.699020,85.670074,85.640259,85.609573,85.578018,85.545647,85.512360,85.478226,85.443237,85.407379,85.370651,85.333038,85.294571,85.255196,85.214951,85.173782,85.131721,85.088730,85.044807,84.999985,84.954155,84.907417,84.859657,84.810928,84.761177,84.710419,84.658592,84.605713,84.551743,84.496689,84.440514,84.383141,84.324638,84.264938,84.204002,84.141815,84.078339,84.013573,83.947449,83.879951,83.811050,83.740723,83.668884,83.595543,83.520645,83.444145,83.366020,83.286179,83.204628,83.121300,83.036133,82.949089,82.860100,82.769135,82.676140,82.581032,82.483749,82.384270,82.282463,82.178314,82.071739,81.962677,81.851013,81.736702,81.619652,81.499809,81.377029,81.251274,81.122406,80.990379,80.855072,80.716377,80.574211,80.428436,80.278938,80.125648,79.968391,79.807060,79.641518,79.471657,79.297318,79.118355,78.934662,78.746048,78.552338,78.353416,78.149094,77.939209,77.723579,77.502029,77.274338,77.040375,76.799881,76.552689,76.298592,76.037369,75.768776,75.492630,75.208672,74.916679,74.616447,74.307686,73.990173,73.663651,73.327873,72.982613,72.627579,72.262535,71.887238,71.501442,71.104874,70.697319,70.278557,69.848312,69.406380,68.952599,68.486732,68.008614,67.518089,67.015022,66.499336,65.970917,65.429718,64.875732,64.308968,63.729519,63.137516,62.533081,61.916473,61.288010,60.648079,59.997192,59.335957,58.665222,57.986019,57.299732,56.608196,55.913925,55.220375,54.532463,53.857113,53.204384,52.588852,52.031773,51.564281,50.000000
75.000000,75.773293,75.921349,76.134666,76.388596,76.667114,76.959663,77.259483,77.562012,77.864410,78.164658,78.461464,78.753937,79.041397,79.323441,79.599663,79.869858,80.133789,80.391312,80.642319,80.886711,81.124428,81.355431,81.579735,81.797302,82.008202,82.212433,82.410103,82.601265,82.785965,82.964348,83.136482,83.302475,83.462486,83.616608,83.764954,83.907669,84.044884,84.176758,84.303391,84.424942,84.541512,84.653320,84.760391,84.862930,84.961060,85.054878,85.144554,85.230186,85.311897,85.389801,85.464050,85.534698,85.601952,85.665802,85.726418,85.783913,85.838356,85.889839,85.938461,85.984360,86.027534,86.068153,86.106232,86.141876,86.175186,86.206161,86.234947,86.261604,86.286148,86.308693,86.329262,86.347946,86.364754,86.379799,86.393105,86.404694,86.414696,86.423058,86.429886,86.435204,86.439072,86.441475,86.442513,86.442192,86.440575,86.437645,86.433464,86.428062,86.421455,86.413681,86.404762,86.394745,86.383591,86.371391,86.358131,86.343842,86.328537,86.312225,86.294952,86.276680,86.257462,86.237335,86.216270,86.194275,86.171394,86.147614,86.122940,86.097382,86.070953,86.043678,86.015511,85.986481,85.956627,85.925880,85.894310,85.861870,85.828575,85.794441,85.759438,85.723579,85.686829,85.649231,85.610764,85.571396,85.531151,85.490021,85.447952,85.404991,85.361069,85.316216,85.270416,85.223640,85.175888,85.127121,85.077362,85.026550,84.974709,84.921776,84.867752,84.812614,84.756340,84.698914,84.640282,84.580467,84.519402,84.457031,84.393410,84.328445,84.262108,84.194374,84.125221,84.054604,83.982468,83.908775,83.833527,83.756645,83.678070,83.597794,83.515747,83.431885,83.346153,83.258514,83.168900,83.077255,82.983513,82.887611,82.789528,82.689133,82.586418,82.481277,82.373627,82.263405,82.150566,82.035004,81.916626,81.795341,81.671074,81.543747,81.413216,81.279449,81.142265,81.001602,80.857368,80.709412,80.557617,80.401871,80.242065,80.078011,79.909622,79.736786,79.559273,79.376984,79.189774,78.997467,78.799904,78.596878,78.388268,78.173866,77.953468,77.726906,77.493950,77.254448,77.008133,76.754822,76.494278,76.226273,75.950577,75.666962,75.375153,75.074936,74.765999,74.448143,74.121101,73.784569,73.438324,73.082031,72.715485,72.338371,71.950439,71.551407,71.141022,70.719032,70.285156,69.839188,69.380867,68.909981,68.426315,67.929718,67.420006,66.897041,66.360733,65.811005,65.247734,64.671051,64.080856,63.477333,62.860550,62.230713,61.588051,60.932865,60.265553,59.586555,58.896404,58.195816,57.485596,56.766804,56.040813,55.309448,54.575241,53.841789,53.114254,52.400303,51.711327,51.064423,50.000000
75.000000,74.903603,75.337112,75.752136,76.149536,76.530937,76.898186,77.253098,77.597054,77.931282,78.256653,78.573868,78.883316,79.185326,79.480057,79.767632,80.048073,80.321411,80.587593,80.846657,81.098572,81.343307,81.580902,81.811363,82.034752,82.251045,82.460358,82.662773,82.858368,83.047234,83.229485,83.405266,83.574646,83.737816,83.894875,84.045982,84.191261,84.330872,84.464943,84.593666,84.717148,84.835564,84.949020,85.057701,85.161697,85.261215,85.356346,85.447227,85.534004,85.616798,85.695747,85.770935,85.842529,85.910637,85.975334,86.036743,86.094994,86.150169,86.202362,86.251671,86.298225,86.342056,86.383270,86.421982,86.458229,86.492111,86.523682,86.553047,86.580246,86.605370,86.628464,86.649597,86.668823,86.686211,86.701813,86.715660,86.727844,86.738388,86.747299,86.754700,86.760590,86.765030,86.768036,86.769653,86.769920,86.768875,86.766563,86.762985,86.758194,86.752213,86.745079,86.736778,86.727409,86.716911,86.705376,86.692749,86.679138,86.664505,86.648895,86.632294,86.614754,86.596252,86.576820,86.556473,86.535217,86.513069,86.490028,86.466125,86.441330,86.415680,86.389168,86.361801,86.333588,86.304535,86.274590,86.243843,86.212242,86.179779,86.146484,86.112350,86.077362,86.041496,86.004807,85.967232,85.928749,85.889412,85.849197,85.808067,85.766029,85.723099,85.679207,85.634384,85.588615,85.541847,85.494087,85.445351,85.395576,85.344765,85.292892,85.239944,85.185898,85.130699,85.074387,85.016869,84.958176,84.898232,84.837059,84.774574,84.710793,84.645653,84.579132,84.511185,84.441803,84.370918,84.298523,84.224525,84.148941,84.071671,83.992714,83.912018,83.829506,83.745163,83.658890,83.570694,83.480446,83.388130,83.293694,83.197044,83.098137,82.996902,82.893257,82.787148,82.678459,82.567177,82.453156,82.336342,82.216652,82.093971,81.968254,81.839355,81.707169,81.571632,81.432617,81.289986,81.143677,80.993523,80.839432,80.681244,80.518845,80.352112,80.180855,80.004959,79.824295,79.638641,79.447891,79.251823,79.050301,78.843124,78.630119,78.411095,78.185837,77.954132,77.715797,77.470566,77.218269,76.958641,76.691444,76.416451,76.133385,75.842033,75.542068,75.233269,74.915329,74.588028,74.251007,73.904015,73.546776,73.178978,72.800331,72.410530,72.009300,71.596336,71.171387,70.734131,70.284325,69.821693,69.346001,68.857002,68.354485,67.838242,67.308159,66.764023,66.205757,65.633278,65.046562,64.445587,63.830402,63.201084,62.557770,61.900608,61.229820,60.545620,59.848289,59.138081,58.415276,57.680080,56.932697,56.173176,55.401531,54.617565,53.820919,53.011143,52.187695,51.350197,50.498848,50.000000
75.000000,74.051895,74.771645,75.387375,75.926476,76.408890,76.849098,77.257568,77.641762,78.006943,78.356819,78.693970,79.020119,79.336494,79.643837,79.942719,80.233414,80.516151,80.791023,81.058167,81.317589,81.569359,81.813515,82.050110,82.279205,82.500870,82.715195,82.922279,83.122231,83.315132,83.501160,83.680405,83.853073,84.019241,84.179108,84.332817,84.480515,84.622375,84.758530,84.889175,85.014450,85.134521,85.249535,85.359642,85.465004,85.565758,85.662033,85.754036,85.841820,85.925560,86.005402,86.081459,86.153877,86.222710,86.288139,86.350258,86.409149,86.464951,86.517776,86.567680,86.614784,86.659187,86.700951,86.740166,86.776947,86.811333,86.843407,86.873291,86.900986,86.926628,86.950211,86.971825,86.991562,87.009460,87.025551,87.039909,87.052605,87.063644,87.073097,87.081032,87.087440,87.092415,87.095955,87.098137,87.098953,87.098473,87.096733,87.093742,87.089539,87.084129,87.077606,87.069939,87.061142,87.051292,87.040382,87.028427,87.015457,87.001488,86.986542,86.970604,86.953758,86.935936,86.917236,86.897583,86.877045,86.855637,86.833344,86.810188,86.786140,86.761269,86.735535,86.708954,86.681503,86.653252,86.624161,86.594223,86.563454,86.531845,86.499405,86.466118,86.431999,86.397034,86.361206,86.324532,86.286980,86.248581,86.209290,86.169121,86.128044,86.086052,86.043152,85.999321,85.954552,85.908798,85.862091,85.814369,85.765648,85.715889,85.665092,85.613228,85.560295,85.506218,85.451004,85.394638,85.337097,85.278351,85.218338,85.157051,85.094498,85.030571,84.965309,84.898613,84.830498,84.760925,84.689804,84.617157,84.542900,84.467010,84.389412,84.310104,84.228996,84.146072,84.061241,83.974480,83.885712,83.794899,83.701958,83.606850,83.509483,83.409813,83.307739,83.203209,83.096153,82.986473,82.874123,82.758965,82.640938,82.519943,82.395920,82.268723,82.138275,82.004471,81.867210,81.726341,81.581772,81.433418,81.281082,81.124649,80.964043,80.799065,80.629608,80.455467,80.276520,80.092636,79.903572,79.709198,79.509354,79.303818,79.092400,78.874924,78.651169,78.420952,78.183998,77.940102,77.689034,77.430573,77.164429,76.890396,76.608162,76.317482,76.018074,75.709663,75.391945,75.064621,74.727417,74.380013,74.022064,73.653328,73.273415,72.882065,72.478920,72.063698,71.636047,71.195679,70.742302,70.275620,69.795326,69.301186,68.792938,68.270363,67.733246,67.181419,66.614723,66.033066,65.436333,64.824524,64.197624,63.555641,62.898682,62.226822,61.540169,60.838833,60.122906,59.392365,58.647099,57.886753,57.110664,56.317665,55.505913,54.672512,53.813194,52.921722,51.989216,51.003124,49.946018,50.000000
75.000000,73.339233,74.308586,75.098068,75.759193,76.328316,76.831230,77.286003,77.705231,78.097740,78.469589,78.824936,79.166664,79.496613,79.816116,80.125954,80.426697,80.718712,81.002220,81.277367,81.544273,81.803017,82.053696,82.296356,82.531120,82.758041,82.977272,83.188896,83.393082,83.589912,83.779549,83.962173,84.137939,84.306984,84.469498,84.625648,84.775620,84.919556,85.057640,85.190071,85.316971,85.438545,85.554955,85.666367,85.772903,85.874763,85.972054,86.065010,86.153702,86.238281,86.318893,86.395645,86.468727,86.538223,86.604263,86.666946,86.726410,86.782745,86.836067,86.886482,86.934052,86.978928,87.021164,87.060822,87.098053,87.132866,87.165405,87.195702,87.223831,87.249893,87.273903,87.295975,87.316154,87.334480,87.351036,87.365845,87.378990,87.390526,87.400444,87.408844,87.415749,87.421204,87.425262,87.427933,87.429298,87.429359,87.428123,87.425705,87.422050,87.417221,87.411247,87.404152,87.395981,87.386719,87.376419,87.365105,87.352753,87.339439,87.325142,87.309868,87.293686,87.276566,87.258537,87.239601,87.219788,87.199089,87.177528,87.155090,87.131805,87.107689,87.082733,87.056923,87.030296,87.002846,86.974556,86.945442,86.915497,86.884750,86.853149,86.820732,86.787483,86.753395,86.718475,86.682724,86.646080,86.608620,86.570267,86.531044,86.490936,86.449944,86.408028,86.365181,86.321442,86.276718,86.231041,86.184380,86.136734,86.088066,86.038383,85.987617,85.935791,85.882866,85.828812,85.773605,85.717247,85.659683,85.600883,85.540833,85.479515,85.416870,85.352882,85.287491,85.220688,85.152428,85.082672,85.011360,84.938499,84.864006,84.787827,84.709953,84.630310,84.548843,84.465515,84.380264,84.293022,84.203773,84.112419,84.018898,83.923157,83.825089,83.724693,83.621826,83.516441,83.408478,83.297852,83.184433,83.068184,82.948982,82.826759,82.701363,82.572739,82.440781,82.305359,82.166382,82.023697,81.877220,81.726784,81.572304,81.413589,81.250534,81.082962,80.910759,80.733727,80.551727,80.364571,80.172089,79.974091,79.770378,79.560768,79.345062,79.123024,78.894485,78.659134,78.416809,78.167221,77.910164,77.645363,77.372513,77.091377,76.801674,76.503098,76.195343,75.878143,75.551140,75.214043,74.866493,74.508209,74.138802,73.757980,73.365372,72.960625,72.543427,72.113411,71.670242,71.213585,70.743126,70.258522,69.759499,69.245735,68.717026,68.173073,67.613693,67.038696,66.447899,65.841217,65.218567,64.579903,63.925201,63.254486,62.567806,61.865196,61.146645,60.412106,59.661335,58.893936,58.109077,57.305431,56.480774,55.631699,54.753059,53.837170,52.872757,51.843521,50.725983,49.486740,50.000000
75.000000,72.874100,74.021957,74.934715,75.682068,76.312744,76.860641,77.349304,77.794983,78.208878,78.598640,78.969467,79.324844,79.667168,79.997948,80.318237,80.628708,80.929794,81.221771,81.504829,81.779129,82.044769,82.301888,82.550537,82.790848,83.022949,83.246948,83.463013,83.671272,83.871872,84.065010,84.250816,84.429527,84.601265,84.766258,84.924683,85.076736,85.222588,85.362427,85.496452,85.624825,85.747742,85.865379,85.977905,86.085487,86.188309,86.286484,86.380196,86.469650,86.554909,86.636185,86.713539,86.787178,86.857216,86.923729,86.986877,87.046791,87.103569,87.157295,87.208099,87.256065,87.301292,87.343903,87.383934,87.421532,87.456718,87.489586,87.520241,87.548767,87.575172,87.599564,87.622017,87.642578,87.661293,87.678238,87.693459,87.707016,87.718948,87.729309,87.738144,87.745506,87.751419,87.755943,87.759094,87.760925,87.761467,87.760788,87.758850,87.755722,87.751450,87.746033,87.739517,87.731903,87.723228,87.713524,87.702782,87.691086,87.678368,87.664688,87.650085,87.634552,87.618103,87.600739,87.582512,87.563400,87.543396,87.522560,87.500862,87.478340,87.454979,87.430763,87.405746,87.379906,87.353241,87.325768,87.297470,87.268372,87.238449,87.207718,87.176170,87.143806,87.110626,87.076614,87.041756,87.006058,86.969513,86.932129,86.893898,86.854759,86.814728,86.773834,86.732010,86.689293,86.645622,86.600990,86.555405,86.508842,86.461266,86.412674,86.363068,86.312386,86.260628,86.207748,86.153755,86.098602,86.042252,85.984711,85.925919,85.865868,85.804512,85.741814,85.677795,85.612320,85.545418,85.477058,85.407166,85.335716,85.262665,85.187973,85.111588,85.033440,84.953514,84.871727,84.788063,84.702423,84.614769,84.525032,84.433167,84.339088,84.242752,84.144051,84.042953,83.939346,83.833168,83.724342,83.612755,83.498337,83.381042,83.260681,83.137245,83.010536,82.880547,82.747101,82.610107,82.469437,82.324974,82.176582,82.024139,81.867477,81.706497,81.541008,81.370872,81.195923,81.015991,80.830902,80.640472,80.444527,80.242844,80.035255,79.821495,79.601425,79.374763,79.141289,78.900757,78.652916,78.397507,78.134270,77.862923,77.583160,77.294724,76.997269,76.690498,76.374115,76.047737,75.711067,75.363754,75.005424,74.635742,74.254318,73.860794,73.454811,73.035980,72.603935,72.158279,71.698692,71.224762,70.736145,70.232513,69.713539,69.178917,68.628357,68.061607,67.478432,66.878639,66.262070,65.628632,64.978195,64.310760,63.626266,62.924740,62.206142,61.470432,60.717461,59.946903,59.158138,58.350094,57.520985,56.667988,55.786655,54.870285,53.908848,52.887474,51.784458,50.568268,49.193363,50.000000
75.000000,72.736664,73.965584,74.933342,75.719276,76.378273,76.948105,77.454750,77.915947,78.343735,78.746315,79.129189,79.495987,79.849129,80.190239,80.520325,80.840088,81.149933,81.450211,81.741028,82.022598,82.295044,82.558495,82.813034,83.058800,83.295929,83.524582,83.744926,83.957115,84.161324,84.357750,84.546585,84.728043,84.902313,85.069588,85.230110,85.384041,85.531616,85.673012,85.808464,85.938133,86.062225,86.180916,86.294395,86.402855,86.506447,86.605377,86.699738,86.789772,86.875595,86.957336,87.035172,87.109222,87.179649,87.246567,87.310074,87.370308,87.427406,87.481438,87.532532,87.580803,87.626343,87.669205,87.709511,87.747368,87.782845,87.816017,87.846962,87.875755,87.902489,87.927200,87.949944,87.970825,87.989876,88.007156,88.022743,88.036652,88.048958,88.059708,88.068939,88.076691,88.083031,88.087959,88.091576,88.093872,88.094864,88.094643,88.093208,88.090569,88.086800,88.081909,88.075928,88.068863,88.060753,88.051620,88.041473,88.030350,88.018265,88.005196,87.991226,87.976311,87.960518,87.943832,87.926292,87.907860,87.888557,87.868454,87.847481,87.825684,87.803070,87.779625,87.755394,87.730324,87.704453,87.677795,87.650337,87.622055,87.592987,87.563126,87.532433,87.500938,87.468666,87.435555,87.401611,87.366859,87.331291,87.294861,87.257576,87.219437,87.180420,87.140541,87.099739,87.058037,87.015442,86.971901,86.927399,86.881943,86.835518,86.788048,86.739586,86.690079,86.639488,86.587807,86.535034,86.481117,86.426018,86.369759,86.312263,86.253517,86.193489,86.132149,86.069473,86.005402,85.939896,85.872955,85.804512,85.734550,85.662987,85.589813,85.514938,85.438354,85.360016,85.279839,85.197777,85.113800,85.027809,84.939774,84.849648,84.757317,84.662735,84.565834,84.466560,84.364815,84.260498,84.153564,84.043922,83.931465,83.816124,83.697754,83.576332,83.451683,83.323753,83.192390,83.057518,82.918953,82.776672,82.630447,82.480164,82.325714,82.166946,82.003677,81.835793,81.663094,81.485397,81.302567,81.114380,80.920677,80.721222,80.515854,80.304291,80.086388,79.861855,79.630470,79.391991,79.146141,78.892670,78.631302,78.361717,78.083656,77.796768,77.500763,77.195282,76.880043,76.554649,76.218765,75.872009,75.513992,75.144379,74.762749,74.368706,73.961838,73.541748,73.108040,72.660294,72.198097,71.721062,71.228798,70.720879,70.196991,69.656738,69.099831,68.525940,67.934784,67.326164,66.699829,66.055656,65.393539,64.713364,64.015114,63.298721,62.564190,61.811462,61.040356,60.250591,59.441490,58.611988,57.760201,56.883156,55.976097,55.031807,54.039303,52.982212,51.836300,50.566010,49.119461,50.000000
75.000000,72.966721,74.164642,75.109741,75.880608,76.530998,77.097427,77.604729,78.069656,78.503395,78.913460,79.304779,79.680611,80.043053,80.393456,80.732719,81.061348,81.379707,81.688049,81.986496,82.275246,82.554352,82.824020,83.084282,83.335365,83.577415,83.810539,84.034981,84.250923,84.458557,84.658081,84.849747,85.033768,85.210342,85.379692,85.542091,85.697708,85.846809,85.989578,86.126251,86.257027,86.382072,86.501640,86.615913,86.725060,86.829292,86.928749,87.023636,87.114090,87.200317,87.282425,87.360580,87.434929,87.505623,87.572777,87.636520,87.696991,87.754288,87.808540,87.859818,87.908279,87.953987,87.997055,88.037567,88.075630,88.111313,88.144684,88.175842,88.204849,88.231804,88.256760,88.279739,88.300888,88.320236,88.337799,88.353683,88.367920,88.380554,88.391632,88.401207,88.409325,88.416023,88.421356,88.425354,88.428055,88.429489,88.429695,88.428711,88.426575,88.423294,88.418900,88.413406,88.406876,88.399307,88.390724,88.381149,88.370583,88.359077,88.346634,88.333275,88.319008,88.303841,88.287811,88.270905,88.253181,88.234581,88.215172,88.194923,88.173859,88.151985,88.129311,88.105843,88.081551,88.056496,88.030624,88.003975,87.976540,87.948303,87.919312,87.889496,87.858910,87.827515,87.795319,87.762337,87.728508,87.693893,87.658432,87.622139,87.584999,87.547005,87.508148,87.468384,87.427765,87.386215,87.343758,87.300369,87.256042,87.210732,87.164421,87.117134,87.068825,87.019455,86.968994,86.917465,86.864815,86.811012,86.756020,86.699844,86.642448,86.583786,86.523811,86.462524,86.399895,86.335846,86.270370,86.203415,86.134956,86.064941,85.993301,85.920029,85.845070,85.768349,85.689819,85.609459,85.527168,85.442924,85.356674,85.268295,85.177780,85.085052,84.990013,84.892639,84.792824,84.690460,84.585510,84.477890,84.367470,84.254196,84.137939,84.018631,83.896118,83.770355,83.641220,83.508537,83.372269,83.232246,83.088318,82.940392,82.788300,82.631889,82.471039,82.305519,82.135223,81.959976,81.779572,81.593842,81.402557,81.205566,81.002602,80.793472,80.577957,80.355797,80.126747,79.890587,79.647011,79.395760,79.136520,78.869011,78.592926,78.307938,78.013687,77.709892,77.396126,77.072052,76.737320,76.391510,76.034210,75.665062,75.283600,74.889412,74.482079,74.061134,73.626190,73.176758,72.712387,72.232628,71.737068,71.225250,70.696785,70.151245,69.588287,69.007515,68.408630,67.791367,67.155449,66.500687,65.826942,65.134064,64.422050,63.690830,62.940426,62.170807,61.381912,60.573502,59.745148,58.895969,58.024410,57.127892,56.202183,55.240646,54.233089,53.163933,52.009869,50.736176,49.291607,50.000000
75.000000,73.555717,74.610634,75.456314,76.159676,76.765724,77.304565,77.796227,78.253914,78.686325,79.099060,79.495682,79.878510,80.248924,80.607826,80.955673,81.292854,81.619476,81.935722,82.241676,82.537476,82.823151,83.098869,83.364769,83.621010,83.867760,84.105194,84.333557,84.553047,84.763885,84.966286,85.160545,85.346893,85.525551,85.696793,85.860832,86.017929,86.168327,86.312256,86.449944,86.581596,86.707451,86.827705,86.942574,87.052223,87.156883,87.256729,87.351936,87.442673,87.529144,87.611465,87.689804,87.764297,87.835129,87.902405,87.966255,88.026840,88.084229,88.138542,88.189957,88.238495,88.284302,88.327461,88.368080,88.406258,88.442017,88.475540,88.506836,88.535995,88.563133,88.588242,88.611435,88.632797,88.652351,88.670151,88.686272,88.700752,88.713661,88.725037,88.734909,88.743355,88.750389,88.756073,88.760445,88.763527,88.765366,88.765961,88.765427,88.763710,88.760887,88.756958,88.751984,88.745926,88.738884,88.730827,88.721794,88.711777,88.700851,88.688972,88.676224,88.662575,88.648048,88.632660,88.616394,88.599342,88.581451,88.562706,88.543182,88.522850,88.501717,88.479790,88.457077,88.433586,88.409302,88.384262,88.358429,88.331818,88.304428,88.276299,88.247353,88.217659,88.187172,88.155907,88.123840,88.090973,88.057312,88.022827,87.987526,87.951401,87.914421,87.876602,87.837921,87.798363,87.757919,87.716553,87.674286,87.631081,87.586945,87.541824,87.495728,87.448616,87.400475,87.351280,87.301025,87.249649,87.197159,87.143517,87.088676,87.032631,86.975349,86.916824,86.856949,86.795761,86.733223,86.669228,86.603821,86.536903,86.468475,86.398460,86.326805,86.253502,86.178467,86.101662,86.023018,85.942520,85.860054,85.775612,85.689125,85.600471,85.509651,85.416580,85.321167,85.223335,85.123039,85.020142,84.914619,84.806343,84.695221,84.581161,84.464073,84.343826,84.220367,84.093536,83.963234,83.829308,83.691719,83.550247,83.404755,83.255173,83.101295,82.942963,82.780037,82.612350,82.439697,82.261909,82.078812,81.890175,81.695824,81.495514,81.289040,81.076157,80.856644,80.630196,80.396599,80.155579,79.906822,79.650024,79.384911,79.111107,78.828354,78.536224,78.234406,77.922501,77.600143,77.266937,76.922455,76.566292,76.198006,75.817139,75.423271,75.015930,74.594589,74.158829,73.708145,73.242027,72.759987,72.261581,71.746277,71.213654,70.663200,70.094536,69.507225,68.900894,68.275230,67.629913,66.964691,66.279427,65.573952,64.848183,64.102150,63.335873,62.549438,61.742905,60.916298,60.069523,59.202152,58.313347,57.401432,56.463493,55.494671,54.487175,53.428707,52.300369,51.073326,49.704247,50.000000
75.000000,74.445374,75.260643,75.941643,76.533615,77.066040,77.557770,78.020927,78.462997,78.888618,79.300507,79.700256,80.088722,80.466286,80.833153,81.189354,81.534851,81.869652,82.193726,82.507065,82.809784,83.101906,83.383575,83.654938,83.916145,84.167397,84.408966,84.641014,84.863815,85.077599,85.282677,85.479294,85.667694,85.848206,86.021065,86.186523,86.344864,86.496330,86.641174,86.779648,86.912003,87.038429,87.159142,87.274406,87.384377,87.489304,87.589355,87.684692,87.775574,87.862099,87.944473,88.022842,88.097351,88.168190,88.235458,88.299309,88.359848,88.417213,88.471550,88.522911,88.571457,88.617249,88.660431,88.701050,88.739220,88.775055,88.808609,88.839981,88.869202,88.896416,88.921661,88.944992,88.966476,88.986191,89.004173,89.020485,89.035187,89.048309,89.059929,89.070068,89.078766,89.086121,89.092110,89.096794,89.100227,89.102409,89.103409,89.103256,89.101952,89.099571,89.096115,89.091576,89.086021,89.079453,89.071884,89.063393,89.053932,89.043549,89.032242,89.020065,89.007004,88.993103,88.978333,88.962753,88.946327,88.929100,88.911079,88.892242,88.872627,88.852226,88.831062,88.809120,88.786377,88.762894,88.738663,88.713631,88.687866,88.661331,88.634026,88.606003,88.577179,88.547607,88.517265,88.486145,88.454247,88.421555,88.388069,88.353767,88.318657,88.282738,88.245949,88.208321,88.169838,88.130501,88.090263,88.049141,88.007103,87.964119,87.920197,87.875313,87.829437,87.782562,87.734642,87.685661,87.635620,87.584450,87.532158,87.478706,87.424057,87.368217,87.311111,87.252716,87.193024,87.131981,87.069565,87.005722,86.940414,86.873589,86.805214,86.735268,86.663673,86.590355,86.515327,86.438477,86.359795,86.279205,86.196625,86.112045,86.025345,85.936508,85.845444,85.752098,85.656357,85.558159,85.457443,85.354080,85.248039,85.139191,85.027405,84.912666,84.794815,84.673729,84.549347,84.421501,84.290108,84.155029,84.016144,83.873276,83.726326,83.575127,83.419525,83.259323,83.094398,82.924561,82.749565,82.569298,82.383522,82.192047,81.994598,81.790993,81.581001,81.364342,81.140800,80.910049,80.671837,80.425873,80.171860,79.909447,79.638298,79.358101,79.068451,78.769005,78.459351,78.139084,77.807838,77.465103,77.110489,76.743523,76.363747,75.970619,75.563713,75.142479,74.706398,74.254944,73.787590,73.303780,72.802986,72.284668,71.748299,71.193398,70.619431,70.025948,69.412514,68.778725,68.124260,67.448807,66.752136,66.034111,65.294617,64.533707,63.751476,62.948124,62.123947,61.279240,60.414387,59.529659,58.625175,57.700668,56.755196,55.786663,54.791145,53.761772,52.687176,51.549053,50.318604,50.000000
75.000000,75.532509,76.041031,76.513428,76.965485,77.405869,77.838875,78.266235,78.688225,79.104408,79.513992,79.916061,80.309769,80.694359,81.069160,81.433701,81.787590,82.130531,82.462402,82.783112,83.092667,83.391121,83.678604,83.955223,84.221214,84.476799,84.722214,84.957710,85.183556,85.400070,85.607536,85.806229,85.996460,86.178528,86.352722,86.519348,86.678650,86.830940,86.976479,87.115532,87.248291,87.375053,87.496056,87.611504,87.721611,87.826569,87.926636,88.021965,88.112770,88.199211,88.281471,88.359741,88.434105,88.504799,88.571915,88.635628,88.696053,88.753281,88.807457,88.858696,88.907150,88.952827,88.995934,89.036469,89.074585,89.110352,89.143875,89.175201,89.204453,89.231712,89.256966,89.280365,89.301941,89.321762,89.339867,89.356331,89.371178,89.384491,89.396301,89.406662,89.415604,89.423187,89.429443,89.434418,89.438148,89.440666,89.442039,89.442230,89.441322,89.439346,89.436279,89.432198,89.427101,89.421021,89.413940,89.405937,89.396988,89.387146,89.376389,89.364777,89.352318,89.338959,89.324852,89.309883,89.294128,89.277580,89.260216,89.242096,89.223183,89.203537,89.183098,89.161896,89.139938,89.117264,89.093788,89.069595,89.044670,89.018990,88.992577,88.965393,88.937485,88.908813,88.879402,88.849258,88.818298,88.786606,88.754105,88.720810,88.686737,88.651848,88.616150,88.579597,88.542229,88.503960,88.464867,88.424904,88.384026,88.342255,88.299538,88.255882,88.211266,88.165649,88.119049,88.071381,88.022667,87.972885,87.921974,87.869904,87.816704,87.762291,87.706688,87.649796,87.591637,87.532150,87.471298,87.409081,87.345398,87.280273,87.213608,87.145370,87.075523,87.004005,86.930794,86.855797,86.778976,86.700294,86.619667,86.537056,86.452393,86.365593,86.276619,86.185394,86.091835,85.995842,85.897362,85.796295,85.692566,85.586067,85.476677,85.364365,85.248993,85.130424,85.008560,84.883324,84.754562,84.622162,84.485992,84.345886,84.201736,84.053368,83.900635,83.743370,83.581390,83.414528,83.242546,83.065331,82.882599,82.694176,82.499855,82.299393,82.092491,81.878975,81.658577,81.430962,81.195892,80.953026,80.702087,80.442703,80.174545,79.897270,79.610474,79.313805,79.006783,78.689064,78.360168,78.019646,77.667053,77.301865,76.923622,76.531792,76.125824,75.705200,75.269341,74.817642,74.349586,73.864525,73.361908,72.841110,72.301529,71.742645,71.163857,70.564629,69.944496,69.302963,68.639610,67.954132,67.246208,66.515701,65.762482,64.986603,64.188232,63.367695,62.525497,61.662334,60.779099,59.876865,58.956924,58.020699,57.069664,56.105175,55.128235,54.138939,53.135803,52.114525,51.066044,50.000000
75.000000,76.680244,76.855705,77.104355,77.408295,77.752701,78.125389,78.516769,78.919212,79.326805,79.734970,80.140251,80.539978,80.932205,81.315483,81.688728,82.051239,82.402527,82.742279,83.070335,83.386673,83.691338,83.984451,84.266167,84.536728,84.796379,85.045364,85.284042,85.512665,85.731590,85.941124,86.141594,86.333351,86.516693,86.691956,86.859444,87.019470,87.172302,87.318283,87.457634,87.590599,87.717484,87.838516,87.953934,88.063957,88.168770,88.268654,88.363792,88.454330,88.540504,88.622498,88.700455,88.774567,88.844963,88.911827,88.975250,89.035400,89.092369,89.146324,89.197334,89.245560,89.291061,89.333923,89.374283,89.412277,89.447891,89.481300,89.512543,89.541740,89.568932,89.594185,89.617569,89.639175,89.659019,89.677216,89.693771,89.708725,89.722191,89.734123,89.744659,89.753769,89.761581,89.768074,89.773293,89.777298,89.780090,89.781784,89.782310,89.781784,89.780167,89.777504,89.773834,89.769165,89.763535,89.756935,89.749413,89.740982,89.731644,89.721428,89.710358,89.698441,89.685722,89.672188,89.657837,89.642731,89.626816,89.610138,89.592728,89.574532,89.555595,89.535889,89.515457,89.494278,89.472359,89.449715,89.426323,89.402222,89.377365,89.351814,89.325546,89.298531,89.270782,89.242310,89.213097,89.183144,89.152412,89.120934,89.088676,89.055618,89.021790,88.987144,88.951706,88.915413,88.878304,88.840347,88.801544,88.761871,88.721298,88.679825,88.637444,88.594093,88.549789,88.504486,88.458183,88.410835,88.362411,88.312912,88.262299,88.210548,88.157616,88.103516,88.048164,87.991570,87.933662,87.874443,87.813858,87.751892,87.688454,87.623535,87.557083,87.489044,87.419373,87.348015,87.274925,87.200043,87.123306,87.044716,86.964142,86.881538,86.796875,86.710052,86.621040,86.529716,86.436020,86.339859,86.241142,86.139839,86.035774,85.928932,85.819138,85.706329,85.590378,85.471191,85.348679,85.222687,85.093086,84.959763,84.822556,84.681343,84.535995,84.386292,84.232117,84.073250,83.909554,83.740814,83.566811,83.387367,83.202240,83.011253,82.814133,82.610634,82.400543,82.183517,81.959328,81.727684,81.488266,81.240723,80.984734,80.719933,80.445961,80.162415,79.868904,79.564957,79.250183,78.924118,78.586258,78.236176,77.873291,77.497101,77.107056,76.702614,76.283142,75.848076,75.396751,74.928558,74.442856,73.938995,73.416298,72.874092,72.311783,71.728699,71.124252,70.497864,69.848984,69.177132,68.481911,67.762962,67.020020,66.253052,65.462021,64.647171,63.808933,62.948051,62.065536,61.162815,60.241795,59.304970,58.355522,57.397514,56.436012,55.477398,54.529476,53.601833,52.705959,51.855442,50.000000
75.000000,77.734451,77.597687,77.640480,77.811172,78.071579,78.393578,78.756531,79.145294,79.548790,79.959007,80.370079,80.777771,81.179077,81.571831,81.954544,82.326172,82.686073,83.033859,83.369301,83.692368,84.003105,84.301689,84.588272,84.863144,85.126564,85.378868,85.620415,85.851494,86.072502,86.283798,86.485718,86.678673,86.862946,87.038948,87.207031,87.367447,87.520569,87.666679,87.806061,87.939011,88.065781,88.186607,88.301758,88.411469,88.515953,88.615433,88.710121,88.800255,88.885986,88.967529,89.045074,89.118729,89.188698,89.255112,89.318153,89.377914,89.434540,89.488121,89.538788,89.586693,89.631851,89.674469,89.714561,89.752281,89.787682,89.820900,89.851967,89.881012,89.908073,89.933243,89.956589,89.978142,89.997986,90.016182,90.032776,90.047783,90.061317,90.073387,90.084045,90.093300,90.101265,90.107956,90.113365,90.117607,90.120697,90.122643,90.123497,90.123276,90.122032,90.119766,90.116455,90.112228,90.107018,90.100861,90.093796,90.085846,90.076996,90.067322,90.056763,90.045410,90.033264,90.020294,90.006584,89.992096,89.976852,89.960861,89.944107,89.926613,89.908401,89.889450,89.869759,89.849335,89.828217,89.806351,89.783760,89.760475,89.736504,89.711800,89.686401,89.660294,89.633469,89.605965,89.577690,89.548721,89.519005,89.488518,89.457314,89.425323,89.392525,89.358971,89.324623,89.289452,89.253487,89.216690,89.179070,89.140587,89.101257,89.061043,89.019928,88.977890,88.934914,88.890976,88.846001,88.800049,88.753059,88.704994,88.655807,88.605545,88.554146,88.501556,88.447777,88.392769,88.336494,88.278954,88.220062,88.159805,88.098152,88.034996,87.970398,87.904205,87.836426,87.766968,87.695839,87.622940,87.548256,87.471695,87.393211,87.312782,87.230293,87.145706,87.058952,86.969948,86.878639,86.784882,86.688652,86.589844,86.488335,86.384071,86.276909,86.166794,86.053581,85.937187,85.817474,85.694366,85.567719,85.437370,85.303230,85.165131,85.022926,84.876434,84.725510,84.569984,84.409645,84.244278,84.073753,83.897789,83.716225,83.528770,83.335258,83.135399,82.928947,82.715645,82.495186,82.267273,82.031601,81.787811,81.535568,81.274498,81.004227,80.724327,80.434380,80.133972,79.822609,79.499832,79.165161,78.818054,78.458000,78.084435,77.696754,77.294418,76.876724,76.443054,75.992729,75.525078,75.039360,74.534904,74.010956,73.466782,72.901665,72.314926,71.705826,71.073723,70.417992,69.738068,69.033417,68.303658,67.548454,66.767654,65.961273,65.129517,64.272903,63.392315,62.489021,61.564941,60.622658,59.665771,58.699089,57.729050,56.764244,55.816158,54.900093,54.036423,53.252388,52.584213,50.000000
75.000000,78.543449,78.163101,78.050941,78.125977,78.330109,78.621735,78.971146,79.357079,79.764427,80.182442,80.603470,81.022125,81.434593,81.838318,82.231491,82.612885,82.981819,83.337776,83.680664,84.010399,84.327080,84.630905,84.922112,85.200989,85.467903,85.723183,85.967216,86.200409,86.423119,86.635811,86.838821,87.032593,87.217491,87.393921,87.562218,87.722755,87.875847,88.021812,88.160965,88.293602,88.419975,88.540375,88.655045,88.764206,88.868103,88.967010,89.061089,89.150566,89.235687,89.316597,89.393494,89.466568,89.535965,89.601852,89.664330,89.723572,89.779686,89.832802,89.883049,89.930473,89.975258,90.017471,90.057220,90.094582,90.129684,90.162613,90.193420,90.222221,90.249130,90.274139,90.297340,90.318825,90.338615,90.356789,90.373360,90.388382,90.401947,90.414062,90.424767,90.434166,90.442230,90.449051,90.454659,90.459106,90.462410,90.464615,90.465736,90.465828,90.464920,90.462990,90.460075,90.456230,90.451431,90.445724,90.439072,90.431580,90.423218,90.414024,90.404015,90.393196,90.381584,90.369217,90.356087,90.342209,90.327621,90.312286,90.296234,90.279457,90.261932,90.243706,90.224785,90.205132,90.184769,90.163696,90.141930,90.119469,90.096306,90.072487,90.047997,90.022774,89.996910,89.970314,89.943039,89.915039,89.886345,89.856903,89.826698,89.795753,89.764069,89.731598,89.698341,89.664314,89.629501,89.593872,89.557426,89.520210,89.482094,89.443138,89.403336,89.362625,89.320992,89.278412,89.234871,89.190315,89.144737,89.098137,89.050461,89.001694,88.951813,88.900795,88.848602,88.795242,88.740639,88.684799,88.627640,88.569153,88.509270,88.447983,88.385223,88.320946,88.255119,88.187637,88.118500,88.047646,87.975044,87.900612,87.824280,87.746048,87.665810,87.583534,87.499146,87.412521,87.323662,87.232422,87.138748,87.042511,86.943665,86.842079,86.737679,86.630341,86.519981,86.406479,86.289726,86.169617,86.046028,85.918816,85.787849,85.653023,85.514137,85.371040,85.223549,85.071526,84.914726,84.752983,84.586090,84.413834,84.236015,84.052383,83.862717,83.666748,83.464241,83.254913,83.038483,82.814621,82.583031,82.343353,82.095222,81.838280,81.572090,81.296257,81.010345,80.713905,80.406433,80.087463,79.756470,79.412903,79.056221,78.685852,78.301178,77.901512,77.486252,77.054665,76.606041,76.139618,75.654640,75.150307,74.625847,74.080414,73.513237,72.923492,72.310402,71.673218,71.011208,70.323692,69.610062,68.869820,68.102531,67.307922,66.485962,65.636795,64.760956,63.859344,62.933430,61.985397,61.018345,60.036659,59.046368,58.055809,57.076382,56.123745,55.219391,54.392895,53.684898,53.151463,50.000000
75.000000,78.978790,78.465500,78.277924,78.314362,78.503067,78.793533,79.150238,79.548195,79.969963,80.403236,80.839500,81.272797,81.699051,82.115479,82.520233,82.912117,83.290459,83.654869,84.005188,84.341469,84.663918,84.972748,85.268265,85.550842,85.820862,86.078735,86.324883,86.559746,86.783791,86.997459,87.201195,87.395393,87.580521,87.757011,87.925179,88.085472,88.238228,88.383751,88.522400,88.654442,88.780174,88.899864,89.013786,89.122185,89.225296,89.323364,89.416618,89.505264,89.589554,89.669662,89.745773,89.818100,89.886757,89.951912,90.013748,90.072342,90.127853,90.180405,90.230064,90.276970,90.321236,90.362946,90.402229,90.439163,90.473854,90.506401,90.536903,90.565414,90.592049,90.616821,90.639854,90.661186,90.680862,90.698929,90.715454,90.730461,90.744003,90.756126,90.766891,90.776337,90.784462,90.791389,90.797119,90.801727,90.805229,90.807648,90.809036,90.809410,90.808792,90.807205,90.804649,90.801163,90.796753,90.791451,90.785255,90.778198,90.770287,90.761566,90.752037,90.741737,90.730682,90.718872,90.706337,90.693092,90.679123,90.664467,90.649094,90.633003,90.616211,90.598717,90.580521,90.561615,90.542007,90.521729,90.500763,90.479134,90.456825,90.433876,90.410248,90.385948,90.361000,90.335381,90.309074,90.282089,90.254402,90.226006,90.196854,90.166977,90.136383,90.104996,90.072853,90.039963,90.006302,89.971855,89.936630,89.900620,89.863800,89.826141,89.787636,89.748260,89.708008,89.666824,89.624695,89.581596,89.537491,89.492363,89.446190,89.398964,89.350639,89.301208,89.250648,89.198921,89.146027,89.091911,89.036537,88.979858,88.921837,88.862427,88.801605,88.739281,88.675407,88.609962,88.542885,88.474113,88.403641,88.331375,88.257286,88.181320,88.103409,88.023483,87.941505,87.857391,87.771057,87.682396,87.591370,87.497833,87.401711,87.302925,87.201363,87.096924,86.989502,86.879005,86.765320,86.648346,86.527939,86.404007,86.276382,86.144958,86.009552,85.870018,85.726143,85.577789,85.424751,85.266815,85.103798,84.935471,84.761627,84.582008,84.396439,84.204620,84.006348,83.801300,83.589188,83.369705,83.142555,82.907349,82.663704,82.411263,82.149605,81.878296,81.596855,81.304855,81.001755,80.687103,80.360313,80.020851,79.668152,79.301582,78.920532,78.524261,78.112129,77.683334,77.237122,76.772720,76.289261,75.785873,75.261703,74.715805,74.147354,73.555412,72.939087,72.297546,71.629944,70.935455,70.213364,69.463051,68.683899,67.875572,67.037872,66.170815,65.274841,64.350792,63.400116,62.425064,61.428951,60.416504,59.394440,58.372131,57.362671,56.384354,55.462685,54.633362,53.946346,53.471718,50.000000
75.000000,78.954216,78.449142,78.285805,78.353935,78.576729,78.900810,79.289246,79.716385,80.164543,80.621475,81.078796,81.530746,81.973465,82.404411,82.821938,83.224991,83.613121,83.986031,84.343765,84.686470,85.014381,85.327888,85.627373,85.913246,86.185966,86.445984,86.693817,86.929955,87.154861,87.369064,87.573036,87.767265,87.952217,88.128326,88.296028,88.455734,88.607811,88.752617,88.890427,89.021584,89.146400,89.265137,89.378059,89.485451,89.587517,89.684517,89.776726,89.864357,89.947609,90.026718,90.101860,90.173256,90.241020,90.305374,90.366386,90.424217,90.478996,90.530846,90.579826,90.626129,90.669746,90.710861,90.749580,90.786003,90.820175,90.852264,90.882324,90.910484,90.936775,90.961266,90.984077,91.005188,91.024712,91.042656,91.059074,91.073997,91.087494,91.099571,91.110306,91.119751,91.127922,91.134918,91.140724,91.145447,91.149101,91.151711,91.153328,91.153954,91.153633,91.152359,91.150169,91.147034,91.143013,91.138092,91.132286,91.125641,91.118172,91.109894,91.100830,91.091026,91.080498,91.069252,91.057289,91.044662,91.031334,91.017334,91.002640,90.987267,90.971199,90.954414,90.936951,90.918823,90.899971,90.880470,90.860275,90.839470,90.818001,90.795876,90.773148,90.749779,90.725777,90.701141,90.675827,90.649841,90.623192,90.595818,90.567764,90.538971,90.509399,90.479156,90.448120,90.416389,90.383881,90.350616,90.316628,90.281845,90.246300,90.209976,90.172813,90.134819,90.095955,90.056190,90.015533,89.973877,89.931252,89.887642,89.842995,89.797302,89.750565,89.702736,89.653824,89.603798,89.552643,89.500275,89.446724,89.391907,89.335793,89.278313,89.219444,89.159134,89.097313,89.033936,88.968941,88.902328,88.834015,88.763969,88.692154,88.618500,88.542976,88.465508,88.386032,88.304451,88.220749,88.134766,88.046478,87.955727,87.862450,87.766541,87.667915,87.566475,87.462105,87.354713,87.244209,87.130478,87.013412,86.892876,86.768738,86.640854,86.509102,86.373299,86.233253,86.088745,85.939659,85.785736,85.626801,85.462608,85.292969,85.117645,84.936401,84.749016,84.555222,84.354729,84.147247,83.932495,83.710114,83.479736,83.240997,82.993500,82.736778,82.470428,82.193954,81.906883,81.608665,81.298851,80.976830,80.642075,80.293938,79.931816,79.555023,79.162880,78.754623,78.329391,77.886452,77.424896,76.943787,76.442230,75.919205,75.373787,74.804939,74.211685,73.593010,72.947960,72.275543,71.574829,70.844955,70.085075,69.294510,68.472687,67.619179,66.733856,65.816902,64.868996,63.891354,62.886040,61.856186,60.806419,59.743359,58.676445,57.619026,56.589981,55.615978,54.734791,54.000027,53.487801,50.000000
75.000000,78.440720,78.098785,78.067757,78.242714,78.551720,78.945625,79.390846,79.864464,80.350983,80.839760,81.323730,81.798119,82.259834,82.706902,83.138123,83.552887,83.950989,84.332405,84.697372,85.046204,85.379272,85.697083,86.000092,86.288803,86.563736,86.825478,87.074486,87.311348,87.536659,87.750885,87.954636,88.148430,88.332726,88.508095,88.674919,88.833641,88.984673,89.128357,89.265083,89.395096,89.518730,89.636238,89.747910,89.854004,89.954788,90.050507,90.141441,90.227776,90.309822,90.387711,90.461716,90.531998,90.598747,90.662094,90.722191,90.779160,90.833069,90.884125,90.932350,90.977867,91.020775,91.061218,91.099243,91.135025,91.168594,91.200142,91.229713,91.257378,91.283287,91.307449,91.329948,91.350830,91.370117,91.387917,91.404152,91.418991,91.432358,91.444359,91.455032,91.464424,91.472580,91.479568,91.485435,91.490242,91.494011,91.496788,91.498619,91.499496,91.499428,91.498459,91.496597,91.493813,91.490135,91.485596,91.480186,91.473915,91.466858,91.459007,91.450424,91.441071,91.431046,91.420341,91.408951,91.396919,91.384232,91.370895,91.356895,91.342216,91.326859,91.310814,91.294090,91.276680,91.258598,91.239853,91.220474,91.200424,91.179794,91.158546,91.136703,91.114243,91.091202,91.067520,91.043243,91.018280,90.992676,90.966362,90.939384,90.911659,90.883209,90.854057,90.824158,90.793549,90.762199,90.730133,90.697357,90.663864,90.629601,90.594604,90.558815,90.522247,90.484802,90.446510,90.407280,90.367126,90.326027,90.283920,90.240837,90.196732,90.151573,90.105377,90.058144,90.009819,89.960426,89.909882,89.858162,89.805283,89.751091,89.695602,89.638756,89.580498,89.520760,89.459503,89.396645,89.332214,89.266136,89.198341,89.128860,89.057571,88.984497,88.909531,88.832626,88.753685,88.672676,88.589493,88.504005,88.416138,88.325798,88.232903,88.137321,88.038948,87.937729,87.833549,87.726341,87.615944,87.502319,87.385323,87.264816,87.140686,87.012733,86.880821,86.744751,86.604332,86.459389,86.309685,86.155037,85.995232,85.830002,85.659180,85.482529,85.299797,85.110764,84.915115,84.712593,84.502899,84.285645,84.060493,83.827072,83.584923,83.333595,83.072685,82.801636,82.519997,82.227219,81.922791,81.606117,81.276627,80.933716,80.576698,80.204918,79.817604,79.413986,78.993217,78.554382,78.096573,77.618790,77.119995,76.599152,76.055176,75.486961,74.893387,74.273338,73.625740,72.949448,72.243385,71.506538,70.737846,69.936440,69.101494,68.232346,67.328568,66.390060,65.417061,64.410461,63.371792,62.303680,61.210072,60.096764,58.972141,57.848282,56.742359,55.679020,54.693497,53.836422,53.180618,50.000000
75.000000,77.474831,77.445351,77.649101,78.001106,78.444359,78.940857,79.465202,80.000542,80.535690,81.063271,81.578514,82.078369,82.560966,83.025276,83.470825,83.897522,84.305557,84.695282,85.067131,85.421677,85.759468,86.081085,86.387108,86.678139,86.954773,87.217628,87.467300,87.704353,87.929474,88.143219,88.346207,88.539040,88.722237,88.896324,89.061852,89.219231,89.368881,89.511154,89.646423,89.774986,89.897141,90.013161,90.123322,90.227890,90.327133,90.421326,90.510712,90.595551,90.676102,90.752617,90.825294,90.894318,90.959854,91.022102,91.081139,91.137100,91.190102,91.240211,91.287567,91.332222,91.374306,91.413918,91.451202,91.486206,91.519081,91.549988,91.578949,91.606110,91.631531,91.655281,91.677452,91.698029,91.717079,91.734634,91.750740,91.765381,91.778603,91.790482,91.801033,91.810326,91.818420,91.825348,91.831230,91.836075,91.839912,91.842827,91.844818,91.845940,91.846146,91.845474,91.843910,91.841476,91.838158,91.833954,91.828903,91.823013,91.816345,91.808884,91.800705,91.791809,91.782249,91.772072,91.761269,91.749840,91.737785,91.725105,91.711800,91.697838,91.683205,91.667892,91.651901,91.635239,91.617897,91.599899,91.581253,91.562035,91.542198,91.521805,91.500839,91.479309,91.457222,91.434547,91.411293,91.387398,91.362846,91.337639,91.311722,91.285095,91.257759,91.229683,91.200905,91.171432,91.141235,91.110374,91.078835,91.046600,91.013687,90.980034,90.945656,90.910484,90.874535,90.837700,90.799995,90.761360,90.721764,90.681206,90.639671,90.597130,90.553604,90.509079,90.463524,90.416946,90.369316,90.320618,90.270836,90.219879,90.167709,90.114281,90.059479,90.003326,89.945732,89.886635,89.825981,89.763756,89.699928,89.634460,89.567322,89.498459,89.427856,89.355476,89.281235,89.205032,89.126808,89.046471,88.963921,88.879044,88.791748,88.701912,88.609474,88.514290,88.416313,88.315422,88.211601,88.104675,87.994621,87.881287,87.764542,87.644264,87.520302,87.392479,87.260582,87.124466,86.983856,86.838608,86.688446,86.533203,86.372635,86.206573,86.034714,85.856911,85.672905,85.482399,85.285141,85.080818,84.869087,84.649567,84.421844,84.185493,83.940048,83.685028,83.419937,83.144264,82.857422,82.558945,82.248222,81.924614,81.587570,81.236359,80.870308,80.488640,80.090538,79.675056,79.241318,78.788239,78.314796,77.819847,77.302254,76.760811,76.194321,75.601547,74.981247,74.332199,73.653114,72.942764,72.199921,71.423370,70.611938,69.764534,68.880219,67.958115,66.997757,65.998871,64.961739,63.887215,62.776985,61.633854,60.462059,59.267963,58.060791,56.853924,55.666733,54.527348,53.476772,52.574883,50.000000
75.000000,76.159218,76.565422,77.086784,77.671272,78.285828,78.909615,79.529495,80.137398,80.728355,81.299400,81.848885,82.375984,82.880486,83.362495,83.822433,84.260857,84.678467,85.076004,85.454239,85.813942,86.155838,86.480667,86.789101,87.081871,87.359604,87.622986,87.872658,88.109314,88.333649,88.546295,88.747940,88.939240,89.120796,89.293182,89.456947,89.612564,89.760429,89.900970,90.034470,90.161293,90.281708,90.395943,90.504326,90.607086,90.704521,90.796890,90.884506,90.967606,91.046471,91.121368,91.192497,91.260101,91.324295,91.385277,91.443153,91.498016,91.549965,91.599098,91.645462,91.689163,91.730316,91.769028,91.805359,91.839523,91.871605,91.901703,91.929985,91.956543,91.981422,92.004730,92.026497,92.046745,92.065544,92.082863,92.098747,92.113174,92.126244,92.137917,92.148300,92.157448,92.165375,92.172226,92.178024,92.182838,92.186752,92.189758,92.191933,92.193253,92.193741,92.193367,92.192131,92.190018,92.187050,92.183189,92.178444,92.172928,92.166580,92.159485,92.151672,92.143211,92.134125,92.124443,92.114189,92.103355,92.091965,92.079971,92.067383,92.054123,92.040237,92.025650,92.010406,91.994453,91.977829,91.960564,91.942696,91.924210,91.905197,91.885628,91.865540,91.844933,91.823830,91.802185,91.779968,91.757149,91.733696,91.709579,91.684769,91.659248,91.632996,91.606026,91.578354,91.550003,91.520973,91.491295,91.460968,91.430031,91.398453,91.366196,91.333244,91.299568,91.265091,91.229790,91.193619,91.156540,91.118484,91.079491,91.039513,90.998573,90.956650,90.913780,90.869911,90.825096,90.779305,90.732498,90.684631,90.635696,90.585594,90.534271,90.481628,90.427620,90.372200,90.315300,90.256874,90.196922,90.135368,90.072235,90.007469,89.941093,89.873047,89.803307,89.731758,89.658371,89.583054,89.505684,89.426178,89.344376,89.260216,89.173561,89.084320,88.992432,88.897774,88.800293,88.699921,88.596565,88.490181,88.380608,88.267784,88.151535,88.031738,87.908195,87.780693,87.649040,87.513023,87.372398,87.226967,87.076508,86.920822,86.759674,86.592873,86.420235,86.241501,86.056435,85.864761,85.666153,85.460304,85.246796,85.025238,84.795135,84.556038,84.307449,84.048813,83.779625,83.499321,83.207344,82.903130,82.586075,82.255539,81.910858,81.551315,81.176117,80.784378,80.375214,79.947495,79.500267,79.032257,78.542320,78.029167,77.491486,76.927971,76.337234,75.717926,75.068665,74.388039,73.674644,72.927032,72.143784,71.323395,70.464554,69.565826,68.626022,67.644020,66.619034,65.550545,64.438530,63.283470,62.086609,60.850143,59.577526,58.273975,56.947227,55.608734,54.275482,52.972942,51.739437,50.000000
75.000000,74.654587,75.575050,76.464340,77.313339,78.119385,78.883041,79.606293,80.291519,80.941124,81.557213,82.141708,82.696327,83.222542,83.721817,84.195557,84.645020,85.071442,85.476051,85.859863,86.223976,86.569252,86.896591,87.206802,87.500626,87.778801,88.042015,88.291069,88.526627,88.749481,88.960381,89.160042,89.349205,89.528519,89.698654,89.860184,90.013603,90.159325,90.297760,90.429207,90.554016,90.672401,90.784615,90.890938,90.991623,91.086960,91.177269,91.262787,91.343887,91.420822,91.493843,91.563263,91.629211,91.691956,91.751564,91.808174,91.861855,91.912674,91.960709,92.006012,92.048676,92.088760,92.126419,92.161774,92.194931,92.226074,92.255295,92.282784,92.308624,92.332916,92.355698,92.377045,92.396965,92.415466,92.432549,92.448174,92.462410,92.475212,92.486664,92.496819,92.505722,92.513451,92.520119,92.525795,92.530563,92.534462,92.537575,92.539894,92.541435,92.542206,92.542145,92.541229,92.539452,92.536804,92.533272,92.528854,92.523605,92.517586,92.510788,92.503326,92.495239,92.486580,92.477371,92.467682,92.457466,92.446724,92.435455,92.423576,92.411095,92.397926,92.384109,92.369568,92.354340,92.338440,92.321854,92.304680,92.286957,92.268700,92.249954,92.230751,92.211098,92.190979,92.170364,92.149239,92.127541,92.105209,92.082214,92.058533,92.034111,92.008957,91.983070,91.956505,91.929245,91.901352,91.872856,91.843765,91.814110,91.783890,91.753052,91.721565,91.689407,91.656487,91.622780,91.588165,91.552650,91.516190,91.478737,91.440353,91.400978,91.360664,91.319420,91.277275,91.234238,91.190285,91.145416,91.099541,91.052681,91.004700,90.955544,90.905098,90.853325,90.800140,90.745499,90.689331,90.631630,90.572403,90.511627,90.449280,90.385406,90.319954,90.252884,90.184143,90.113663,90.041321,89.967041,89.890678,89.812088,89.731155,89.647789,89.561867,89.473328,89.382072,89.288055,89.191231,89.091515,88.988876,88.883217,88.774445,88.662399,88.546936,88.427864,88.304955,88.177994,88.046761,87.911011,87.770500,87.625038,87.474411,87.318420,87.156906,86.989632,86.816422,86.637077,86.451271,86.258743,86.059174,85.852104,85.637138,85.413780,85.181549,84.939896,84.688263,84.426109,84.152878,83.867989,83.570892,83.261002,82.937653,82.600235,82.247993,81.880112,81.495697,81.093803,80.673286,80.233009,79.771690,79.288025,78.780609,78.248032,77.688820,77.101494,76.484543,75.836502,75.155754,74.440742,73.689812,72.901291,72.073410,71.204445,70.292603,69.336113,68.333351,67.282768,66.182991,65.032997,63.831890,62.579185,61.274658,59.918427,58.510967,57.053192,55.546844,53.994984,52.403255,50.781910,50.000000
75.000000,73.163498,74.617714,75.883209,76.998878,77.995537,78.896942,79.721077,80.481255,81.187347,81.846611,82.464455,83.044983,83.591492,84.106720,84.592934,85.052170,85.486244,85.896805,86.285240,86.652786,87.000610,87.329681,87.640884,87.935020,88.212875,88.475281,88.722931,88.956665,89.177299,89.385666,89.582619,89.768959,89.945435,90.112740,90.271530,90.422302,90.565491,90.701523,90.830650,90.953140,91.069252,91.179169,91.283173,91.381516,91.474480,91.562378,91.645546,91.724319,91.799026,91.869980,91.937424,92.001633,92.062714,92.120857,92.176109,92.228569,92.278183,92.325073,92.369225,92.410736,92.449669,92.486168,92.520340,92.552353,92.582405,92.610626,92.637207,92.662247,92.685860,92.708115,92.729027,92.748611,92.766823,92.783623,92.799034,92.813011,92.825592,92.836754,92.846588,92.855171,92.862602,92.869019,92.874489,92.879128,92.883003,92.886147,92.888626,92.890411,92.891449,92.891731,92.891167,92.889771,92.887474,92.884239,92.880096,92.875114,92.869301,92.862762,92.855583,92.847816,92.839569,92.830833,92.821671,92.812088,92.802055,92.791519,92.780396,92.768738,92.756348,92.743256,92.729446,92.714928,92.699677,92.683769,92.667259,92.650208,92.632675,92.614738,92.596420,92.577713,92.558617,92.539101,92.519096,92.498543,92.477402,92.455559,92.432999,92.409691,92.385628,92.360832,92.335304,92.309113,92.282341,92.254997,92.227135,92.198776,92.169914,92.140541,92.110588,92.080002,92.048721,92.016617,91.983643,91.949738,91.914848,91.878990,91.842155,91.804314,91.765602,91.725990,91.685547,91.644264,91.602196,91.559296,91.515495,91.470757,91.424973,91.378082,91.329948,91.280464,91.229568,91.177208,91.123314,91.067894,91.010979,90.952545,90.892662,90.831284,90.768448,90.704140,90.638283,90.570801,90.501587,90.430489,90.357384,90.282127,90.204575,90.124580,90.042053,89.956917,89.869133,89.778625,89.685387,89.589394,89.490608,89.388947,89.284340,89.176666,89.065727,88.951347,88.833244,88.711235,88.585030,88.454361,88.319016,88.178757,88.033386,87.882729,87.726669,87.564972,87.397545,87.224121,87.044525,86.858398,86.665466,86.465302,86.257416,86.041359,85.816490,85.582306,85.338219,85.083687,84.818062,84.540840,84.251442,83.949326,83.633858,83.304398,82.960266,82.600609,82.224533,81.830971,81.418831,80.986778,80.533463,80.057472,79.557220,79.031174,78.477753,77.895340,77.282333,76.636993,75.957726,75.242722,74.490166,73.698105,72.864517,71.987221,71.064003,70.092537,69.070534,67.995705,66.865799,65.678604,64.431969,63.123619,61.750927,60.310638,58.798367,57.207970,55.530849,53.755077,51.864491,49.837917,50.000000
75.000000,71.907288,73.847633,75.450546,76.802246,77.965958,78.987350,79.899185,80.724648,81.480118,82.177238,82.824318,83.427559,83.991714,84.520554,85.017242,85.484474,85.924606,86.339668,86.731422,87.101349,87.450714,87.780617,88.092010,88.385712,88.662506,88.923233,89.168709,89.399788,89.617355,89.822395,90.015823,90.198593,90.371490,90.535362,90.690849,90.838547,90.978859,91.112160,91.238701,91.358650,91.472282,91.579666,91.681076,91.776794,91.867065,91.952240,92.032684,92.108810,92.180992,92.249565,92.314865,92.377083,92.436432,92.493011,92.546860,92.598022,92.646446,92.692146,92.735107,92.775383,92.813049,92.848228,92.881035,92.911766,92.940552,92.967613,92.993149,93.017319,93.040207,93.061867,93.082336,93.101601,93.119530,93.136162,93.151344,93.165070,93.177330,93.188126,93.197601,93.205765,93.212807,93.218842,93.223999,93.228439,93.232246,93.235420,93.238045,93.240089,93.241501,93.242157,93.242004,93.240974,93.239029,93.236092,93.232216,93.227417,93.221771,93.215416,93.208427,93.200920,93.192986,93.184700,93.176102,93.167152,93.157860,93.148109,93.137863,93.127014,93.115463,93.103165,93.090065,93.076210,93.061577,93.046272,93.030357,93.013939,92.997116,92.979935,92.962456,92.944695,92.926659,92.908287,92.889488,92.870171,92.850258,92.829643,92.808258,92.786079,92.763084,92.739304,92.714790,92.689613,92.663879,92.637642,92.610977,92.583923,92.556503,92.528610,92.500259,92.471329,92.441727,92.411331,92.380035,92.347778,92.314514,92.280212,92.244896,92.208603,92.171410,92.133392,92.094612,92.055130,92.014931,91.974037,91.932381,91.889877,91.846420,91.801880,91.756111,91.709007,91.660454,91.610405,91.558823,91.505684,91.451050,91.394966,91.337463,91.278618,91.218437,91.156921,91.094025,91.029640,90.963692,90.895943,90.826256,90.754478,90.680389,90.603897,90.524857,90.443184,90.358902,90.271919,90.182312,90.090057,89.995171,89.897629,89.797333,89.694176,89.587967,89.478508,89.365494,89.248680,89.127747,89.002411,88.872429,88.737556,88.597626,88.452477,88.301994,88.146072,87.984589,87.817352,87.644218,87.464897,87.279030,87.086197,86.885910,86.677650,86.460762,86.234657,85.998703,85.752289,85.494873,85.225876,84.944740,84.650970,84.344017,84.023262,83.688019,83.337509,82.970787,82.586769,82.184235,81.761787,81.317947,80.851112,80.359604,79.841698,79.295700,78.719826,78.112343,77.471466,76.795418,76.082260,75.330002,74.536469,73.699287,72.815910,71.883621,70.899498,69.860580,68.763733,67.605804,66.383621,65.093742,63.732292,62.294628,60.774563,59.163464,57.448902,55.612808,53.629131,51.460770,49.055676,50.000000
75.000000,71.098351,73.410049,75.265282,76.790771,78.076523,79.185806,80.162590,81.037270,81.830727,82.557510,83.227791,83.849113,84.427139,84.966476,85.470940,85.943825,86.387970,86.805794,87.199379,87.570412,87.920242,88.250084,88.560814,88.853256,89.128220,89.386475,89.628906,89.856407,90.069984,90.270714,90.459709,90.637993,90.806572,90.966324,91.117989,91.262146,91.399239,91.529564,91.653282,91.770569,91.881470,91.986160,92.084740,92.177505,92.264732,92.346802,92.424179,92.497261,92.566559,92.632462,92.695343,92.755440,92.812927,92.867874,92.920334,92.970222,93.017464,93.061966,93.103691,93.142639,93.178894,93.212593,93.243904,93.273109,93.300415,93.326134,93.350487,93.373634,93.395729,93.416832,93.436897,93.455872,93.473625,93.490074,93.505081,93.518578,93.530510,93.540924,93.549889,93.557526,93.563995,93.569519,93.574257,93.578407,93.582039,93.585258,93.588058,93.590431,93.592239,93.593376,93.593727,93.593140,93.591553,93.588921,93.585220,93.580551,93.574989,93.568680,93.561790,93.554428,93.546783,93.538887,93.530830,93.522606,93.514091,93.505249,93.495903,93.485985,93.475327,93.463829,93.451469,93.438225,93.424164,93.409386,93.393959,93.378082,93.361847,93.345375,93.328758,93.311981,93.295052,93.277901,93.260406,93.242416,93.223831,93.204483,93.184326,93.163261,93.141304,93.118500,93.094917,93.070694,93.045914,93.020714,92.995209,92.969467,92.943443,92.917152,92.890495,92.863319,92.835533,92.806923,92.777405,92.746849,92.715202,92.682434,92.648613,92.613762,92.578064,92.541565,92.504402,92.466637,92.428360,92.389542,92.350113,92.309952,92.268944,92.226883,92.183624,92.138992,92.092865,92.045174,91.995865,91.944984,91.892586,91.838768,91.783646,91.727264,91.669754,91.611092,91.551247,91.490112,91.427551,91.363335,91.297272,91.229134,91.158684,91.085770,91.010284,90.932129,90.851311,90.767868,90.681862,90.593369,90.502419,90.409042,90.313179,90.214729,90.113480,90.009201,89.901558,89.790222,89.674850,89.555122,89.430725,89.301437,89.167099,89.027573,88.882805,88.732742,88.577347,88.416527,88.250122,88.077904,87.899506,87.714516,87.522415,87.322540,87.114235,86.896835,86.669617,86.431946,86.183266,85.922997,85.650681,85.365829,85.067970,84.756584,84.431053,84.090614,83.734306,83.361053,82.969505,82.558182,82.125412,81.669426,81.188393,80.680351,80.143494,79.575897,78.975716,78.341118,77.670174,76.960892,76.211090,75.418434,74.580215,73.693512,72.755051,71.761299,70.708519,69.592789,68.410103,67.156288,65.826904,64.416954,62.920330,61.328899,59.631111,57.810040,55.840527,53.685448,51.290524,48.577629,50.000000
75.000000,70.911346,73.420700,75.403717,77.014641,78.360428,79.514488,80.526543,81.430000,82.247360,82.993797,83.680000,84.313759,84.901131,85.447166,85.956131,86.431831,86.877571,87.296150,87.689857,88.060600,88.409821,88.738609,89.047867,89.338310,89.610626,89.865585,90.104034,90.326935,90.535446,90.730820,90.914284,91.087128,91.250473,91.405342,91.552597,91.692795,91.826370,91.953529,92.074333,92.188828,92.296936,92.398735,92.494255,92.583771,92.667572,92.746101,92.819908,92.889503,92.955505,93.018364,93.078568,93.136368,93.191917,93.245270,93.296364,93.345047,93.391182,93.434555,93.475037,93.512627,93.547340,93.579346,93.608894,93.636299,93.661896,93.686012,93.708992,93.731003,93.752281,93.772789,93.792534,93.811317,93.829041,93.845451,93.860374,93.873672,93.885262,93.895164,93.903496,93.910423,93.916138,93.920967,93.925125,93.928825,93.932259,93.935509,93.938538,93.941307,93.943672,93.945419,93.946365,93.946327,93.945152,93.942802,93.939255,93.934578,93.928947,93.922539,93.915558,93.908264,93.900772,93.893265,93.885757,93.878258,93.870667,93.862839,93.854591,93.845711,93.836014,93.825386,93.813759,93.801125,93.787521,93.773109,93.758064,93.742569,93.726837,93.710999,93.695183,93.679428,93.663681,93.647858,93.631790,93.615265,93.598129,93.580177,93.561279,93.541359,93.520401,93.498466,93.475716,93.452278,93.428352,93.404099,93.379707,93.355225,93.330696,93.306076,93.281212,93.255974,93.230118,93.203484,93.175827,93.147026,93.117027,93.085762,93.053352,93.019859,92.985466,92.950386,92.914742,92.878700,92.842354,92.805641,92.768532,92.730873,92.692497,92.653107,92.612495,92.570488,92.526855,92.481552,92.434525,92.385811,92.335556,92.283913,92.231026,92.177078,92.122208,92.066429,92.009727,91.952011,91.893036,91.832581,91.770363,91.706055,91.639420,91.570236,91.498360,91.423714,91.346367,91.266380,91.183907,91.099091,91.012085,90.922913,90.831604,90.738052,90.642029,90.543243,90.441322,90.335823,90.226341,90.112503,89.993942,89.870384,89.741730,89.607903,89.468887,89.324760,89.175529,89.021248,88.861801,88.697037,88.526581,88.349991,88.166656,87.975868,87.776833,87.568794,87.350975,87.122658,86.883247,86.632195,86.369125,86.093666,85.805435,85.504036,85.188957,84.859489,84.514755,84.153595,83.774544,83.376007,82.956093,82.512817,82.044113,81.547867,81.022011,80.464546,79.873550,79.247078,78.583229,77.879951,77.135025,76.345879,75.509598,74.622803,73.681694,72.682068,71.619354,70.488792,69.285500,68.004440,66.640457,65.187973,63.640285,61.988705,60.220722,58.317642,56.251030,53.977661,51.432861,48.521168,50.000000
75.000000,71.455589,73.946953,75.906548,77.498085,78.832230,79.982544,80.997269,81.907722,82.734100,83.489876,84.184357,84.824600,85.416374,85.964806,86.474533,86.949768,87.394257,87.811226,88.203217,88.572250,88.919739,89.246681,89.553772,89.841499,90.110458,90.361214,90.594673,90.811874,91.014091,91.202789,91.379471,91.545670,91.702789,91.851982,91.994202,92.130066,92.259903,92.383827,92.501724,92.613449,92.718765,92.817551,92.909821,92.995750,93.075684,93.150131,93.219810,93.285370,93.347542,93.406982,93.464165,93.519508,93.573082,93.624924,93.674812,93.722496,93.767677,93.810020,93.849342,93.885483,93.918488,93.948578,93.976044,94.001305,94.024803,94.047035,94.068390,94.089165,94.109520,94.129532,94.149055,94.167892,94.185760,94.202324,94.217308,94.230469,94.241722,94.251022,94.258530,94.264488,94.269226,94.273079,94.276398,94.279533,94.282661,94.285912,94.289276,94.292580,94.295685,94.298248,94.299980,94.300613,94.299973,94.297905,94.294395,94.289604,94.283691,94.276947,94.269691,94.262215,94.254799,94.247589,94.240662,94.234024,94.227501,94.220879,94.213875,94.206238,94.197655,94.187981,94.177071,94.164940,94.151680,94.137466,94.122581,94.107300,94.091888,94.076584,94.061569,94.046860,94.032379,94.018028,94.003578,93.988754,93.973259,93.956818,93.939270,93.920479,93.900459,93.879288,93.857178,93.834343,93.811081,93.787643,93.764275,93.741043,93.718040,93.695183,93.672325,93.649185,93.625519,93.601013,93.575394,93.548447,93.520081,93.490265,93.459122,93.426804,93.393608,93.359741,93.325508,93.291092,93.256622,93.222130,93.187500,93.152550,93.117004,93.080559,93.042847,93.003593,92.962585,92.919662,92.874817,92.828186,92.779900,92.730240,92.679459,92.627838,92.575531,92.522690,92.469254,92.415108,92.360023,92.303627,92.245522,92.185349,92.122726,92.057404,91.989197,91.918053,91.844055,91.767395,91.688293,91.607040,91.523872,91.438927,91.352272,91.263817,91.173332,91.080421,90.984627,90.885414,90.782234,90.674606,90.562111,90.444489,90.321571,90.193436,90.060097,89.921829,89.778786,89.631088,89.478828,89.321823,89.159782,88.992195,88.818336,88.637413,88.448456,88.250580,88.042831,87.824471,87.594826,87.353455,87.099998,86.834259,86.556053,86.265144,85.961189,85.643639,85.311615,84.963943,84.599068,84.215164,83.810120,83.381660,82.927399,82.444984,81.932159,81.386765,80.806831,80.190414,79.535675,78.840652,78.103104,77.320404,76.489395,75.606354,74.666840,73.665886,72.598045,71.457565,70.238617,68.935417,67.542374,66.053802,64.463562,62.763893,60.943825,58.986401,56.864727,54.536293,51.935020,48.960373,50.000000
75.000000,72.753128,74.992699,76.768753,78.232903,79.483681,80.583405,81.570549,82.468361,83.290848,84.046890,84.742783,85.383812,85.974907,86.521088,87.027328,87.498344,87.938416,88.351166,88.739494,89.105377,89.450172,89.774582,90.078964,90.363510,90.628441,90.874237,91.101631,91.311798,91.506271,91.686737,91.855125,92.013298,92.162964,92.305550,92.442116,92.573280,92.699303,92.820099,92.935303,93.044464,93.147125,93.242928,93.331772,93.413742,93.489265,93.559013,93.623802,93.684601,93.742302,93.797783,93.851662,93.904327,93.955971,94.006439,94.055435,94.102448,94.147003,94.188560,94.226799,94.261467,94.292618,94.320465,94.345421,94.368042,94.389015,94.408920,94.428337,94.447670,94.467140,94.486717,94.506264,94.525421,94.543747,94.560791,94.576050,94.589211,94.600090,94.608665,94.615128,94.619820,94.623161,94.625694,94.627907,94.630196,94.632935,94.636208,94.639999,94.644119,94.648216,94.651901,94.654716,94.656258,94.656227,94.654434,94.650871,94.645737,94.639275,94.631882,94.624031,94.616142,94.608574,94.601601,94.595291,94.589638,94.584412,94.579277,94.573830,94.567673,94.560425,94.551796,94.541626,94.529922,94.516792,94.502541,94.487511,94.472137,94.456841,94.441902,94.427582,94.413940,94.400955,94.388329,94.375778,94.362915,94.349304,94.334618,94.318504,94.300873,94.281700,94.261086,94.239365,94.216850,94.194000,94.171143,94.148605,94.126610,94.105209,94.084320,94.063690,94.042976,94.021805,93.999687,93.976295,93.951302,93.924591,93.896126,93.866081,93.834694,93.802361,93.769485,93.736427,93.703506,93.670937,93.638710,93.606796,93.574814,93.542442,93.509232,93.474731,93.438469,93.400208,93.359711,93.316994,93.272209,93.225655,93.177689,93.128746,93.079224,93.029411,92.979477,92.929466,92.879181,92.828285,92.776321,92.722771,92.667084,92.608772,92.547485,92.482994,92.415253,92.344437,92.270828,92.194824,92.116882,92.037392,91.956619,91.874710,91.791603,91.707016,91.620483,91.531357,91.438965,91.342598,91.241592,91.135460,91.023865,90.906700,90.784081,90.656281,90.523659,90.386642,90.245514,90.100525,89.951622,89.798515,89.640602,89.477097,89.306961,89.129051,88.942207,88.745346,88.537575,88.318192,88.086800,87.843163,87.587311,87.319328,87.039246,86.746994,86.442184,86.124069,85.791405,85.442574,85.075417,84.687553,84.276291,83.838837,83.372559,82.874893,82.343559,81.776543,81.172050,80.528397,79.843826,79.116249,78.343124,77.521164,76.646233,75.713326,74.716553,73.649345,72.504799,71.275978,69.956284,68.539734,67.021126,65.395729,63.658520,61.802666,59.816856,57.681351,55.362125,52.802475,49.911449,50.000000
75.000000,74.724670,76.489441,77.934143,79.175240,80.282272,81.294357,82.231674,83.103500,83.913635,84.663887,85.356064,85.992905,86.578331,87.117294,87.615273,88.077721,88.509712,88.915428,89.298019,89.659492,90.000900,90.322464,90.624023,90.905159,91.165642,91.405670,91.625877,91.827553,92.012436,92.182800,92.340965,92.489388,92.630157,92.765076,92.895340,93.021614,93.143936,93.261963,93.374969,93.482048,93.582382,93.675362,93.760605,93.838203,93.908676,93.972832,94.031807,94.086868,94.139275,94.190117,94.240265,94.290192,94.340012,94.389450,94.438004,94.484894,94.529305,94.570480,94.607849,94.641060,94.670074,94.695236,94.717102,94.736481,94.754257,94.771271,94.788383,94.806046,94.824554,94.843941,94.863861,94.883820,94.903099,94.921036,94.936920,94.950256,94.960793,94.968468,94.973549,94.976494,94.977943,94.978622,94.979263,94.980446,94.982613,94.985947,94.990379,94.995628,95.001175,95.006432,95.010735,95.013489,95.014236,95.012749,95.008987,95.003189,94.995773,94.987297,94.978386,94.969696,94.961754,94.954903,94.949272,94.944817,94.941200,94.937958,94.934502,94.930244,94.924622,94.917206,94.907784,94.896301,94.883034,94.868362,94.852791,94.836922,94.821381,94.806602,94.792908,94.780457,94.769081,94.758537,94.748306,94.737823,94.726501,94.713806,94.699318,94.682831,94.664337,94.644035,94.622337,94.599754,94.576889,94.554276,94.532425,94.511566,94.491875,94.473152,94.455109,94.437248,94.418983,94.399651,94.378784,94.355934,94.330872,94.303627,94.274376,94.243530,94.211678,94.179375,94.147171,94.115570,94.084839,94.055046,94.026039,93.997452,93.968750,93.939255,93.908340,93.875412,93.840050,93.801987,93.761246,93.718048,93.672798,93.626106,93.578598,93.530853,93.483353,93.436378,93.389908,93.343811,93.297607,93.250641,93.202164,93.151466,93.097839,93.040787,92.980019,92.915558,92.847603,92.776657,92.703339,92.628296,92.552162,92.475433,92.398346,92.320847,92.242638,92.163071,92.081345,91.996529,91.907608,91.813744,91.714287,91.608833,91.497314,91.379959,91.257278,91.129883,90.998520,90.863770,90.726105,90.585571,90.441956,90.294594,90.142464,89.984276,89.818573,89.643867,89.458817,89.262337,89.053650,88.832382,88.598557,88.352501,88.094658,87.825508,87.545296,87.254005,86.950974,86.635002,86.304291,85.956375,85.588379,85.197067,84.779198,84.331566,83.851326,83.336067,82.783745,82.192848,81.561981,80.889862,80.174828,79.414536,78.605743,77.743988,76.823593,75.837547,74.777977,73.636391,72.404366,71.074112,69.639267,68.095200,66.439430,64.671120,62.790108,60.794685,58.678032,56.422791,53.993095,51.323311,50.000000
75.000000,77.185837,78.294907,79.295547,80.246620,81.172768,82.078384,82.957474,83.800011,84.596298,85.339149,86.024918,86.653587,87.228348,87.754509,88.238625,88.687431,89.107124,89.502663,89.877502,90.233574,90.571365,90.890381,91.189514,91.467529,91.723450,91.957016,92.168739,92.360069,92.533211,92.691002,92.836555,92.973000,93.103119,93.229141,93.352478,93.473755,93.592796,93.708817,93.820496,93.926376,94.025070,94.115540,94.197151,94.269920,94.334442,94.391884,94.443733,94.491791,94.537758,94.583122,94.629028,94.676079,94.724327,94.773338,94.822220,94.869820,94.914902,94.956276,94.993103,95.024841,95.051453,95.073326,95.091339,95.106529,95.120186,95.133575,95.147766,95.163467,95.181091,95.200562,95.221420,95.242821,95.263824,95.283325,95.300369,95.314186,95.324409,95.330917,95.334129,95.334671,95.333450,95.331589,95.330025,95.329666,95.331070,95.334541,95.339935,95.346825,95.354462,95.361938,95.368309,95.372742,95.374550,95.373375,95.369186,95.362289,95.353325,95.343102,95.332520,95.322495,95.313805,95.306923,95.302078,95.299118,95.297585,95.296852,95.296005,95.294189,95.290604,95.284660,95.275978,95.264572,95.250740,95.235069,95.218346,95.201393,95.185097,95.170135,95.156975,95.145775,95.136406,95.128387,95.121063,95.113586,95.105103,95.094810,95.082169,95.066841,95.048813,95.028412,95.006195,94.982941,94.959488,94.936668,94.915131,94.895363,94.877472,94.861290,94.846329,94.831924,94.817169,94.801231,94.783302,94.762802,94.739410,94.713120,94.684258,94.653435,94.621429,94.589104,94.557320,94.526726,94.497749,94.470551,94.444870,94.420212,94.395813,94.370705,94.343994,94.314857,94.282639,94.247009,94.207985,94.165886,94.121422,94.075394,94.028694,93.982254,93.936745,93.892624,93.849998,93.808533,93.767647,93.726410,93.683830,93.638802,93.590370,93.537849,93.480835,93.419373,93.353821,93.284897,93.213509,93.140739,93.067497,92.994530,92.922287,92.850777,92.779556,92.707840,92.634476,92.558189,92.477600,92.391548,92.299171,92.199913,92.093803,91.981216,91.862968,91.740097,91.613747,91.484947,91.354446,91.222572,91.089119,90.953316,90.813873,90.669113,90.517128,90.355942,90.183823,89.999359,89.801704,89.590584,89.366257,89.129478,88.881279,88.622726,88.354630,88.077400,87.790680,87.493271,87.183121,86.857346,86.512459,86.144455,85.749321,85.323265,84.862915,84.365677,83.829613,83.253578,82.636818,81.978752,81.278473,80.534241,79.743034,78.900200,77.999290,77.032021,75.988632,74.858566,73.631180,72.296898,70.848312,69.281281,67.595779,65.796211,63.891159,61.892040,59.810291,57.653080,55.416386,53.075317,50.000000
75.000000,79.854980,80.199997,80.700974,81.339699,82.082100,82.888390,83.719856,84.543266,85.333046,86.072098,86.751312,87.368584,87.927162,88.433815,88.897156,89.326073,89.728439,90.110283,90.475525,90.825706,91.160515,91.478165,91.776207,92.052063,92.303757,92.530373,92.732178,92.910889,93.069420,93.211426,93.341202,93.462868,93.580078,93.695747,93.811539,93.928024,94.044670,94.159973,94.271843,94.377945,94.476120,94.564674,94.642647,94.709938,94.767357,94.816483,94.859482,94.898758,94.936752,94.975517,95.016556,95.060669,95.107841,95.157295,95.207687,95.257278,95.304199,95.346718,95.383514,95.413857,95.437614,95.455399,95.468353,95.478073,95.486389,95.495018,95.505539,95.518921,95.535721,95.555771,95.578323,95.602264,95.626038,95.648117,95.667076,95.681839,95.691750,95.696777,95.697388,95.694603,95.689705,95.684189,95.679588,95.677032,95.677444,95.681145,95.687973,95.697243,95.707855,95.718536,95.727898,95.734650,95.737892,95.737068,95.732124,95.723526,95.712173,95.699257,95.686058,95.673935,95.663971,95.656860,95.652893,95.651901,95.653229,95.655815,95.658493,95.659966,95.659027,95.654854,95.646957,95.635284,95.620316,95.602867,95.584068,95.565201,95.547447,95.531837,95.519020,95.509247,95.502296,95.497551,95.493980,95.490372,95.485481,95.478226,95.467758,95.453583,95.435707,95.414597,95.391121,95.366295,95.341423,95.317680,95.296059,95.277206,95.261314,95.248146,95.237030,95.226906,95.216599,95.204834,95.190445,95.172607,95.150856,95.125229,95.096161,95.064529,95.031487,94.998299,94.966202,94.936180,94.908875,94.884453,94.862640,94.842705,94.823517,94.803787,94.782150,94.757408,94.728683,94.695473,94.657799,94.616211,94.571594,94.525246,94.478493,94.432625,94.388695,94.347382,94.308823,94.272659,94.237991,94.203590,94.167961,94.129570,94.087067,94.039444,93.986198,93.927322,93.863441,93.795570,93.725105,93.653603,93.582466,93.512856,93.445435,93.380318,93.316948,93.254196,93.190529,93.124115,93.053093,92.975800,92.890976,92.797966,92.696838,92.588181,92.473305,92.353783,92.231377,92.107719,91.984070,91.861053,91.738525,91.615593,91.490547,91.361176,91.224869,91.079002,90.921204,90.749680,90.563347,90.362053,90.146431,89.917892,89.678215,89.429375,89.173012,88.910179,88.640907,88.364128,88.077484,87.777451,87.459625,87.118988,86.750481,86.349319,85.911537,85.434196,84.915535,84.355034,83.752876,83.109718,82.425858,81.700615,80.931618,80.114212,79.241112,78.302422,77.285995,76.178223,74.965248,73.634491,72.176498,70.586632,68.866898,67.027283,65.086388,63.071346,61.016270,58.959465,56.938419,54.982483,50.000000
75.000000,82.372337,81.944199,81.966057,82.328262,82.927879,83.674133,84.491608,85.321564,86.121918,86.866035,87.540581,88.142891,88.678169,89.156441,89.589996,89.990974,90.369850,90.734207,91.088257,91.432999,91.766655,92.085556,92.385147,92.660912,92.909401,93.128685,93.318893,93.482094,93.622124,93.744141,93.853874,93.956978,94.058449,94.161980,94.269691,94.382019,94.497772,94.614525,94.728973,94.837532,94.936920,95.024544,95.098946,95.159950,95.208664,95.247307,95.278931,95.307007,95.334869,95.365486,95.400902,95.442085,95.488960,95.540276,95.593964,95.647453,95.697952,95.742958,95.780540,95.809547,95.829857,95.842346,95.848640,95.851051,95.852180,95.854546,95.860298,95.870895,95.886993,95.908348,95.933868,95.961792,95.989975,96.016083,96.038094,96.054390,96.064064,96.067085,96.064133,96.056625,96.046494,96.035912,96.026947,96.021378,96.020416,96.024559,96.033493,96.046227,96.061211,96.076508,96.090103,96.100197,96.105400,96.104958,96.098801,96.087585,96.072624,96.055626,96.038528,96.023193,96.011185,96.003555,96.000717,96.002350,96.007523,96.014732,96.022224,96.028145,96.030769,96.028877,96.021767,96.009392,95.992416,95.972046,95.949913,95.927856,95.907608,95.890648,95.877930,95.869804,95.866013,95.865494,95.866890,95.868439,95.868332,95.864967,95.857101,95.844109,95.825943,95.803268,95.777344,95.749725,95.722191,95.696556,95.674149,95.655998,95.642387,95.632904,95.626640,95.622108,95.617523,95.611076,95.601097,95.586418,95.566299,95.540810,95.510666,95.477066,95.441689,95.406403,95.372963,95.342850,95.316986,95.295685,95.278519,95.264397,95.251785,95.238800,95.223442,95.204071,95.179283,95.148468,95.111656,95.069572,95.023598,94.975540,94.927353,94.880989,94.837967,94.799271,94.765190,94.735184,94.708054,94.681969,94.654846,94.624496,94.588959,94.546806,94.497253,94.440392,94.377083,94.308853,94.237762,94.166061,94.095863,94.028900,93.966202,93.908005,93.853584,93.801430,93.749344,93.694717,93.634949,93.567635,93.491058,93.404320,93.307434,93.201485,93.088280,92.970306,92.850174,92.730415,92.612946,92.498894,92.388237,92.279854,92.171524,92.060173,91.942223,91.814079,91.672478,91.514931,91.340134,91.147972,90.939651,90.717422,90.484283,90.243423,89.997704,89.749153,89.498466,89.244682,88.985054,88.715233,88.429543,88.121483,87.784416,87.412216,86.999939,86.544197,86.043495,85.498192,84.909935,84.281227,83.614334,82.910393,82.168190,81.383446,80.548119,79.650291,78.674614,77.603287,76.417610,75.100220,73.637665,72.023155,70.259384,68.361061,66.357010,64.291389,62.223915,60.228832,58.392357,56.808479,50.000000
75.000000,84.329338,83.238258,82.892044,83.081490,83.629578,84.391495,85.253670,86.132034,86.969284,87.731354,88.403343,88.985054,89.486534,89.923805,90.315025,90.677475,91.025215,91.367821,91.709846,92.051056,92.387413,92.712318,93.018066,93.297371,93.544556,93.756470,93.932907,94.076637,94.193001,94.289116,94.373016,94.452560,94.534485,94.623741,94.722977,94.832336,94.949760,95.071335,95.192001,95.306419,95.409630,95.497864,95.568893,95.622475,95.660149,95.685188,95.701935,95.715302,95.730103,95.750473,95.779221,95.817657,95.865471,95.920761,95.980438,96.040634,96.097305,96.146774,96.186256,96.214081,96.230087,96.235535,96.232841,96.225319,96.216690,96.210579,96.210052,96.217201,96.232872,96.256660,96.286942,96.321114,96.355988,96.388268,96.414925,96.433670,96.443237,96.443497,96.435501,96.421341,96.403786,96.385918,96.370819,96.360992,96.358177,96.363029,96.375107,96.392937,96.414230,96.436180,96.455887,96.470741,96.478691,96.478661,96.470604,96.455467,96.435143,96.412102,96.389168,96.369003,96.353882,96.345352,96.343925,96.349182,96.359688,96.373375,96.387581,96.399620,96.407135,96.408234,96.401947,96.388191,96.367966,96.343025,96.315674,96.288628,96.264404,96.245102,96.232140,96.226028,96.226250,96.231491,96.239632,96.248184,96.254524,96.256287,96.251724,96.239883,96.220764,96.195312,96.165283,96.133003,96.101097,96.072029,96.047943,96.030159,96.019142,96.014397,96.014496,96.017349,96.020363,96.020905,96.016602,96.005714,95.987221,95.961227,95.928658,95.891388,95.851799,95.812584,95.776337,95.745148,95.720428,95.702637,95.691185,95.684540,95.680428,95.676140,95.668892,95.656158,95.636040,95.607605,95.570847,95.526886,95.477707,95.425911,95.374374,95.325897,95.282784,95.246445,95.217339,95.194756,95.176956,95.161415,95.145012,95.124680,95.097603,95.061661,95.015762,94.960030,94.895706,94.825035,94.751015,94.676933,94.605896,94.540512,94.482353,94.431763,94.387886,94.348541,94.310669,94.270538,94.224380,94.168877,94.101486,94.020920,93.927254,93.822090,93.708107,93.588928,93.468536,93.350624,93.238235,93.133110,93.035492,92.943932,92.855400,92.765739,92.669891,92.562775,92.439850,92.297691,92.134468,91.950218,91.746880,91.527931,91.298012,91.062164,90.824982,90.590034,90.358833,90.130768,89.902596,89.668762,89.421822,89.153069,88.853676,88.515495,88.132095,87.699432,87.216347,86.684387,86.107430,85.490692,84.839531,84.157875,83.446663,82.702599,81.917015,81.075592,80.158775,79.142891,78.002281,76.712212,75.252388,73.610992,71.788773,69.803154,67.691841,65.515762,63.361221,61.340897,59.594021,58.285435,50.000000
75.000000,85.305931,83.792732,83.287727,83.481445,84.122719,85.013527,86.004036,86.987534,87.895035,88.689217,89.358055,89.908386,90.359451,90.737030,91.068314,91.377884,91.684883,92.001259,92.331589,92.673553,93.019478,93.358284,93.677696,93.966370,94.215500,94.420212,94.580063,94.698883,94.784264,94.846329,94.896362,94.945396,95.002785,95.075127,95.165733,95.274307,95.397400,95.528946,95.661385,95.786713,95.897659,95.988686,96.056633,96.101128,96.124527,96.131470,96.128288,96.122055,96.119637,96.126816,96.147560,96.183609,96.234306,96.296738,96.366310,96.437386,96.504005,96.560867,96.603828,96.630669,96.641129,96.637032,96.621956,96.600670,96.578583,96.560898,96.551956,96.554726,96.570419,96.598328,96.636017,96.679672,96.724655,96.766167,96.799858,96.822372,96.831909,96.828316,96.813187,96.789505,96.761314,96.733109,96.709290,96.693451,96.688072,96.694107,96.710823,96.736099,96.766586,96.798172,96.826660,96.848251,96.860092,96.860588,96.849625,96.828659,96.800430,96.768494,96.736908,96.709656,96.689911,96.679863,96.680321,96.690590,96.708649,96.731422,96.755112,96.775833,96.790077,96.795174,96.789726,96.773651,96.748352,96.716385,96.681152,96.646523,96.616127,96.593056,96.579330,96.575668,96.581390,96.594513,96.611984,96.630165,96.645332,96.654053,96.653755,96.643082,96.622047,96.591995,96.555481,96.515923,96.477020,96.442459,96.415245,96.397362,96.389488,96.390907,96.399551,96.412376,96.425697,96.435661,96.438866,96.432739,96.415863,96.388329,96.351517,96.308075,96.261513,96.215729,96.174477,96.140831,96.116821,96.103127,96.098930,96.102043,96.109230,96.116539,96.119926,96.115784,96.101341,96.075203,96.037407,95.989563,95.934486,95.875954,95.818245,95.765350,95.720634,95.686211,95.662796,95.649406,95.643570,95.641632,95.639198,95.631760,95.615242,95.586632,95.544334,95.488449,95.420792,95.344627,95.264313,95.184608,95.110153,95.044701,94.990623,94.948639,94.917458,94.894112,94.874184,94.852417,94.823372,94.782234,94.725334,94.650810,94.558861,94.451645,94.333191,94.208786,94.084251,93.965126,93.855972,93.759575,93.676437,93.604736,93.540375,93.477425,93.408875,93.327484,93.226738,93.101799,92.950142,92.771851,92.569878,92.349487,92.117645,91.882019,91.649811,91.426682,91.215660,91.016533,90.825470,90.635231,90.435837,90.215454,89.962006,89.664375,89.313950,88.905632,88.438469,87.915848,87.344688,86.734352,86.094749,85.434158,84.757133,84.062317,83.340805,82.575615,81.741653,80.807350,79.737175,78.495354,77.050789,75.382423,73.484955,71.374832,69.095665,66.723053,64.368736,62.183815,60.361378,59.138954,50.000000
75.000000,84.912109,83.349678,82.994431,83.442688,84.374374,85.543083,86.767677,87.924332,88.938354,89.775528,90.433372,90.932091,91.306084,91.596054,91.842331,92.079697,92.333832,92.619598,92.940781,93.291504,93.658409,94.023781,94.368568,94.675537,94.931625,95.129608,95.268867,95.354996,95.399010,95.415436,95.420448,95.429466,95.455536,95.507660,95.589928,95.701347,95.836304,95.985619,96.137978,96.281654,96.406006,96.503036,96.568291,96.601311,96.605614,96.587997,96.557671,96.524811,96.499245,96.489182,96.500198,96.534569,96.591072,96.665398,96.750710,96.838676,96.920715,96.989098,97.037933,97.064003,97.067024,97.049736,97.017334,96.976822,96.935936,96.902176,96.881836,96.879036,96.895462,96.929970,96.978981,97.036865,97.096901,97.152107,97.196152,97.224327,97.233963,97.224960,97.199585,97.162254,97.118820,97.075813,97.039513,97.015190,97.006310,97.014191,97.037796,97.073936,97.117760,97.163322,97.204491,97.235832,97.253151,97.254196,97.238892,97.209328,97.169441,97.124481,97.080299,97.042587,97.015984,97.003609,97.006622,97.024010,97.052826,97.088524,97.125679,97.158623,97.182327,97.192902,97.188332,97.168556,97.135544,97.093063,97.046051,97.000031,96.960350,96.931458,96.916237,96.915718,96.928963,96.953041,96.983589,97.015320,97.042763,97.061035,97.066399,97.056915,97.032570,96.995316,96.948860,96.898117,96.848511,96.805351,96.772995,96.754341,96.750343,96.759972,96.780296,96.806900,96.834442,96.857361,96.870697,96.870735,96.855431,96.824883,96.781097,96.727921,96.670441,96.614250,96.564789,96.526611,96.502647,96.493881,96.499176,96.515396,96.537880,96.560928,96.578682,96.585915,96.578613,96.554710,96.514297,96.459579,96.394745,96.325226,96.257149,96.196419,96.147896,96.114723,96.097954,96.096260,96.106140,96.122330,96.138481,96.148094,96.145271,96.125603,96.086754,96.028885,95.954544,95.868462,95.776947,95.686935,95.605156,95.537170,95.486549,95.454384,95.438965,95.436119,95.439529,95.441673,95.434700,95.411621,95.367157,95.298546,95.205994,95.092659,94.964355,94.828735,94.694351,94.569389,94.460632,94.372330,94.305542,94.257904,94.223732,94.194710,94.160820,94.111778,94.038216,93.933151,93.792862,93.617615,93.411591,93.182617,92.940971,92.698166,92.465118,92.250664,92.059990,91.893646,91.747055,91.610596,91.470695,91.311089,91.114929,90.866699,90.554451,90.171349,89.716698,89.196228,88.621262,88.007034,87.370232,86.725883,86.084167,85.447289,84.806969,84.143242,83.424194,82.607658,81.644394,80.482895,79.075691,77.386559,75.398323,73.120934,70.598969,67.918640,65.213882,62.671619,60.536549,59.116295,50.000000
75.000000,82.830124,81.715363,81.911407,82.932785,84.399910,86.026268,87.607430,89.010529,90.163780,91.044983,91.670143,92.081543,92.336639,92.497795,92.623688,92.762848,92.949333,93.200836,93.519211,93.892502,94.298737,94.710129,95.097969,95.436607,95.706978,95.898872,96.011627,96.053864,96.041588,95.995949,95.940018,95.895782,95.881416,95.909195,95.984200,96.104248,96.260521,96.439163,96.623505,96.796333,96.942268,97.049889,97.112862,97.130775,97.108948,97.057434,96.989532,96.919975,96.862885,96.829933,96.828903,96.862801,96.929626,97.022812,97.132355,97.246048,97.351448,97.437340,97.495316,97.520844,97.513672,97.477852,97.420990,97.353279,97.285919,97.229744,97.193672,97.183701,97.201965,97.246796,97.312813,97.391861,97.474129,97.549454,97.608757,97.645203,97.655083,97.638306,97.598213,97.541245,97.475876,97.411598,97.357506,97.321098,97.307396,97.318214,97.351944,97.403961,97.467148,97.532913,97.592422,97.637703,97.662811,97.664505,97.642723,97.600525,97.543617,97.479660,97.417091,97.364113,97.327461,97.311638,97.318245,97.345772,97.389923,97.444153,97.500534,97.550934,97.587990,97.606140,97.602486,97.576958,97.532433,97.474350,97.409897,97.347069,97.293579,97.255844,97.238075,97.241753,97.265434,97.304962,97.353951,97.404793,97.449585,97.481186,97.494263,97.485962,97.456261,97.408028,97.346603,97.279106,97.213409,97.157196,97.116768,97.096298,97.097244,97.118103,97.154663,97.200493,97.247864,97.288818,97.316124,97.324341,97.310623,97.274963,97.220314,97.152222,97.078011,97.005844,96.943611,96.897881,96.872917,96.870247,96.888206,96.922356,96.965919,97.010704,97.048218,97.070831,97.072823,97.051117,97.005768,96.939995,96.859756,96.773010,96.688560,96.614983,96.559418,96.526436,96.517685,96.531273,96.562218,96.602974,96.644440,96.677109,96.692482,96.684143,96.648659,96.586136,96.500290,96.397903,96.288017,96.180809,96.086052,96.011856,95.963570,95.942902,95.947586,95.971642,96.006096,96.040138,96.062431,96.062828,96.033646,95.970741,95.874344,95.748970,95.602943,95.447380,95.294724,95.157051,95.044258,94.962952,94.914940,94.897141,94.901688,94.916763,94.928139,94.920982,94.881805,94.800400,94.671249,94.494690,94.276718,94.028595,93.765442,93.504181,93.261223,93.050041,92.879112,92.750206,92.657753,92.588966,92.525139,92.443588,92.320496,92.133911,91.866852,91.509651,91.061699,90.531776,89.937340,89.302048,88.652451,88.013672,87.404640,86.833611,86.294533,85.764427,85.202995,84.554321,83.750504,82.718018,81.385712,79.694283,77.606682,75.118591,72.268608,69.147499,65.906174,62.762650,60.008396,58.014973,50.000000
75.000000,78.853310,78.790535,80.020615,81.992554,84.279869,86.566628,88.635391,90.354950,91.667572,92.574890,93.123123,93.388062,93.460464,93.432999,93.389351,93.395927,93.497040,93.712883,94.040985,94.459671,94.933678,95.420662,95.877701,96.267387,96.562454,96.748772,96.826248,96.808044,96.717903,96.586571,96.447227,96.331207,96.263962,96.262207,96.332321,96.470085,96.661835,96.886971,97.120872,97.338524,97.517815,97.642357,97.703415,97.700821,97.642570,97.543472,97.422943,97.302246,97.201736,97.137962,97.121834,97.157318,97.241196,97.363602,97.509766,97.661972,97.802124,97.914085,97.985878,98.011086,97.989594,97.927391,97.835716,97.729279,97.624413,97.536667,97.478851,97.459412,97.481323,97.541939,97.633347,97.743599,97.858444,97.963188,98.044724,98.093246,98.103500,98.075439,98.014061,97.928719,97.831795,97.736954,97.657341,97.603783,97.583389,97.598709,97.647400,97.722595,97.813904,97.908951,97.994873,98.060265,98.096443,98.098862,98.067467,98.006752,97.925011,97.833351,97.744064,97.668892,97.617653,97.596718,97.608421,97.650513,97.716751,97.797585,97.881561,97.956886,98.012932,98.041748,98.039017,98.004776,97.943207,97.862160,97.772095,97.684532,97.610680,97.559784,97.537941,97.547295,97.585716,97.647156,97.722435,97.800507,97.869865,97.920288,97.944031,97.936897,97.898911,97.834221,97.750587,97.658234,97.568649,97.492882,97.440102,97.416344,97.423752,97.460167,97.519485,97.592461,97.667900,97.734245,97.781044,97.800446,97.788254,97.744438,97.673294,97.582764,97.483521,97.387283,97.305534,97.247833,97.220398,97.225441,97.260681,97.319687,97.392677,97.467850,97.532951,97.576874,97.591293,97.571701,97.518150,97.435188,97.331474,97.218422,97.108864,97.015167,96.947746,96.913406,96.914513,96.948502,97.008247,97.082886,97.159309,97.223778,97.263939,97.270409,97.238182,97.167297,97.062958,96.934959,96.796402,96.661957,96.545853,96.460037,96.412346,96.405426,96.436302,96.496437,96.573051,96.650513,96.712509,96.744240,96.734489,96.677147,96.572334,96.426414,96.251297,96.063095,95.879822,95.719124,95.595741,95.519409,95.493317,95.513382,95.568649,95.642410,95.714233,95.762741,95.768410,95.716255,95.598114,95.414062,95.172607,94.889923,94.587936,94.291397,94.024658,93.808083,93.654922,93.569069,93.543732,93.561752,93.597107,93.617920,93.590332,93.482887,93.270950,92.940361,92.490082,91.932968,91.294762,90.611130,89.922836,89.269882,88.684601,88.185226,87.770157,87.414192,87.067085,86.655083,86.085571,85.254883,84.058525,82.403687,80.222687,77.486809,74.219437,70.507812,66.512901,62.477718,58.734058,55.709320,50.000000
75.000000,72.917778,74.596382,77.408592,80.755371,84.176788,87.339424,90.024780,92.116226,93.584114,94.468758,94.861900,94.887360,94.682549,94.381500,94.100975,93.930435,93.926109,94.109474,94.469872,94.970299,95.555618,96.162056,96.726517,97.195030,97.529129,97.709770,97.738365,97.635277,97.435837,97.184845,96.930161,96.716377,96.579224,96.541588,96.611198,96.780655,97.029106,97.325897,97.634995,97.920067,98.149406,98.299721,98.359047,98.327690,98.217796,98.051239,97.856293,97.663795,97.502853,97.397118,97.361893,97.402405,97.513351,97.680168,97.881058,98.090309,98.281670,98.431976,98.524132,98.549103,98.507095,98.407013,98.265396,98.103638,97.945312,97.812912,97.724731,97.692764,97.721107,97.805603,97.934608,98.090706,98.253166,98.400711,98.514496,98.580429,98.591133,98.546654,98.454391,98.328033,98.185555,98.046715,97.930496,97.852470,97.822845,97.845146,97.915749,98.024704,98.156898,98.294312,98.418388,98.512642,98.564606,98.567810,98.522194,98.434380,98.316528,98.184654,98.056526,97.949211,97.876785,97.848473,97.867462,97.930573,98.028610,98.147774,98.271484,98.382568,98.465767,98.509567,98.507812,98.460533,98.373863,98.259224,98.131660,98.007965,97.904274,97.834007,97.805923,97.823097,97.882446,97.975204,98.088074,98.205055,98.309555,98.386688,98.425316,98.419373,98.368866,98.279831,98.163437,98.034531,97.909744,97.805031,97.733711,97.704521,97.720581,97.778778,97.870354,97.981880,98.097244,98.199615,98.273994,98.308884,98.298195,98.241882,98.146111,98.022346,97.885895,97.753899,97.642929,97.566780,97.534653,97.549736,97.608818,97.702652,97.817177,97.935318,98.039291,98.113113,98.144531,98.127029,98.060547,97.951653,97.812744,97.660294,97.512871,97.388512,97.302254,97.264099,97.277649,97.339333,97.438972,97.560966,97.686333,97.795280,97.869827,97.896294,97.867264,97.782646,97.649826,97.482880,97.300621,97.124359,96.974731,96.869171,96.819328,96.829285,96.894943,97.004318,97.139030,97.276596,97.393440,97.468056,97.483955,97.432129,97.312408,97.133713,96.913116,96.673775,96.441841,96.243042,96.099045,96.024391,96.024284,96.093483,96.216545,96.369781,96.523956,96.648155,96.714005,96.699493,96.592377,96.392143,96.110695,95.771095,95.404854,95.048172,94.736748,94.501083,94.361656,94.325645,94.384888,94.516159,94.683273,94.841080,94.941193,94.938148,94.795868,94.493118,94.027534,93.416939,92.698540,91.924690,91.156616,90.456032,89.875336,89.448502,89.182419,89.051102,88.992836,88.911400,88.681702,88.159332,87.194054,85.645760,83.402290,80.397240,76.626900,72.165031,67.174713,61.917145,56.758026,52.172516,50.000000
75.000000,65.124084,69.294266,74.285034,79.464661,84.351608,88.606552,92.022652,94.512756,96.092445,96.859512,96.970543,96.616348,95.997910,95.304718,94.696922,94.292839,94.162025,94.324593,94.755699,95.394569,96.156593,96.947014,97.673935,98.260391,98.652756,98.825989,98.784729,98.560493,98.205856,97.786247,97.370674,97.022636,96.792397,96.711105,96.788002,97.010567,97.347198,97.752495,98.173859,98.558846,98.861900,99.050224,99.107346,99.034744,98.850830,98.587791,98.286957,97.992844,97.747299,97.584061,97.524490,97.575386,97.728462,97.961922,98.243927,98.537010,98.803291,99.009438,99.131096,99.155678,99.083885,98.929138,98.715538,98.474350,98.239632,98.043770,97.913063,97.864449,97.903481,98.023788,98.208206,98.431374,98.663155,98.872818,99.033226,99.124176,99.135193,99.066673,98.929550,98.743805,98.535477,98.333275,98.164536,98.051636,98.009209,98.042099,98.144920,98.303062,98.494591,98.693321,98.872520,99.008247,99.082726,99.086609,99.020073,98.892761,98.722328,98.532097,98.347702,98.193817,98.090759,98.051788,98.081429,98.174911,98.318901,98.493347,98.674240,98.836807,98.958908,99.023972,99.023163,98.956604,98.833183,98.669441,98.487274,98.310928,98.163734,98.065041,98.027565,98.055702,98.144989,98.282692,98.449532,98.622375,98.777206,98.892548,98.952156,98.947411,98.878281,98.753418,98.589073,98.406685,98.230293,98.083031,97.984161,97.946419,97.974251,98.063278,98.200768,98.367401,98.539795,98.693718,98.807297,98.863953,98.854797,98.779716,98.647537,98.474838,98.283730,98.099014,97.944656,97.840767,97.800606,97.828979,97.921356,98.064438,98.237946,98.417191,98.576530,98.692612,98.747818,98.732460,98.646370,98.498917,98.307846,98.097069,97.893372,97.722862,97.607529,97.561958,97.591499,97.691307,97.846756,98.035469,98.230087,98.401901,98.524841,98.578941,98.553230,98.447311,98.271660,98.046463,97.798859,97.559494,97.358551,97.221367,97.165085,97.196075,97.308746,97.486153,97.701950,97.923759,98.117493,98.251839,98.302704,98.256584,98.112823,97.883919,97.594208,97.276985,96.970085,96.710953,96.531364,96.453079,96.484306,96.618202,96.833359,97.095932,97.364044,97.593056,97.741585,97.777367,97.681786,97.453392,97.108421,96.679588,96.212265,95.758736,95.371445,95.095551,94.962402,94.984344,95.151802,95.433235,95.778107,96.122452,96.396812,96.535187,96.484428,96.212242,95.713211,95.011398,94.159271,93.232544,92.321495,91.519081,90.907677,90.545410,90.453873,90.609123,90.936798,91.312698,91.569405,91.508362,90.917213,89.590691,87.353981,84.085915,79.740875,74.367195,68.121216,61.276352,54.227516,47.492214,50.000000
75.000000,55.746994,63.198029,70.997673,78.490341,85.180641,90.732574,94.963791,97.833481,99.423256,99.911987,99.546013,98.607506,97.383011,96.135391,95.080917,94.373535,94.096947,94.265114,94.829712,95.693901,96.729790,97.797905,98.765923,99.524734,100.000565,100.161316,100.017593,99.618256,99.041443,98.382645,97.741318,97.207939,96.852898,96.718643,96.815926,97.124054,97.595398,98.163040,98.750374,99.281693,99.691978,99.934944,99.988266,99.855515,99.564484,99.162727,98.710403,98.271935,97.907387,97.664787,97.574059,97.643944,97.861420,98.194191,98.595650,99.011330,99.386536,99.673447,99.837341,99.860794,99.745422,99.511307,99.193787,98.838257,98.494087,98.207886,98.017319,97.946457,98.002716,98.176407,98.442276,98.763344,99.095879,99.395477,99.623001,99.749649,99.760628,99.656807,99.454422,99.182541,98.879097,98.585518,98.341347,98.178734,98.118546,98.167458,98.317558,98.547333,98.824921,99.112450,99.371117,99.566521,99.673096,99.677452,99.580124,99.395195,99.148399,98.873474,98.607628,98.386429,98.239166,98.184921,98.230057,98.367569,98.578033,98.832375,99.095779,99.332481,99.510429,99.605766,99.605820,99.510796,99.333717,99.098503,98.836922,98.583977,98.373520,98.233459,98.182106,98.225800,98.358040,98.560364,98.804893,99.058075,99.285286,99.455376,99.544914,99.541344,99.444672,99.267433,99.033089,98.772751,98.521057,98.311554,98.172119,98.121223,98.165337,98.298149,98.501343,98.746971,99.001244,99.229073,99.398766,99.486351,99.478828,99.375977,99.190468,98.946159,98.675102,98.413055,98.194824,98.049492,97.996460,98.042747,98.181992,98.395081,98.652771,98.919456,99.157913,99.334419,99.423241,99.410278,99.295006,99.090790,98.823212,98.526634,98.239906,98.000877,97.841370,97.782928,97.833458,97.986237,98.220451,98.503891,98.797058,99.058472,99.250198,99.343201,99.321205,99.183327,98.944344,98.633072,98.288651,97.955444,97.677155,97.490822,97.421608,97.479225,97.656258,97.928612,98.258545,98.599533,98.902115,99.120903,99.220551,99.180954,99.000420,98.696396,98.303604,97.869781,97.449615,97.097542,96.860138,96.769669,96.839081,97.059639,97.401314,97.816078,98.243767,98.619934,98.884346,98.989372,98.907112,98.633980,98.192154,97.627800,97.005852,96.401878,95.892357,95.544014,95.404335,95.493797,95.801430,96.284561,96.872505,97.474434,97.990532,98.324913,98.398941,98.163239,97.606544,96.760170,95.697067,94.525284,93.375916,92.387047,91.684753,91.363831,91.469994,91.986298,92.825111,93.827873,94.772453,95.388664,95.380722,94.454834,92.349686,88.867371,83.901642,77.461273,69.686935,60.860012,51.403858,41.878765,50.000000
75.000000,45.233124,56.779701,68.044022,78.345078,87.173882,94.203102,99.287018,102.450417,103.866447,103.825089,102.694717,100.880539,98.783295,96.762314,95.105949,94.011543,93.576614,93.800995,94.598976,95.819603,97.272026,98.752945,100.073051,101.079216,101.670708,101.807564,101.511055,100.856445,99.959709,98.960014,98.000603,97.210114,96.687157,96.489372,96.628403,97.071037,97.745697,98.554039,99.384743,100.128769,100.693420,101.013695,101.059433,100.837837,100.391022,99.788933,99.119225,98.475014,97.942520,97.589973,97.459305,97.561623,97.876602,98.356499,98.933075,99.527328,100.060295,100.463440,100.687363,100.707825,100.528305,100.178673,99.710640,99.190308,98.689079,98.274040,97.999107,97.898384,97.981888,98.234802,98.620071,99.083725,99.562363,99.991943,100.316048,100.493523,100.503448,100.347725,100.050247,99.653488,99.212471,98.787186,98.434616,98.201042,98.116203,98.189400,98.408737,98.742760,99.145195,99.561119,99.934509,100.215714,100.367989,100.372337,100.229729,99.960884,99.603157,99.205528,98.821785,98.503342,98.292404,98.216347,98.284225,98.485626,98.792343,99.162170,99.544716,99.888222,100.146477,100.285049,100.285713,100.148911,99.893623,99.554573,99.177643,98.813599,98.511322,98.311089,98.239395,98.305336,98.499405,98.794846,99.151344,99.520401,99.851830,100.100594,100.232895,100.230515,100.093468,99.839928,99.503738,99.129913,98.768631,98.468407,98.269547,98.198784,98.265663,98.461060,98.758499,99.117668,99.489708,99.823853,100.074203,100.206047,100.200401,100.056824,99.793518,99.444939,99.057297,98.682327,98.370430,98.163811,98.090668,98.161423,98.367020,98.680046,99.058350,99.450485,99.802650,100.065887,100.202820,100.192726,100.034653,99.747559,99.368233,98.946281,98.537758,98.197540,97.971931,97.892372,97.970772,98.197784,98.543724,98.962242,99.396385,99.786179,100.076553,100.225060,100.207771,100.022812,99.691063,99.253700,98.767136,98.295372,97.901825,97.640465,97.548340,97.640221,97.906097,98.311897,98.803642,99.314262,99.772324,100.111732,100.280777,100.249504,100.014488,99.599937,99.055214,98.448845,97.859787,97.367020,97.038727,96.922668,97.039085,97.376892,97.894135,98.522507,99.175766,99.760757,100.189789,100.392845,100.327774,99.987343,99.401573,98.635475,97.781624,96.949005,96.248741,95.779251,95.611816,95.779617,96.270851,97.027672,97.951317,98.912857,99.768906,100.379951,100.629684,100.442497,99.796654,98.731628,97.347557,95.796814,94.267914,92.963142,92.072159,91.744484,92.064011,93.028816,94.538689,96.393044,98.299408,99.893379,100.767624,100.508812,98.737976,95.151649,89.559181,81.913017,72.329132,61.095821,48.670479,35.665741,50.000000
75.000000,34.187473,50.669670,66.082489,79.702591,90.997292,99.647667,105.555756,108.834358,109.780205,108.833298,106.526405,103.429520,100.095146,97.009155,94.552032,92.973518,92.382530,92.752220,93.938881,95.711494,97.788185,99.875061,101.703072,103.058731,103.805870,103.896378,103.369522,102.340683,100.981529,99.494644,98.085808,96.937805,96.188416,95.915596,96.130829,96.781326,97.760208,98.923088,100.108582,101.159927,101.945259,102.373337,102.403816,102.050194,101.375839,100.483688,99.501343,98.563293,97.793198,97.288017,97.106300,97.261894,97.723473,98.420319,99.252792,100.106384,100.867165,101.436920,101.745522,101.759384,101.484993,100.966881,100.280693,99.522560,98.795670,98.196602,97.802620,97.661896,97.787819,98.157982,98.717880,99.388954,100.079330,100.696426,101.159233,101.408791,101.415726,101.183517,100.747482,100.169533,99.529564,98.914345,98.406013,98.071167,97.952171,98.061951,98.382629,98.868324,99.451775,100.053429,100.592293,100.996857,101.214272,101.217506,101.008438,100.617363,100.098686,99.523293,98.969063,98.510239,98.207634,98.100555,98.201805,98.496010,98.942123,99.478981,100.033615,100.531212,100.905029,101.105400,101.106201,100.908302,100.539215,100.049362,99.505165,98.980072,98.544632,98.257195,98.155914,98.253777,98.537025,98.966911,99.485023,100.021187,100.502884,100.865021,101.058594,101.057404,100.861450,100.496941,100.012863,99.474304,98.953796,98.521523,98.235878,98.135605,98.234474,98.519501,98.952507,99.475166,100.016922,100.504326,100.870941,101.066360,101.063072,100.860184,100.483841,99.983727,99.426529,98.887123,98.438400,98.141586,98.037712,98.142120,98.442047,98.898186,99.449692,100.022324,100.538223,100.926506,101.132736,101.126617,100.906296,100.498810,99.956970,99.352303,98.765785,98.277016,97.953186,97.840240,97.956009,98.287582,98.792595,99.404442,100.040962,100.615417,101.047905,101.276505,101.265884,101.012573,100.545952,99.924957,99.230621,98.555504,97.991455,97.617081,97.486801,97.623116,98.012589,98.607025,99.329155,100.082451,100.763641,101.276657,101.545784,101.526512,101.212364,100.636894,99.870224,99.010597,98.171875,97.468582,97.000320,96.837860,97.012428,97.510246,98.272705,99.202843,100.176949,101.060516,101.725990,102.070320,102.030167,101.591980,100.796112,99.733665,98.536598,97.361534,96.369843,95.705864,95.476410,95.734215,96.467690,97.598816,98.989700,100.457466,101.796196,102.803162,103.306534,103.190773,102.416298,101.031067,99.170883,97.048897,94.933716,93.118729,91.885201,91.463409,91.996162,93.509209,95.892250,98.893875,102.131516,105.116592,107.293358,108.087479,106.960777,103.466225,97.298004,88.331512,76.649254,62.549759,46.538826,29.304090,50.000000
75.000000,0.000000,0.000000,0.000000,0.000000,0.000000,0.000000,0.000000,0.000000,0.000000,0.000000,0.000000,0.000000,0.000000,0.000000,0.000000,0.000000,0.000000,0.000000,0.000000,0.000000,0.000000,0.000000,0.000000,0.000000,0.000000,0.000000,0.000000,0.000000,0.000000,0.000000,0.000000,0.000000,0.000000,0.000000,0.000000,0.000000,0.000000,0.000000,0.000000,0.000000,0.000000,0.000000,0.000000,0.000000,0.000000,0.000000,0.000000,0.000000,0.000000,0.000000,0.000000,0.000000,0.000000,0.000000,0.000000,0.000000,0.000000,0.000000,0.000000,0.000000,0.000000,0.000000,0.000000,0.000000,0.000000,0.000000,0.000000,0.000000,0.000000,0.000000,0.000000,0.000000,0.000000,0.000000,0.000000,0.000000,0.000000,0.000000,0.000000,0.000000,0.000000,0.000000,0.000000,0.000000,0.000000,0.000000,0.000000,0.000000,0.000000,0.000000,0.000000,0.000000,0.000000,0.000000,0.000000,0.000000,0.000000,0.000000,0.000000,0.000000,0.000000,0.000000,0.000000,0.000000,0.000000,0.000000,0.000000,0.000000,0.000000,0.000000,0.000000,0.000000,0.000000,0.000000,0.000000,0.000000,0.000000,0.000000,0.000000,0.000000,0.000000,0.000000,0.000000,0.000000,0.000000,0.000000,0.000000,0.000000,0.000000,0.000000,0.000000,0.000000,0.000000,0.000000,0.000000,0.000000,0.000000,0.000000,0.000000,0.000000,0.000000,0.000000,0.000000,0.000000,0.000000,0.000000,0.000000,0.000000,0.000000,0.000000,0.000000,0.000000,0.000000,0.000000,0.000000,0.000000,0.000000,0.000000,0.000000,0.000000,0.000000,0.000000,0.000000,0.000000,0.000000,0.000000,0.000000,0.000000,0.000000,0.000000,0.000000,0.000000,0.000000,0.000000,0.000000,0.000000,0.000000,0.000000,0.000000,0.000000,0.000000,0.000000,0.000000,0.000000,0.000000,0.000000,0.000000,0.000000,0.000000,0.000000,0.000000,0.000000,0.000000,0.000000,0.000000,0.000000,0.000000,0.000000,0.000000,0.000000,0.000000,0.000000,0.000000,0.000000,0.000000,0.000000,0.000000,0.000000,0.000000,0.000000,0.000000,0.000000,0.000000,0.000000,0.000000,0.000000,0.000000,0.000000,0.000000,0.000000,0.000000,0.000000,0.000000,0.000000,0.000000,0.000000,0.000000,0.000000,0.000000,0.000000,0.000000,0.000000,0.000000,0.000000,0.000000,0.000000,0.000000,0.000000,0.000000,0.000000,0.000000,0.000000,0.000000,0.000000,0.000000,0.000000,0.000000,0.000000,0.000000,0.000000,0.000000,0.000000,0.000000,0.000000,50.000000
